Codi,Nom,Data,Precipitacio_mm
C6,Castellnou de Seana,2026-05-01,0.0
C7,Tàrrega,2026-05-01,0.0
C8,Cervera,2026-05-01,0.0
C9,Mas de Barberans,2026-05-01,1.6
CC,Orís,2026-05-01,0.0
CD,la Seu d'Urgell - Bellestar,2026-05-01,0.0
CE,els Hostalets de Pierola,2026-05-01,0.0
CG,Molló - Fabert,2026-05-01,0.0
CI,Sant Pau de Segúries,2026-05-01,0.0
CJ,Organyà,2026-05-01,0.0
CL,Sant Salvador de Guardiola,2026-05-01,0.0
CP,Sant Romà d'Abella,2026-05-01,0.0
CQ,Vilanova de Meià,2026-05-01,0.0
CR,la Quar,2026-05-01,0.0
CT,el Pont de Suert,2026-05-01,7.8
CW,l'Espluga de Francolí,2026-05-01,0.0
CY,Muntanyola,2026-05-01,0.0
D1,Margalef,2026-05-01,0.0
D2,Vacarisses,2026-05-01,0.0
D3,Vallirana,2026-05-01,0.0
D4,Roses,2026-05-01,0.0
D5,Barcelona - Observatori Fabra,2026-05-01,0.0
D6,Portbou - coll dels Belitres,2026-05-01,0.0
D7,Vinebre,2026-05-01,0.0
D8,Horta de Sant Joan,2026-05-01,0.0
D9,el Vendrell,2026-05-01,0.0
DB,el Perelló,2026-05-01,0.3
DF,la Bisbal d'Empordà,2026-05-01,0.0
DG,Núria (1.971 m),2026-05-01,0.0
DI,Font-rubí,2026-05-01,0.0
DJ,Banyoles,2026-05-01,0.0
DK,Torredembarra,2026-05-01,0.0
DL,Illa de Buda,2026-05-01,0.0
DN,Anglès,2026-05-01,0.0
DO,Castell d'Aro,2026-05-01,0.0
DP,Das - Aeròdrom,2026-05-01,0.0
DQ,Vila-rodona,2026-05-01,0.0
H1,Òdena,2026-05-01,0.0
J5,Pantà de Darnius - Boadella,2026-05-01,0.0
KE,Pantà de Sau,2026-05-01,0.0
KP,Fogars de la Selva,2026-05-01,0.0
KX,la Roca del Vallès - ETAP Cardedeu,2026-05-01,0.0
M6,Sant Joan de les Abadesses,2026-05-01,0.0
MQ,Cardona,2026-05-01,0.0
MR,Pantà de Siurana,2026-05-01,0.0
MS,Castellar de n'Hug - el Clot del Moro,2026-05-01,0.0
MV,Guixers - Valls,2026-05-01,0.0
MW,Navès,2026-05-01,0.0
U2,Sant Pere Pescador,2026-05-01,0.0
U3,Sant Martí Sarroca,2026-05-01,0.0
U4,Castellnou de Bages,2026-05-01,0.0
U6,Vinyols i els Arcs - Cambrils,2026-05-01,0.0
U7,Aldover,2026-05-01,0.7
U9,l'Aldea,2026-05-01,0.4
UA,l'Ametlla de Mar,2026-05-01,0.2
UB,la Tallada d'Empordà,2026-05-01,0.0
UE,Torroella de Montgrí,2026-05-01,0.0
UF,PN del Garraf - el Rascler,2026-05-01,0.0
UH,el Montmell,2026-05-01,0.0
UI,Gisclareny,2026-05-01,0.0
UJ,Santa Coloma de Queralt,2026-05-01,0.0
UK,Sant Pere de Ribes - PN del Garraf,2026-05-01,0.0
UM,la Granadella,2026-05-01,0.0
UN,Cassà de la Selva,2026-05-01,0.0
UO,Fornells de la Selva,2026-05-01,0.0
UP,Cabrils,2026-05-01,0.0
UQ,Dosrius - PN Montnegre Corredor,2026-05-01,0.0
US,les Cases d'Alcanar,2026-05-01,0.1
UU,Amposta,2026-05-01,0.0
UW,els Alfacs,2026-05-01,0.0
UX,Ulldecona - els Valentins,2026-05-01,2.2
UY,Os de Balaguer - el Monestir d'Avellanes,2026-05-01,0.0
V1,Vallfogona de Balaguer,2026-05-01,0.0
V4,Montesquiu,2026-05-01,0.0
V5,Perafita,2026-05-01,0.0
V8,el Poal,2026-05-01,0.0
VA,Ascó,2026-05-01,0.0
VB,Benissanet,2026-05-01,0.0
VC,Pantà de Riba-roja,2026-05-01,0.0
VD,el Canós,2026-05-01,0.0
VH,Gimenells,2026-05-01,0.0
VK,Raimat,2026-05-01,0.0
VM,Vilanova de Segrià,2026-05-01,0.0
VO,Lladurs,2026-05-01,0.0
VP,Pinós,2026-05-01,0.0
VQ,Constantí,2026-05-01,0.0
VS,Lac Redon (2.245 m),2026-05-01,10.4
VU,Rellinars,2026-05-01,0.0
VV,Sant Llorenç Savall,2026-05-01,0.0
VX,Tagamanent - PN del Montseny,2026-05-01,0.0
VY,Nulles,2026-05-01,0.0
VZ,Espolla,2026-05-01,0.0
W1,Castelló d'Empúries,2026-05-01,0.0
W4,Vilafranca del Penedès - la Granada,2026-05-01,0.0
W5,Oliana,2026-05-01,0.0
W8,Blancafort,2026-05-01,0.0
W9,la Vall d'en Bas,2026-05-01,0.0
WA,Oliola,2026-05-01,0.0
WB,Albesa,2026-05-01,0.0
WC,Golmés,2026-05-01,0.0
WG,Algerri,2026-05-01,0.1
WI,Maials,2026-05-01,0.0
WJ,el Masroig,2026-05-01,0.0
WK,Alfarràs,2026-05-01,0.0
WL,Sant Martí de Riucorb,2026-05-01,0.0
WM,Santuari de Queralt,2026-05-01,0.0
WN,Montserrat - Sant Dimes,2026-05-01,0.0
WO,la Bisbal del Penedès,2026-05-01,0.0
WP,Canaletes,2026-05-01,0.0
WQ,Montsec d'Ares (1.571 m),2026-05-01,0.0
WR,Torroja del Priorat,2026-05-01,0.0
WS,Viladrau,2026-05-01,0.0
WT,Malgrat de Mar,2026-05-01,0.0
WU,Badalona - Museu,2026-05-01,0.0
WV,Guardiola de Berguedà,2026-05-01,0.0
WW,Artés,2026-05-01,0.0
WX,Camarasa,2026-05-01,0.0
WZ,Cunit,2026-05-01,0.0
X1,Falset,2026-05-01,0.0
X3,Alguaire,2026-05-01,0.0
X4,Barcelona - el Raval,2026-05-01,0.0
X5,PN dels Ports,2026-05-01,8.1
X6,Baldomar,2026-05-01,0.0
X7,Torres de Segre,2026-05-01,0.0
X8,Barcelona - Zona Universitària,2026-05-01,0.0
X9,Caldes de Montbui,2026-05-01,0.0
XA,la Panadella,2026-05-01,0.0
XB,la Llacuna,2026-05-01,0.0
XC,Castellbisbal,2026-05-01,0.0
XD,Ulldemolins,2026-05-01,0.0
XE,Tarragona - Complex Educatiu,2026-05-01,0.0
XF,Sabadell - Parc Agrari,2026-05-01,0.0
XG,Parets del Vallès,2026-05-01,0.0
XH,Sort,2026-05-01,2.3
XI,Mollerussa,2026-05-01,0.0
XJ,Girona,2026-05-01,0.0
XK,Puig Sesolles (1.666 m),2026-05-01,0.0
XL,el Prat de Llobregat,2026-05-01,0.0
XM,els Alamús,2026-05-01,0.0
XN,Seròs,2026-05-01,0.0
XO,Vic,2026-05-01,0.0
XP,Gandesa,2026-05-01,0.0
XQ,Tremp,2026-05-01,0.0
XR,Prades,2026-05-01,0.0
XS,Santa Coloma de Farners,2026-05-01,0.0
XT,Solsona,2026-05-01,0.1
XU,Canyelles,2026-05-01,0.0
XV,Sant Cugat del Vallès - CAR,2026-05-01,0.0
XX,Anglesola - Tornabous,2026-05-01,0.0
XY,Alcarràs,2026-05-01,0.0
XZ,Torroella de Fluvià,2026-05-01,0.0
Y4,Alinyà,2026-05-01,0.0
Y5,Navata,2026-05-01,0.0
Y6,Tivissa,2026-05-01,0.4
YA,Puigcerdà,2026-05-01,0.0
YB,Olot,2026-05-01,0.0
YC,la Pobla de Segur,2026-05-01,0.0
YD,les Borges Blanques,2026-05-01,0.0
YE,Massoteres,2026-05-01,0.0
YF,Miami Platja,2026-05-01,0.2
YG,Tírvia,2026-05-01,1.4
YH,Pujalt,2026-05-01,0.0
YJ,Lleida - la Femosa,2026-05-01,0.0
YK,Terrassa,2026-05-01,0.0
YL,Riudecanyes,2026-05-01,0.0
YM,Granollers,2026-05-01,0.0
YN,Vielha - Elipòrt,2026-05-01,7.6
YO,Sant Sadurní d'Anoia,2026-05-01,0.0
YP,Palafrugell,2026-05-01,0.0
YQ,Port de Barcelona - ZAL Prat,2026-05-01,0.0
YR,Vilanova i la Geltrú,2026-05-01,0.0
YS,Cabanes,2026-05-01,0.0
YT,Bonabé (1.691 m),2026-05-01,3.0
YU,Cantonigròs,2026-05-01,0.0
YV,Mataró,2026-05-01,0.0
YX,Batea,2026-05-01,0.0
YY,Viladecans - les Filipines,2026-05-01,0.0
Z1,Bonaigua (2.262 m),2026-05-01,4.5
Z2,Boí (2.537 m),2026-05-01,5.4
Z3,Malniu (2.229 m),2026-05-01,0.0
Z5,Certascan (2.398 m),2026-05-01,0.8
Z6,Sasseuva (2.226 m),2026-05-01,2.9
Z7,Espot (2.519 m),2026-05-01,15.9
Z9,Cadí Nord (2.145 m) - Prat d'Aguiló,2026-05-01,2.5
ZB,Salòria (2.451 m),2026-05-01,1.7
ZC,Ulldeter (2.413 m),2026-05-01,0.0
ZE,el Port del Comte (2.288 m),2026-05-01,0.0
C6,Castellnou de Seana,2026-05-02,0.0
C7,Tàrrega,2026-05-02,3.0
C8,Cervera,2026-05-02,2.2
C9,Mas de Barberans,2026-05-02,2.3
CC,Orís,2026-05-02,1.5
CD,la Seu d'Urgell - Bellestar,2026-05-02,1.3
CE,els Hostalets de Pierola,2026-05-02,0.0
CG,Molló - Fabert,2026-05-02,1.5
CI,Sant Pau de Segúries,2026-05-02,2.0
CJ,Organyà,2026-05-02,1.9
CL,Sant Salvador de Guardiola,2026-05-02,0.2
CP,Sant Romà d'Abella,2026-05-02,3.7
CQ,Vilanova de Meià,2026-05-02,5.7
CR,la Quar,2026-05-02,0.7
CT,el Pont de Suert,2026-05-02,8.0
CW,l'Espluga de Francolí,2026-05-02,3.8
CY,Muntanyola,2026-05-02,0.0
D1,Margalef,2026-05-02,0.7
D2,Vacarisses,2026-05-02,0.0
D3,Vallirana,2026-05-02,0.0
D4,Roses,2026-05-02,0.0
D5,Barcelona - Observatori Fabra,2026-05-02,0.0
D6,Portbou - coll dels Belitres,2026-05-02,0.0
D7,Vinebre,2026-05-02,5.3
D8,Horta de Sant Joan,2026-05-02,0.1
D9,el Vendrell,2026-05-02,0.7
DB,el Perelló,2026-05-02,3.4
DF,la Bisbal d'Empordà,2026-05-02,0.0
DG,Núria (1.971 m),2026-05-02,4.3
DI,Font-rubí,2026-05-02,0.6
DJ,Banyoles,2026-05-02,0.0
DK,Torredembarra,2026-05-02,2.8
DL,Illa de Buda,2026-05-02,0.1
DN,Anglès,2026-05-02,0.0
DO,Castell d'Aro,2026-05-02,0.0
DP,Das - Aeròdrom,2026-05-02,0.1
DQ,Vila-rodona,2026-05-02,1.6
H1,Òdena,2026-05-02,0.4
J5,Pantà de Darnius - Boadella,2026-05-02,0.0
KE,Pantà de Sau,2026-05-02,0.0
KP,Fogars de la Selva,2026-05-02,0.0
KX,la Roca del Vallès - ETAP Cardedeu,2026-05-02,0.0
M6,Sant Joan de les Abadesses,2026-05-02,3.0
MQ,Cardona,2026-05-02,4.7
MR,Pantà de Siurana,2026-05-02,1.4
MS,Castellar de n'Hug - el Clot del Moro,2026-05-02,2.6
MV,Guixers - Valls,2026-05-02,3.9
MW,Navès,2026-05-02,3.9
U2,Sant Pere Pescador,2026-05-02,0.0
U3,Sant Martí Sarroca,2026-05-02,0.2
U4,Castellnou de Bages,2026-05-02,0.4
U6,Vinyols i els Arcs - Cambrils,2026-05-02,7.0
U7,Aldover,2026-05-02,6.7
U9,l'Aldea,2026-05-02,0.4
UA,l'Ametlla de Mar,2026-05-02,6.0
UB,la Tallada d'Empordà,2026-05-02,0.0
UE,Torroella de Montgrí,2026-05-02,0.0
UF,PN del Garraf - el Rascler,2026-05-02,0.0
UH,el Montmell,2026-05-02,2.0
UI,Gisclareny,2026-05-02,4.9
UJ,Santa Coloma de Queralt,2026-05-02,0.5
UK,Sant Pere de Ribes - PN del Garraf,2026-05-02,0.0
UM,la Granadella,2026-05-02,0.8
UN,Cassà de la Selva,2026-05-02,0.0
UO,Fornells de la Selva,2026-05-02,0.0
UP,Cabrils,2026-05-02,0.0
UQ,Dosrius - PN Montnegre Corredor,2026-05-02,0.0
US,les Cases d'Alcanar,2026-05-02,8.0
UU,Amposta,2026-05-02,0.1
UW,els Alfacs,2026-05-02,0.3
UX,Ulldecona - els Valentins,2026-05-02,6.8
UY,Os de Balaguer - el Monestir d'Avellanes,2026-05-02,4.3
V1,Vallfogona de Balaguer,2026-05-02,0.7
V4,Montesquiu,2026-05-02,2.1
V5,Perafita,2026-05-02,0.8
V8,el Poal,2026-05-02,0.1
VA,Ascó,2026-05-02,7.2
VB,Benissanet,2026-05-02,8.0
VC,Pantà de Riba-roja,2026-05-02,1.1
VD,el Canós,2026-05-02,3.5
VH,Gimenells,2026-05-02,5.9
VK,Raimat,2026-05-02,3.7
VM,Vilanova de Segrià,2026-05-02,5.2
VO,Lladurs,2026-05-02,2.4
VP,Pinós,2026-05-02,1.9
VQ,Constantí,2026-05-02,5.0
VS,Lac Redon (2.245 m),2026-05-02,9.2
VU,Rellinars,2026-05-02,0.0
VV,Sant Llorenç Savall,2026-05-02,0.0
VX,Tagamanent - PN del Montseny,2026-05-02,0.2
VY,Nulles,2026-05-02,3.8
VZ,Espolla,2026-05-02,0.0
W1,Castelló d'Empúries,2026-05-02,0.0
W4,Vilafranca del Penedès - la Granada,2026-05-02,0.0
W5,Oliana,2026-05-02,1.0
W8,Blancafort,2026-05-02,1.1
W9,la Vall d'en Bas,2026-05-02,0.0
WA,Oliola,2026-05-02,3.1
WB,Albesa,2026-05-02,4.7
WC,Golmés,2026-05-02,0.1
WG,Algerri,2026-05-02,6.5
WI,Maials,2026-05-02,3.0
WJ,el Masroig,2026-05-02,1.0
WK,Alfarràs,2026-05-02,9.0
WL,Sant Martí de Riucorb,2026-05-02,0.3
WM,Santuari de Queralt,2026-05-02,7.1
WN,Montserrat - Sant Dimes,2026-05-02,0.5
WO,la Bisbal del Penedès,2026-05-02,1.5
WP,Canaletes,2026-05-02,0.1
WQ,Montsec d'Ares (1.571 m),2026-05-02,11.4
WR,Torroja del Priorat,2026-05-02,0.8
WS,Viladrau,2026-05-02,0.0
WT,Malgrat de Mar,2026-05-02,0.0
WU,Badalona - Museu,2026-05-02,0.0
WV,Guardiola de Berguedà,2026-05-02,3.1
WW,Artés,2026-05-02,0.1
WX,Camarasa,2026-05-02,2.0
WZ,Cunit,2026-05-02,0.8
X1,Falset,2026-05-02,1.2
X3,Alguaire,2026-05-02,6.2
X4,Barcelona - el Raval,2026-05-02,0.0
X5,PN dels Ports,2026-05-02,16.0
X6,Baldomar,2026-05-02,1.4
X7,Torres de Segre,2026-05-02,2.5
X8,Barcelona - Zona Universitària,2026-05-02,0.0
X9,Caldes de Montbui,2026-05-02,0.0
XA,la Panadella,2026-05-02,2.3
XB,la Llacuna,2026-05-02,1.2
XC,Castellbisbal,2026-05-02,0.0
XD,Ulldemolins,2026-05-02,0.8
XE,Tarragona - Complex Educatiu,2026-05-02,6.7
XF,Sabadell - Parc Agrari,2026-05-02,0.1
XG,Parets del Vallès,2026-05-02,0.0
XH,Sort,2026-05-02,2.1
XI,Mollerussa,2026-05-02,0.0
XJ,Girona,2026-05-02,0.0
XK,Puig Sesolles (1.666 m),2026-05-02,0.1
XL,el Prat de Llobregat,2026-05-02,0.0
XM,els Alamús,2026-05-02,0.3
XN,Seròs,2026-05-02,9.5
XO,Vic,2026-05-02,0.0
XP,Gandesa,2026-05-02,4.0
XQ,Tremp,2026-05-02,2.5
XR,Prades,2026-05-02,2.5
XS,Santa Coloma de Farners,2026-05-02,0.0
XT,Solsona,2026-05-02,3.0
XU,Canyelles,2026-05-02,0.0
XV,Sant Cugat del Vallès - CAR,2026-05-02,0.0
XX,Anglesola - Tornabous,2026-05-02,1.1
XY,Alcarràs,2026-05-02,6.5
XZ,Torroella de Fluvià,2026-05-02,0.0
Y4,Alinyà,2026-05-02,1.5
Y5,Navata,2026-05-02,0.0
Y6,Tivissa,2026-05-02,11.0
YA,Puigcerdà,2026-05-02,0.3
YB,Olot,2026-05-02,0.0
YC,la Pobla de Segur,2026-05-02,2.3
YD,les Borges Blanques,2026-05-02,0.6
YE,Massoteres,2026-05-02,3.2
YF,Miami Platja,2026-05-02,40.3
YG,Tírvia,2026-05-02,0.9
YH,Pujalt,2026-05-02,2.1
YJ,Lleida - la Femosa,2026-05-02,4.6
YK,Terrassa,2026-05-02,0.0
YL,Riudecanyes,2026-05-02,11.5
YM,Granollers,2026-05-02,0.2
YN,Vielha - Elipòrt,2026-05-02,4.6
YO,Sant Sadurní d'Anoia,2026-05-02,0.0
YP,Palafrugell,2026-05-02,0.0
YQ,Port de Barcelona - ZAL Prat,2026-05-02,0.0
YR,Vilanova i la Geltrú,2026-05-02,0.0
YS,Cabanes,2026-05-02,0.0
YT,Bonabé (1.691 m),2026-05-02,3.0
YU,Cantonigròs,2026-05-02,0.1
YV,Mataró,2026-05-02,0.0
YX,Batea,2026-05-02,0.4
YY,Viladecans - les Filipines,2026-05-02,0.0
Z1,Bonaigua (2.262 m),2026-05-02,4.6
Z2,Boí (2.537 m),2026-05-02,11.1
Z3,Malniu (2.229 m),2026-05-02,2.3
Z5,Certascan (2.398 m),2026-05-02,4.6
Z6,Sasseuva (2.226 m),2026-05-02,0.3
Z7,Espot (2.519 m),2026-05-02,20.9
Z9,Cadí Nord (2.145 m) - Prat d'Aguiló,2026-05-02,5.1
ZB,Salòria (2.451 m),2026-05-02,7.7
ZC,Ulldeter (2.413 m),2026-05-02,5.8
ZE,el Port del Comte (2.288 m),2026-05-02,6.7
C6,Castellnou de Seana,2026-05-03,2.7
C7,Tàrrega,2026-05-03,3.5
C8,Cervera,2026-05-03,2.0
C9,Mas de Barberans,2026-05-03,11.3
CC,Orís,2026-05-03,0.6
CD,la Seu d'Urgell - Bellestar,2026-05-03,1.5
CE,els Hostalets de Pierola,2026-05-03,0.1
CG,Molló - Fabert,2026-05-03,2.9
CI,Sant Pau de Segúries,2026-05-03,2.0
CJ,Organyà,2026-05-03,2.2
CL,Sant Salvador de Guardiola,2026-05-03,0.1
CP,Sant Romà d'Abella,2026-05-03,2.9
CQ,Vilanova de Meià,2026-05-03,3.7
CR,la Quar,2026-05-03,0.3
CT,el Pont de Suert,2026-05-03,15.1
CW,l'Espluga de Francolí,2026-05-03,0.0
CY,Muntanyola,2026-05-03,1.3
D1,Margalef,2026-05-03,0.4
D2,Vacarisses,2026-05-03,0.3
D3,Vallirana,2026-05-03,0.6
D4,Roses,2026-05-03,0.0
D5,Barcelona - Observatori Fabra,2026-05-03,1.4
D6,Portbou - coll dels Belitres,2026-05-03,0.0
D7,Vinebre,2026-05-03,0.4
D8,Horta de Sant Joan,2026-05-03,1.0
D9,el Vendrell,2026-05-03,0.0
DB,el Perelló,2026-05-03,4.8
DF,la Bisbal d'Empordà,2026-05-03,0.0
DG,Núria (1.971 m),2026-05-03,16.6
DI,Font-rubí,2026-05-03,0.0
DJ,Banyoles,2026-05-03,0.0
DK,Torredembarra,2026-05-03,0.1
DL,Illa de Buda,2026-05-03,0.2
DN,Anglès,2026-05-03,0.0
DO,Castell d'Aro,2026-05-03,0.4
DP,Das - Aeròdrom,2026-05-03,1.1
DQ,Vila-rodona,2026-05-03,0.0
H1,Òdena,2026-05-03,0.0
J5,Pantà de Darnius - Boadella,2026-05-03,0.0
KE,Pantà de Sau,2026-05-03,0.0
KP,Fogars de la Selva,2026-05-03,0.0
KX,la Roca del Vallès - ETAP Cardedeu,2026-05-03,0.8
M6,Sant Joan de les Abadesses,2026-05-03,3.8
MQ,Cardona,2026-05-03,0.7
MR,Pantà de Siurana,2026-05-03,0.0
MS,Castellar de n'Hug - el Clot del Moro,2026-05-03,2.7
MV,Guixers - Valls,2026-05-03,3.2
MW,Navès,2026-05-03,0.9
U2,Sant Pere Pescador,2026-05-03,0.0
U3,Sant Martí Sarroca,2026-05-03,0.0
U4,Castellnou de Bages,2026-05-03,0.1
U6,Vinyols i els Arcs - Cambrils,2026-05-03,0.3
U7,Aldover,2026-05-03,5.3
U9,l'Aldea,2026-05-03,4.3
UA,l'Ametlla de Mar,2026-05-03,2.8
UB,la Tallada d'Empordà,2026-05-03,0.0
UE,Torroella de Montgrí,2026-05-03,0.7
UF,PN del Garraf - el Rascler,2026-05-03,1.0
UH,el Montmell,2026-05-03,0.2
UI,Gisclareny,2026-05-03,6.9
UJ,Santa Coloma de Queralt,2026-05-03,0.0
UK,Sant Pere de Ribes - PN del Garraf,2026-05-03,0.2
UM,la Granadella,2026-05-03,1.4
UN,Cassà de la Selva,2026-05-03,0.1
UO,Fornells de la Selva,2026-05-03,0.0
UP,Cabrils,2026-05-03,0.7
UQ,Dosrius - PN Montnegre Corredor,2026-05-03,1.8
US,les Cases d'Alcanar,2026-05-03,1.6
UU,Amposta,2026-05-03,2.2
UW,els Alfacs,2026-05-03,0.9
UX,Ulldecona - els Valentins,2026-05-03,14.1
UY,Os de Balaguer - el Monestir d'Avellanes,2026-05-03,2.8
V1,Vallfogona de Balaguer,2026-05-03,2.2
V4,Montesquiu,2026-05-03,0.9
V5,Perafita,2026-05-03,0.4
V8,el Poal,2026-05-03,3.8
VA,Ascó,2026-05-03,1.1
VB,Benissanet,2026-05-03,1.3
VC,Pantà de Riba-roja,2026-05-03,2.8
VD,el Canós,2026-05-03,4.0
VH,Gimenells,2026-05-03,5.1
VK,Raimat,2026-05-03,4.5
VM,Vilanova de Segrià,2026-05-03,3.0
VO,Lladurs,2026-05-03,1.0
VP,Pinós,2026-05-03,1.8
VQ,Constantí,2026-05-03,0.0
VS,Lac Redon (2.245 m),2026-05-03,10.1
VU,Rellinars,2026-05-03,1.2
VV,Sant Llorenç Savall,2026-05-03,0.7
VX,Tagamanent - PN del Montseny,2026-05-03,0.4
VY,Nulles,2026-05-03,0.2
VZ,Espolla,2026-05-03,0.0
W1,Castelló d'Empúries,2026-05-03,0.0
W4,Vilafranca del Penedès - la Granada,2026-05-03,2.3
W5,Oliana,2026-05-03,1.4
W8,Blancafort,2026-05-03,0.0
W9,la Vall d'en Bas,2026-05-03,1.1
WA,Oliola,2026-05-03,1.9
WB,Albesa,2026-05-03,2.5
WC,Golmés,2026-05-03,2.9
WG,Algerri,2026-05-03,2.6
WI,Maials,2026-05-03,4.5
WJ,el Masroig,2026-05-03,0.3
WK,Alfarràs,2026-05-03,3.5
WL,Sant Martí de Riucorb,2026-05-03,2.6
WM,Santuari de Queralt,2026-05-03,1.9
WN,Montserrat - Sant Dimes,2026-05-03,0.6
WO,la Bisbal del Penedès,2026-05-03,0.0
WP,Canaletes,2026-05-03,0.0
WQ,Montsec d'Ares (1.571 m),2026-05-03,7.5
WR,Torroja del Priorat,2026-05-03,0.6
WS,Viladrau,2026-05-03,0.3
WT,Malgrat de Mar,2026-05-03,0.1
WU,Badalona - Museu,2026-05-03,0.4
WV,Guardiola de Berguedà,2026-05-03,2.0
WW,Artés,2026-05-03,0.0
WX,Camarasa,2026-05-03,2.7
WZ,Cunit,2026-05-03,2.2
X1,Falset,2026-05-03,0.1
X3,Alguaire,2026-05-03,3.3
X4,Barcelona - el Raval,2026-05-03,0.5
X5,PN dels Ports,2026-05-03,6.9
X6,Baldomar,2026-05-03,2.2
X7,Torres de Segre,2026-05-03,4.7
X8,Barcelona - Zona Universitària,2026-05-03,0.9
X9,Caldes de Montbui,2026-05-03,0.0
XA,la Panadella,2026-05-03,0.1
XB,la Llacuna,2026-05-03,0.0
XC,Castellbisbal,2026-05-03,0.7
XD,Ulldemolins,2026-05-03,0.3
XE,Tarragona - Complex Educatiu,2026-05-03,0.4
XF,Sabadell - Parc Agrari,2026-05-03,0.0
XG,Parets del Vallès,2026-05-03,0.5
XH,Sort,2026-05-03,8.0
XI,Mollerussa,2026-05-03,3.6
XJ,Girona,2026-05-03,0.0
XK,Puig Sesolles (1.666 m),2026-05-03,0.8
XL,el Prat de Llobregat,2026-05-03,0.3
XM,els Alamús,2026-05-03,5.6
XN,Seròs,2026-05-03,5.5
XO,Vic,2026-05-03,1.1
XP,Gandesa,2026-05-03,0.9
XQ,Tremp,2026-05-03,5.3
XR,Prades,2026-05-03,0.0
XS,Santa Coloma de Farners,2026-05-03,0.0
XT,Solsona,2026-05-03,1.2
XU,Canyelles,2026-05-03,3.0
XV,Sant Cugat del Vallès - CAR,2026-05-03,0.7
XX,Anglesola - Tornabous,2026-05-03,2.9
XY,Alcarràs,2026-05-03,4.4
XZ,Torroella de Fluvià,2026-05-03,0.0
Y4,Alinyà,2026-05-03,2.5
Y5,Navata,2026-05-03,0.0
Y6,Tivissa,2026-05-03,0.4
YA,Puigcerdà,2026-05-03,1.7
YB,Olot,2026-05-03,0.9
YC,la Pobla de Segur,2026-05-03,5.8
YD,les Borges Blanques,2026-05-03,4.3
YE,Massoteres,2026-05-03,2.2
YF,Miami Platja,2026-05-03,1.5
YG,Tírvia,2026-05-03,6.1
YH,Pujalt,2026-05-03,2.4
YJ,Lleida - la Femosa,2026-05-03,4.9
YK,Terrassa,2026-05-03,0.1
YL,Riudecanyes,2026-05-03,1.6
YM,Granollers,2026-05-03,1.0
YN,Vielha - Elipòrt,2026-05-03,4.9
YO,Sant Sadurní d'Anoia,2026-05-03,1.0
YP,Palafrugell,2026-05-03,1.5
YQ,Port de Barcelona - ZAL Prat,2026-05-03,1.5
YR,Vilanova i la Geltrú,2026-05-03,0.4
YS,Cabanes,2026-05-03,0.0
YT,Bonabé (1.691 m),2026-05-03,5.1
YU,Cantonigròs,2026-05-03,1.4
YV,Mataró,2026-05-03,1.9
YX,Batea,2026-05-03,1.3
YY,Viladecans - les Filipines,2026-05-03,0.1
Z1,Bonaigua (2.262 m),2026-05-03,8.4
Z2,Boí (2.537 m),2026-05-03,23.0
Z3,Malniu (2.229 m),2026-05-03,7.2
Z5,Certascan (2.398 m),2026-05-03,11.4
Z6,Sasseuva (2.226 m),2026-05-03,0.9
Z7,Espot (2.519 m),2026-05-03,32.7
Z9,Cadí Nord (2.145 m) - Prat d'Aguiló,2026-05-03,8.9
ZB,Salòria (2.451 m),2026-05-03,10.9
ZC,Ulldeter (2.413 m),2026-05-03,19.5
ZE,el Port del Comte (2.288 m),2026-05-03,5.9
C6,Castellnou de Seana,2026-05-04,10.4
C7,Tàrrega,2026-05-04,6.2
C8,Cervera,2026-05-04,7.4
C9,Mas de Barberans,2026-05-04,8.0
CC,Orís,2026-05-04,7.4
CD,la Seu d'Urgell - Bellestar,2026-05-04,16.5
CE,els Hostalets de Pierola,2026-05-04,1.7
CG,Molló - Fabert,2026-05-04,8.8
CI,Sant Pau de Segúries,2026-05-04,7.2
CJ,Organyà,2026-05-04,32.7
CL,Sant Salvador de Guardiola,2026-05-04,24.7
CP,Sant Romà d'Abella,2026-05-04,20.2
CQ,Vilanova de Meià,2026-05-04,9.3
CR,la Quar,2026-05-04,16.3
CT,el Pont de Suert,2026-05-04,14.3
CW,l'Espluga de Francolí,2026-05-04,14.6
CY,Muntanyola,2026-05-04,9.4
D1,Margalef,2026-05-04,2.1
D2,Vacarisses,2026-05-04,1.8
D3,Vallirana,2026-05-04,4.0
D4,Roses,2026-05-04,0.0
D5,Barcelona - Observatori Fabra,2026-05-04,1.7
D6,Portbou - coll dels Belitres,2026-05-04,9.4
D7,Vinebre,2026-05-04,3.1
D8,Horta de Sant Joan,2026-05-04,4.8
D9,el Vendrell,2026-05-04,1.1
DB,el Perelló,2026-05-04,6.4
DF,la Bisbal d'Empordà,2026-05-04,1.9
DG,Núria (1.971 m),2026-05-04,9.8
DI,Font-rubí,2026-05-04,4.9
DJ,Banyoles,2026-05-04,3.2
DK,Torredembarra,2026-05-04,1.5
DL,Illa de Buda,2026-05-04,1.4
DN,Anglès,2026-05-04,1.9
DO,Castell d'Aro,2026-05-04,1.8
DP,Das - Aeròdrom,2026-05-04,14.2
DQ,Vila-rodona,2026-05-04,5.0
H1,Òdena,2026-05-04,25.5
J5,Pantà de Darnius - Boadella,2026-05-04,13.4
KE,Pantà de Sau,2026-05-04,5.9
KP,Fogars de la Selva,2026-05-04,5.0
KX,la Roca del Vallès - ETAP Cardedeu,2026-05-04,2.1
M6,Sant Joan de les Abadesses,2026-05-04,7.4
MQ,Cardona,2026-05-04,20.2
MR,Pantà de Siurana,2026-05-04,4.2
MS,Castellar de n'Hug - el Clot del Moro,2026-05-04,11.2
MV,Guixers - Valls,2026-05-04,12.0
MW,Navès,2026-05-04,15.2
U2,Sant Pere Pescador,2026-05-04,0.0
U3,Sant Martí Sarroca,2026-05-04,4.6
U4,Castellnou de Bages,2026-05-04,10.1
U6,Vinyols i els Arcs - Cambrils,2026-05-04,2.3
U7,Aldover,2026-05-04,7.9
U9,l'Aldea,2026-05-04,4.0
UA,l'Ametlla de Mar,2026-05-04,6.2
UB,la Tallada d'Empordà,2026-05-04,1.3
UE,Torroella de Montgrí,2026-05-04,3.8
UF,PN del Garraf - el Rascler,2026-05-04,0.6
UH,el Montmell,2026-05-04,8.6
UI,Gisclareny,2026-05-04,13.9
UJ,Santa Coloma de Queralt,2026-05-04,18.3
UK,Sant Pere de Ribes - PN del Garraf,2026-05-04,0.8
UM,la Granadella,2026-05-04,5.1
UN,Cassà de la Selva,2026-05-04,3.6
UO,Fornells de la Selva,2026-05-04,2.7
UP,Cabrils,2026-05-04,3.0
UQ,Dosrius - PN Montnegre Corredor,2026-05-04,2.4
US,les Cases d'Alcanar,2026-05-04,5.6
UU,Amposta,2026-05-04,1.6
UW,els Alfacs,2026-05-04,1.9
UX,Ulldecona - els Valentins,2026-05-04,15.7
UY,Os de Balaguer - el Monestir d'Avellanes,2026-05-04,9.0
V1,Vallfogona de Balaguer,2026-05-04,5.5
V4,Montesquiu,2026-05-04,10.5
V5,Perafita,2026-05-04,11.0
V8,el Poal,2026-05-04,4.8
VA,Ascó,2026-05-04,5.1
VB,Benissanet,2026-05-04,1.4
VC,Pantà de Riba-roja,2026-05-04,2.3
VD,el Canós,2026-05-04,7.9
VH,Gimenells,2026-05-04,18.6
VK,Raimat,2026-05-04,14.3
VM,Vilanova de Segrià,2026-05-04,11.4
VO,Lladurs,2026-05-04,11.9
VP,Pinós,2026-05-04,9.2
VQ,Constantí,2026-05-04,5.7
VS,Lac Redon (2.245 m),2026-05-04,7.1
VU,Rellinars,2026-05-04,1.7
VV,Sant Llorenç Savall,2026-05-04,4.9
VX,Tagamanent - PN del Montseny,2026-05-04,4.8
VY,Nulles,2026-05-04,4.5
VZ,Espolla,2026-05-04,7.7
W1,Castelló d'Empúries,2026-05-04,0.6
W4,Vilafranca del Penedès - la Granada,2026-05-04,5.6
W5,Oliana,2026-05-04,8.2
W8,Blancafort,2026-05-04,23.4
W9,la Vall d'en Bas,2026-05-04,9.6
WA,Oliola,2026-05-04,5.1
WB,Albesa,2026-05-04,16.3
WC,Golmés,2026-05-04,8.5
WG,Algerri,2026-05-04,7.3
WI,Maials,2026-05-04,14.8
WJ,el Masroig,2026-05-04,6.0
WK,Alfarràs,2026-05-04,4.6
WL,Sant Martí de Riucorb,2026-05-04,15.9
WM,Santuari de Queralt,2026-05-04,15.1
WN,Montserrat - Sant Dimes,2026-05-04,2.1
WO,la Bisbal del Penedès,2026-05-04,4.0
WP,Canaletes,2026-05-04,3.5
WQ,Montsec d'Ares (1.571 m),2026-05-04,11.5
WR,Torroja del Priorat,2026-05-04,1.8
WS,Viladrau,2026-05-04,4.6
WT,Malgrat de Mar,2026-05-04,3.0
WU,Badalona - Museu,2026-05-04,3.2
WV,Guardiola de Berguedà,2026-05-04,11.4
WW,Artés,2026-05-04,16.5
WX,Camarasa,2026-05-04,11.8
WZ,Cunit,2026-05-04,2.3
X1,Falset,2026-05-04,3.1
X3,Alguaire,2026-05-04,6.6
X4,Barcelona - el Raval,2026-05-04,4.1
X5,PN dels Ports,2026-05-04,9.6
X6,Baldomar,2026-05-04,8.3
X7,Torres de Segre,2026-05-04,12.4
X8,Barcelona - Zona Universitària,2026-05-04,1.5
X9,Caldes de Montbui,2026-05-04,2.8
XA,la Panadella,2026-05-04,15.3
XB,la Llacuna,2026-05-04,2.6
XC,Castellbisbal,2026-05-04,3.3
XD,Ulldemolins,2026-05-04,3.3
XE,Tarragona - Complex Educatiu,2026-05-04,2.0
XF,Sabadell - Parc Agrari,2026-05-04,2.1
XG,Parets del Vallès,2026-05-04,2.7
XH,Sort,2026-05-04,6.1
XI,Mollerussa,2026-05-04,8.1
XJ,Girona,2026-05-04,0.9
XK,Puig Sesolles (1.666 m),2026-05-04,3.8
XL,el Prat de Llobregat,2026-05-04,1.7
XM,els Alamús,2026-05-04,8.7
XN,Seròs,2026-05-04,10.5
XO,Vic,2026-05-04,15.8
XP,Gandesa,2026-05-04,5.0
XQ,Tremp,2026-05-04,8.5
XR,Prades,2026-05-04,7.4
XS,Santa Coloma de Farners,2026-05-04,0.4
XT,Solsona,2026-05-04,6.4
XU,Canyelles,2026-05-04,1.5
XV,Sant Cugat del Vallès - CAR,2026-05-04,2.3
XX,Anglesola - Tornabous,2026-05-04,6.9
XY,Alcarràs,2026-05-04,12.2
XZ,Torroella de Fluvià,2026-05-04,0.2
Y4,Alinyà,2026-05-04,35.8
Y5,Navata,2026-05-04,4.1
Y6,Tivissa,2026-05-04,11.3
YA,Puigcerdà,2026-05-04,12.4
YB,Olot,2026-05-04,6.1
YC,la Pobla de Segur,2026-05-04,9.9
YD,les Borges Blanques,2026-05-04,16.5
YE,Massoteres,2026-05-04,11.2
YF,Miami Platja,2026-05-04,3.4
YG,Tírvia,2026-05-04,7.9
YH,Pujalt,2026-05-04,5.4
YJ,Lleida - la Femosa,2026-05-04,11.2
YK,Terrassa,2026-05-04,2.7
YL,Riudecanyes,2026-05-04,6.3
YM,Granollers,2026-05-04,2.7
YN,Vielha - Elipòrt,2026-05-04,5.6
YO,Sant Sadurní d'Anoia,2026-05-04,6.2
YP,Palafrugell,2026-05-04,1.5
YQ,Port de Barcelona - ZAL Prat,2026-05-04,3.5
YR,Vilanova i la Geltrú,2026-05-04,0.9
YS,Cabanes,2026-05-04,6.9
YT,Bonabé (1.691 m),2026-05-04,4.5
YU,Cantonigròs,2026-05-04,19.7
YV,Mataró,2026-05-04,3.2
YX,Batea,2026-05-04,3.9
YY,Viladecans - les Filipines,2026-05-04,1.7
Z1,Bonaigua (2.262 m),2026-05-04,7.3
Z2,Boí (2.537 m),2026-05-04,11.2
Z3,Malniu (2.229 m),2026-05-04,31.1
Z5,Certascan (2.398 m),2026-05-04,12.0
Z6,Sasseuva (2.226 m),2026-05-04,8.2
Z7,Espot (2.519 m),2026-05-04,9.5
Z9,Cadí Nord (2.145 m) - Prat d'Aguiló,2026-05-04,30.7
ZB,Salòria (2.451 m),2026-05-04,18.8
ZC,Ulldeter (2.413 m),2026-05-04,6.6
ZE,el Port del Comte (2.288 m),2026-05-04,26.1
C6,Castellnou de Seana,2026-05-05,0.0
C7,Tàrrega,2026-05-05,0.0
C8,Cervera,2026-05-05,0.0
C9,Mas de Barberans,2026-05-05,8.4
CC,Orís,2026-05-05,2.6
CD,la Seu d'Urgell - Bellestar,2026-05-05,1.2
CE,els Hostalets de Pierola,2026-05-05,8.3
CG,Molló - Fabert,2026-05-05,15.9
CI,Sant Pau de Segúries,2026-05-05,3.8
CJ,Organyà,2026-05-05,9.3
CL,Sant Salvador de Guardiola,2026-05-05,0.7
CP,Sant Romà d'Abella,2026-05-05,5.4
CQ,Vilanova de Meià,2026-05-05,0.0
CR,la Quar,2026-05-05,0.5
CT,el Pont de Suert,2026-05-05,0.9
CW,l'Espluga de Francolí,2026-05-05,2.2
CY,Muntanyola,2026-05-05,3.8
D1,Margalef,2026-05-05,7.1
D2,Vacarisses,2026-05-05,8.0
D3,Vallirana,2026-05-05,1.9
D4,Roses,2026-05-05,7.4
D5,Barcelona - Observatori Fabra,2026-05-05,0.5
D6,Portbou - coll dels Belitres,2026-05-05,12.8
D7,Vinebre,2026-05-05,0.2
D8,Horta de Sant Joan,2026-05-05,1.3
D9,el Vendrell,2026-05-05,2.3
DB,el Perelló,2026-05-05,1.2
DF,la Bisbal d'Empordà,2026-05-05,0.1
DG,Núria (1.971 m),2026-05-05,11.7
DI,Font-rubí,2026-05-05,6.3
DJ,Banyoles,2026-05-05,16.6
DK,Torredembarra,2026-05-05,0.0
DL,Illa de Buda,2026-05-05,0.6
DN,Anglès,2026-05-05,8.3
DO,Castell d'Aro,2026-05-05,3.3
DP,Das - Aeròdrom,2026-05-05,2.2
DQ,Vila-rodona,2026-05-05,14.3
H1,Òdena,2026-05-05,1.6
J5,Pantà de Darnius - Boadella,2026-05-05,46.2
KE,Pantà de Sau,2026-05-05,12.5
KP,Fogars de la Selva,2026-05-05,0.9
KX,la Roca del Vallès - ETAP Cardedeu,2026-05-05,0.3
M6,Sant Joan de les Abadesses,2026-05-05,10.3
MQ,Cardona,2026-05-05,1.9
MR,Pantà de Siurana,2026-05-05,1.7
MS,Castellar de n'Hug - el Clot del Moro,2026-05-05,7.2
MV,Guixers - Valls,2026-05-05,1.4
MW,Navès,2026-05-05,2.2
U2,Sant Pere Pescador,2026-05-05,0.5
U3,Sant Martí Sarroca,2026-05-05,5.3
U4,Castellnou de Bages,2026-05-05,3.1
U6,Vinyols i els Arcs - Cambrils,2026-05-05,0.5
U7,Aldover,2026-05-05,3.7
U9,l'Aldea,2026-05-05,9.6
UA,l'Ametlla de Mar,2026-05-05,1.3
UB,la Tallada d'Empordà,2026-05-05,0.0
UE,Torroella de Montgrí,2026-05-05,0.0
UF,PN del Garraf - el Rascler,2026-05-05,1.3
UH,el Montmell,2026-05-05,5.5
UI,Gisclareny,2026-05-05,0.7
UJ,Santa Coloma de Queralt,2026-05-05,0.5
UK,Sant Pere de Ribes - PN del Garraf,2026-05-05,0.7
UM,la Granadella,2026-05-05,13.9
UN,Cassà de la Selva,2026-05-05,0.1
UO,Fornells de la Selva,2026-05-05,0.1
UP,Cabrils,2026-05-05,0.0
UQ,Dosrius - PN Montnegre Corredor,2026-05-05,0.1
US,les Cases d'Alcanar,2026-05-05,2.5
UU,Amposta,2026-05-05,13.5
UW,els Alfacs,2026-05-05,1.2
UX,Ulldecona - els Valentins,2026-05-05,12.6
UY,Os de Balaguer - el Monestir d'Avellanes,2026-05-05,0.1
V1,Vallfogona de Balaguer,2026-05-05,0.1
V4,Montesquiu,2026-05-05,1.1
V5,Perafita,2026-05-05,2.2
V8,el Poal,2026-05-05,0.1
VA,Ascó,2026-05-05,0.2
VB,Benissanet,2026-05-05,1.8
VC,Pantà de Riba-roja,2026-05-05,0.2
VD,el Canós,2026-05-05,0.0
VH,Gimenells,2026-05-05,0.3
VK,Raimat,2026-05-05,0.1
VM,Vilanova de Segrià,2026-05-05,0.2
VO,Lladurs,2026-05-05,2.5
VP,Pinós,2026-05-05,1.9
VQ,Constantí,2026-05-05,0.9
VS,Lac Redon (2.245 m),2026-05-05,0.3
VU,Rellinars,2026-05-05,22.8
VV,Sant Llorenç Savall,2026-05-05,10.5
VX,Tagamanent - PN del Montseny,2026-05-05,3.6
VY,Nulles,2026-05-05,7.6
VZ,Espolla,2026-05-05,17.4
W1,Castelló d'Empúries,2026-05-05,10.4
W4,Vilafranca del Penedès - la Granada,2026-05-05,0.7
W5,Oliana,2026-05-05,0.6
W8,Blancafort,2026-05-05,3.0
W9,la Vall d'en Bas,2026-05-05,1.4
WA,Oliola,2026-05-05,2.0
WB,Albesa,2026-05-05,0.2
WC,Golmés,2026-05-05,0.0
WG,Algerri,2026-05-05,0.2
WI,Maials,2026-05-05,3.7
WJ,el Masroig,2026-05-05,0.1
WK,Alfarràs,2026-05-05,0.1
WL,Sant Martí de Riucorb,2026-05-05,0.2
WM,Santuari de Queralt,2026-05-05,0.5
WN,Montserrat - Sant Dimes,2026-05-05,21.3
WO,la Bisbal del Penedès,2026-05-05,2.1
WP,Canaletes,2026-05-05,6.9
WQ,Montsec d'Ares (1.571 m),2026-05-05,0.3
WR,Torroja del Priorat,2026-05-05,1.8
WS,Viladrau,2026-05-05,10.8
WT,Malgrat de Mar,2026-05-05,0.1
WU,Badalona - Museu,2026-05-05,0.0
WV,Guardiola de Berguedà,2026-05-05,5.8
WW,Artés,2026-05-05,9.9
WX,Camarasa,2026-05-05,0.1
WZ,Cunit,2026-05-05,1.0
X1,Falset,2026-05-05,0.5
X3,Alguaire,2026-05-05,0.1
X4,Barcelona - el Raval,2026-05-05,0.0
X5,PN dels Ports,2026-05-05,13.0
X6,Baldomar,2026-05-05,0.1
X7,Torres de Segre,2026-05-05,0.9
X8,Barcelona - Zona Universitària,2026-05-05,0.1
X9,Caldes de Montbui,2026-05-05,20.1
XA,la Panadella,2026-05-05,2.4
XB,la Llacuna,2026-05-05,4.9
XC,Castellbisbal,2026-05-05,0.8
XD,Ulldemolins,2026-05-05,4.2
XE,Tarragona - Complex Educatiu,2026-05-05,0.0
XF,Sabadell - Parc Agrari,2026-05-05,7.0
XG,Parets del Vallès,2026-05-05,0.4
XH,Sort,2026-05-05,0.5
XI,Mollerussa,2026-05-05,0.0
XJ,Girona,2026-05-05,4.4
XK,Puig Sesolles (1.666 m),2026-05-05,2.2
XL,el Prat de Llobregat,2026-05-05,0.4
XM,els Alamús,2026-05-05,0.2
XN,Seròs,2026-05-05,4.9
XO,Vic,2026-05-05,2.7
XP,Gandesa,2026-05-05,1.2
XQ,Tremp,2026-05-05,0.4
XR,Prades,2026-05-05,2.5
XS,Santa Coloma de Farners,2026-05-05,1.0
XT,Solsona,2026-05-05,1.9
XU,Canyelles,2026-05-05,3.3
XV,Sant Cugat del Vallès - CAR,2026-05-05,0.8
XX,Anglesola - Tornabous,2026-05-05,0.1
XY,Alcarràs,2026-05-05,0.9
XZ,Torroella de Fluvià,2026-05-05,0.7
Y4,Alinyà,2026-05-05,3.8
Y5,Navata,2026-05-05,13.7
Y6,Tivissa,2026-05-05,2.4
YA,Puigcerdà,2026-05-05,2.4
YB,Olot,2026-05-05,1.4
YC,la Pobla de Segur,2026-05-05,1.0
YD,les Borges Blanques,2026-05-05,0.5
YE,Massoteres,2026-05-05,1.1
YF,Miami Platja,2026-05-05,0.7
YG,Tírvia,2026-05-05,0.3
YH,Pujalt,2026-05-05,0.5
YJ,Lleida - la Femosa,2026-05-05,0.4
YK,Terrassa,2026-05-05,5.1
YL,Riudecanyes,2026-05-05,0.3
YM,Granollers,2026-05-05,0.2
YN,Vielha - Elipòrt,2026-05-05,0.1
YO,Sant Sadurní d'Anoia,2026-05-05,0.7
YP,Palafrugell,2026-05-05,8.6
YQ,Port de Barcelona - ZAL Prat,2026-05-05,0.1
YR,Vilanova i la Geltrú,2026-05-05,1.6
YS,Cabanes,2026-05-05,8.1
YT,Bonabé (1.691 m),2026-05-05,2.9
YU,Cantonigròs,2026-05-05,5.6
YV,Mataró,2026-05-05,0.2
YX,Batea,2026-05-05,0.6
YY,Viladecans - les Filipines,2026-05-05,0.0
Z1,Bonaigua (2.262 m),2026-05-05,0.3
Z2,Boí (2.537 m),2026-05-05,0.6
Z3,Malniu (2.229 m),2026-05-05,1.2
Z5,Certascan (2.398 m),2026-05-05,0.6
Z6,Sasseuva (2.226 m),2026-05-05,2.3
Z7,Espot (2.519 m),2026-05-05,5.4
Z9,Cadí Nord (2.145 m) - Prat d'Aguiló,2026-05-05,3.0
ZB,Salòria (2.451 m),2026-05-05,4.8
ZC,Ulldeter (2.413 m),2026-05-05,11.7
ZE,el Port del Comte (2.288 m),2026-05-05,3.2
C6,Castellnou de Seana,2026-05-06,0.0
C7,Tàrrega,2026-05-06,0.0
C8,Cervera,2026-05-06,0.0
C9,Mas de Barberans,2026-05-06,0.0
CC,Orís,2026-05-06,3.2
CD,la Seu d'Urgell - Bellestar,2026-05-06,0.4
CE,els Hostalets de Pierola,2026-05-06,0.1
CG,Molló - Fabert,2026-05-06,30.5
CI,Sant Pau de Segúries,2026-05-06,10.6
CJ,Organyà,2026-05-06,0.2
CL,Sant Salvador de Guardiola,2026-05-06,0.0
CP,Sant Romà d'Abella,2026-05-06,0.0
CQ,Vilanova de Meià,2026-05-06,0.0
CR,la Quar,2026-05-06,0.0
CT,el Pont de Suert,2026-05-06,0.0
CW,l'Espluga de Francolí,2026-05-06,0.0
CY,Muntanyola,2026-05-06,0.0
D1,Margalef,2026-05-06,0.2
D2,Vacarisses,2026-05-06,0.0
D3,Vallirana,2026-05-06,0.0
D4,Roses,2026-05-06,3.3
D5,Barcelona - Observatori Fabra,2026-05-06,0.0
D6,Portbou - coll dels Belitres,2026-05-06,4.9
D7,Vinebre,2026-05-06,0.0
D8,Horta de Sant Joan,2026-05-06,0.0
D9,el Vendrell,2026-05-06,0.0
DB,el Perelló,2026-05-06,0.0
DF,la Bisbal d'Empordà,2026-05-06,9.2
DG,Núria (1.971 m),2026-05-06,11.7
DI,Font-rubí,2026-05-06,0.0
DJ,Banyoles,2026-05-06,0.0
DK,Torredembarra,2026-05-06,0.0
DL,Illa de Buda,2026-05-06,0.0
DN,Anglès,2026-05-06,0.0
DO,Castell d'Aro,2026-05-06,2.5
DP,Das - Aeròdrom,2026-05-06,5.1
DQ,Vila-rodona,2026-05-06,0.0
H1,Òdena,2026-05-06,0.0
J5,Pantà de Darnius - Boadella,2026-05-06,28.8
KE,Pantà de Sau,2026-05-06,0.1
KP,Fogars de la Selva,2026-05-06,0.1
KX,la Roca del Vallès - ETAP Cardedeu,2026-05-06,0.0
M6,Sant Joan de les Abadesses,2026-05-06,5.8
MQ,Cardona,2026-05-06,0.0
MR,Pantà de Siurana,2026-05-06,0.2
MS,Castellar de n'Hug - el Clot del Moro,2026-05-06,6.7
MV,Guixers - Valls,2026-05-06,0.0
MW,Navès,2026-05-06,0.0
U2,Sant Pere Pescador,2026-05-06,12.0
U3,Sant Martí Sarroca,2026-05-06,0.0
U4,Castellnou de Bages,2026-05-06,0.0
U6,Vinyols i els Arcs - Cambrils,2026-05-06,0.0
U7,Aldover,2026-05-06,0.0
U9,l'Aldea,2026-05-06,0.0
UA,l'Ametlla de Mar,2026-05-06,0.0
UB,la Tallada d'Empordà,2026-05-06,1.6
UE,Torroella de Montgrí,2026-05-06,12.3
UF,PN del Garraf - el Rascler,2026-05-06,0.0
UH,el Montmell,2026-05-06,0.0
UI,Gisclareny,2026-05-06,5.0
UJ,Santa Coloma de Queralt,2026-05-06,0.0
UK,Sant Pere de Ribes - PN del Garraf,2026-05-06,0.0
UM,la Granadella,2026-05-06,0.0
UN,Cassà de la Selva,2026-05-06,9.0
UO,Fornells de la Selva,2026-05-06,0.1
UP,Cabrils,2026-05-06,1.6
UQ,Dosrius - PN Montnegre Corredor,2026-05-06,5.8
US,les Cases d'Alcanar,2026-05-06,0.0
UU,Amposta,2026-05-06,0.0
UW,els Alfacs,2026-05-06,0.0
UX,Ulldecona - els Valentins,2026-05-06,0.0
UY,Os de Balaguer - el Monestir d'Avellanes,2026-05-06,0.0
V1,Vallfogona de Balaguer,2026-05-06,0.0
V4,Montesquiu,2026-05-06,2.3
V5,Perafita,2026-05-06,0.0
V8,el Poal,2026-05-06,0.0
VA,Ascó,2026-05-06,0.0
VB,Benissanet,2026-05-06,0.0
VC,Pantà de Riba-roja,2026-05-06,0.0
VD,el Canós,2026-05-06,0.0
VH,Gimenells,2026-05-06,0.0
VK,Raimat,2026-05-06,0.0
VM,Vilanova de Segrià,2026-05-06,0.0
VO,Lladurs,2026-05-06,0.0
VP,Pinós,2026-05-06,0.1
VQ,Constantí,2026-05-06,0.0
VS,Lac Redon (2.245 m),2026-05-06,9.7
VU,Rellinars,2026-05-06,0.0
VV,Sant Llorenç Savall,2026-05-06,0.0
VX,Tagamanent - PN del Montseny,2026-05-06,0.0
VY,Nulles,2026-05-06,0.0
VZ,Espolla,2026-05-06,18.4
W1,Castelló d'Empúries,2026-05-06,14.4
W4,Vilafranca del Penedès - la Granada,2026-05-06,0.1
W5,Oliana,2026-05-06,0.0
W8,Blancafort,2026-05-06,0.0
W9,la Vall d'en Bas,2026-05-06,2.8
WA,Oliola,2026-05-06,0.0
WB,Albesa,2026-05-06,0.0
WC,Golmés,2026-05-06,0.0
WG,Algerri,2026-05-06,0.0
WI,Maials,2026-05-06,0.1
WJ,el Masroig,2026-05-06,0.1
WK,Alfarràs,2026-05-06,0.0
WL,Sant Martí de Riucorb,2026-05-06,0.0
WM,Santuari de Queralt,2026-05-06,0.0
WN,Montserrat - Sant Dimes,2026-05-06,0.0
WO,la Bisbal del Penedès,2026-05-06,0.0
WP,Canaletes,2026-05-06,0.0
WQ,Montsec d'Ares (1.571 m),2026-05-06,0.0
WR,Torroja del Priorat,2026-05-06,0.0
WS,Viladrau,2026-05-06,0.1
WT,Malgrat de Mar,2026-05-06,6.3
WU,Badalona - Museu,2026-05-06,0.0
WV,Guardiola de Berguedà,2026-05-06,1.4
WW,Artés,2026-05-06,0.1
WX,Camarasa,2026-05-06,0.0
WZ,Cunit,2026-05-06,0.0
X1,Falset,2026-05-06,0.0
X3,Alguaire,2026-05-06,0.0
X4,Barcelona - el Raval,2026-05-06,0.0
X5,PN dels Ports,2026-05-06,0.0
X6,Baldomar,2026-05-06,0.0
X7,Torres de Segre,2026-05-06,0.0
X8,Barcelona - Zona Universitària,2026-05-06,0.0
X9,Caldes de Montbui,2026-05-06,0.0
XA,la Panadella,2026-05-06,0.0
XB,la Llacuna,2026-05-06,0.0
XC,Castellbisbal,2026-05-06,0.0
XD,Ulldemolins,2026-05-06,0.1
XE,Tarragona - Complex Educatiu,2026-05-06,0.0
XF,Sabadell - Parc Agrari,2026-05-06,0.0
XG,Parets del Vallès,2026-05-06,0.0
XH,Sort,2026-05-06,0.8
XI,Mollerussa,2026-05-06,0.0
XJ,Girona,2026-05-06,1.0
XK,Puig Sesolles (1.666 m),2026-05-06,0.0
XL,el Prat de Llobregat,2026-05-06,0.0
XM,els Alamús,2026-05-06,0.0
XN,Seròs,2026-05-06,0.0
XO,Vic,2026-05-06,0.0
XP,Gandesa,2026-05-06,0.0
XQ,Tremp,2026-05-06,0.0
XR,Prades,2026-05-06,0.1
XS,Santa Coloma de Farners,2026-05-06,0.1
XT,Solsona,2026-05-06,0.0
XU,Canyelles,2026-05-06,0.0
XV,Sant Cugat del Vallès - CAR,2026-05-06,0.0
XX,Anglesola - Tornabous,2026-05-06,0.0
XY,Alcarràs,2026-05-06,0.1
XZ,Torroella de Fluvià,2026-05-06,22.0
Y4,Alinyà,2026-05-06,0.0
Y5,Navata,2026-05-06,6.2
Y6,Tivissa,2026-05-06,0.0
YA,Puigcerdà,2026-05-06,4.0
YB,Olot,2026-05-06,2.4
YC,la Pobla de Segur,2026-05-06,0.0
YD,les Borges Blanques,2026-05-06,0.0
YE,Massoteres,2026-05-06,0.0
YF,Miami Platja,2026-05-06,0.0
YG,Tírvia,2026-05-06,0.2
YH,Pujalt,2026-05-06,0.0
YJ,Lleida - la Femosa,2026-05-06,0.0
YK,Terrassa,2026-05-06,0.0
YL,Riudecanyes,2026-05-06,0.0
YM,Granollers,2026-05-06,0.0
YN,Vielha - Elipòrt,2026-05-06,6.7
YO,Sant Sadurní d'Anoia,2026-05-06,0.1
YP,Palafrugell,2026-05-06,0.2
YQ,Port de Barcelona - ZAL Prat,2026-05-06,0.0
YR,Vilanova i la Geltrú,2026-05-06,0.1
YS,Cabanes,2026-05-06,34.3
YT,Bonabé (1.691 m),2026-05-06,3.8
YU,Cantonigròs,2026-05-06,0.2
YV,Mataró,2026-05-06,5.8
YX,Batea,2026-05-06,0.0
YY,Viladecans - les Filipines,2026-05-06,0.0
Z1,Bonaigua (2.262 m),2026-05-06,8.3
Z2,Boí (2.537 m),2026-05-06,6.6
Z3,Malniu (2.229 m),2026-05-06,2.5
Z5,Certascan (2.398 m),2026-05-06,9.4
Z6,Sasseuva (2.226 m),2026-05-06,7.7
Z7,Espot (2.519 m),2026-05-06,2.6
Z9,Cadí Nord (2.145 m) - Prat d'Aguiló,2026-05-06,12.4
ZB,Salòria (2.451 m),2026-05-06,1.0
ZC,Ulldeter (2.413 m),2026-05-06,11.0
ZE,el Port del Comte (2.288 m),2026-05-06,0.3
C6,Castellnou de Seana,2026-05-07,0.0
C7,Tàrrega,2026-05-07,0.0
C8,Cervera,2026-05-07,0.1
C9,Mas de Barberans,2026-05-07,0.1
CC,Orís,2026-05-07,4.3
CD,la Seu d'Urgell - Bellestar,2026-05-07,5.7
CE,els Hostalets de Pierola,2026-05-07,1.5
CG,Molló - Fabert,2026-05-07,0.2
CI,Sant Pau de Segúries,2026-05-07,0.1
CJ,Organyà,2026-05-07,24.4
CL,Sant Salvador de Guardiola,2026-05-07,0.8
CP,Sant Romà d'Abella,2026-05-07,15.4
CQ,Vilanova de Meià,2026-05-07,9.2
CR,la Quar,2026-05-07,3.9
CT,el Pont de Suert,2026-05-07,3.0
CW,l'Espluga de Francolí,2026-05-07,0.0
CY,Muntanyola,2026-05-07,0.0
D1,Margalef,2026-05-07,0.0
D2,Vacarisses,2026-05-07,0.0
D3,Vallirana,2026-05-07,0.0
D4,Roses,2026-05-07,0.0
D5,Barcelona - Observatori Fabra,2026-05-07,0.0
D6,Portbou - coll dels Belitres,2026-05-07,0.0
D7,Vinebre,2026-05-07,0.0
D8,Horta de Sant Joan,2026-05-07,0.0
D9,el Vendrell,2026-05-07,0.0
DB,el Perelló,2026-05-07,0.0
DF,la Bisbal d'Empordà,2026-05-07,0.1
DG,Núria (1.971 m),2026-05-07,13.8
DI,Font-rubí,2026-05-07,0.1
DJ,Banyoles,2026-05-07,0.0
DK,Torredembarra,2026-05-07,0.0
DL,Illa de Buda,2026-05-07,0.0
DN,Anglès,2026-05-07,0.0
DO,Castell d'Aro,2026-05-07,0.1
DP,Das - Aeròdrom,2026-05-07,3.8
DQ,Vila-rodona,2026-05-07,0.0
H1,Òdena,2026-05-07,0.0
J5,Pantà de Darnius - Boadella,2026-05-07,0.0
KE,Pantà de Sau,2026-05-07,0.0
KP,Fogars de la Selva,2026-05-07,0.0
KX,la Roca del Vallès - ETAP Cardedeu,2026-05-07,0.0
M6,Sant Joan de les Abadesses,2026-05-07,1.0
MQ,Cardona,2026-05-07,0.0
MR,Pantà de Siurana,2026-05-07,0.0
MS,Castellar de n'Hug - el Clot del Moro,2026-05-07,16.8
MV,Guixers - Valls,2026-05-07,12.7
MW,Navès,2026-05-07,0.0
U2,Sant Pere Pescador,2026-05-07,0.0
U3,Sant Martí Sarroca,2026-05-07,0.0
U4,Castellnou de Bages,2026-05-07,0.0
U6,Vinyols i els Arcs - Cambrils,2026-05-07,0.0
U7,Aldover,2026-05-07,0.0
U9,l'Aldea,2026-05-07,0.0
UA,l'Ametlla de Mar,2026-05-07,0.0
UB,la Tallada d'Empordà,2026-05-07,0.1
UE,Torroella de Montgrí,2026-05-07,0.1
UF,PN del Garraf - el Rascler,2026-05-07,0.0
UH,el Montmell,2026-05-07,0.0
UI,Gisclareny,2026-05-07,15.5
UJ,Santa Coloma de Queralt,2026-05-07,0.9
UK,Sant Pere de Ribes - PN del Garraf,2026-05-07,0.0
UM,la Granadella,2026-05-07,0.1
UN,Cassà de la Selva,2026-05-07,0.1
UO,Fornells de la Selva,2026-05-07,0.0
UP,Cabrils,2026-05-07,0.0
UQ,Dosrius - PN Montnegre Corredor,2026-05-07,0.1
US,les Cases d'Alcanar,2026-05-07,0.0
UU,Amposta,2026-05-07,0.0
UW,els Alfacs,2026-05-07,0.0
UX,Ulldecona - els Valentins,2026-05-07,4.9
UY,Os de Balaguer - el Monestir d'Avellanes,2026-05-07,0.0
V1,Vallfogona de Balaguer,2026-05-07,0.0
V4,Montesquiu,2026-05-07,0.5
V5,Perafita,2026-05-07,0.0
V8,el Poal,2026-05-07,0.0
VA,Ascó,2026-05-07,0.0
VB,Benissanet,2026-05-07,0.0
VC,Pantà de Riba-roja,2026-05-07,0.0
VD,el Canós,2026-05-07,0.0
VH,Gimenells,2026-05-07,0.0
VK,Raimat,2026-05-07,0.0
VM,Vilanova de Segrià,2026-05-07,0.0
VO,Lladurs,2026-05-07,46.0
VP,Pinós,2026-05-07,0.0
VQ,Constantí,2026-05-07,0.0
VS,Lac Redon (2.245 m),2026-05-07,0.0
VU,Rellinars,2026-05-07,0.0
VV,Sant Llorenç Savall,2026-05-07,0.0
VX,Tagamanent - PN del Montseny,2026-05-07,0.1
VY,Nulles,2026-05-07,0.1
VZ,Espolla,2026-05-07,0.1
W1,Castelló d'Empúries,2026-05-07,0.0
W4,Vilafranca del Penedès - la Granada,2026-05-07,0.0
W5,Oliana,2026-05-07,20.3
W8,Blancafort,2026-05-07,0.1
W9,la Vall d'en Bas,2026-05-07,0.0
WA,Oliola,2026-05-07,0.1
WB,Albesa,2026-05-07,0.0
WC,Golmés,2026-05-07,0.0
WG,Algerri,2026-05-07,0.0
WI,Maials,2026-05-07,0.0
WJ,el Masroig,2026-05-07,0.0
WK,Alfarràs,2026-05-07,0.0
WL,Sant Martí de Riucorb,2026-05-07,0.0
WM,Santuari de Queralt,2026-05-07,28.7
WN,Montserrat - Sant Dimes,2026-05-07,0.0
WO,la Bisbal del Penedès,2026-05-07,0.0
WP,Canaletes,2026-05-07,0.0
WQ,Montsec d'Ares (1.571 m),2026-05-07,0.0
WR,Torroja del Priorat,2026-05-07,0.0
WS,Viladrau,2026-05-07,0.1
WT,Malgrat de Mar,2026-05-07,0.0
WU,Badalona - Museu,2026-05-07,0.0
WV,Guardiola de Berguedà,2026-05-07,13.9
WW,Artés,2026-05-07,0.1
WX,Camarasa,2026-05-07,0.0
WZ,Cunit,2026-05-07,0.0
X1,Falset,2026-05-07,0.0
X3,Alguaire,2026-05-07,0.0
X4,Barcelona - el Raval,2026-05-07,0.0
X5,PN dels Ports,2026-05-07,22.7
X6,Baldomar,2026-05-07,17.7
X7,Torres de Segre,2026-05-07,0.0
X8,Barcelona - Zona Universitària,2026-05-07,0.0
X9,Caldes de Montbui,2026-05-07,0.0
XA,la Panadella,2026-05-07,0.1
XB,la Llacuna,2026-05-07,0.0
XC,Castellbisbal,2026-05-07,0.0
XD,Ulldemolins,2026-05-07,0.0
XE,Tarragona - Complex Educatiu,2026-05-07,0.0
XF,Sabadell - Parc Agrari,2026-05-07,0.0
XG,Parets del Vallès,2026-05-07,0.0
XH,Sort,2026-05-07,5.2
XI,Mollerussa,2026-05-07,0.0
XJ,Girona,2026-05-07,0.1
XK,Puig Sesolles (1.666 m),2026-05-07,0.0
XL,el Prat de Llobregat,2026-05-07,0.0
XM,els Alamús,2026-05-07,0.3
XN,Seròs,2026-05-07,0.0
XO,Vic,2026-05-07,0.0
XP,Gandesa,2026-05-07,0.0
XQ,Tremp,2026-05-07,6.3
XR,Prades,2026-05-07,0.0
XS,Santa Coloma de Farners,2026-05-07,0.0
XT,Solsona,2026-05-07,5.3
XU,Canyelles,2026-05-07,0.0
XV,Sant Cugat del Vallès - CAR,2026-05-07,0.0
XX,Anglesola - Tornabous,2026-05-07,0.0
XY,Alcarràs,2026-05-07,0.0
XZ,Torroella de Fluvià,2026-05-07,0.0
Y4,Alinyà,2026-05-07,25.1
Y5,Navata,2026-05-07,0.1
Y6,Tivissa,2026-05-07,0.0
YA,Puigcerdà,2026-05-07,0.9
YB,Olot,2026-05-07,0.1
YC,la Pobla de Segur,2026-05-07,15.7
YD,les Borges Blanques,2026-05-07,0.0
YE,Massoteres,2026-05-07,0.0
YF,Miami Platja,2026-05-07,0.0
YG,Tírvia,2026-05-07,0.6
YH,Pujalt,2026-05-07,0.1
YJ,Lleida - la Femosa,2026-05-07,0.0
YK,Terrassa,2026-05-07,0.0
YL,Riudecanyes,2026-05-07,0.0
YM,Granollers,2026-05-07,0.0
YN,Vielha - Elipòrt,2026-05-07,0.0
YO,Sant Sadurní d'Anoia,2026-05-07,0.0
YP,Palafrugell,2026-05-07,0.1
YQ,Port de Barcelona - ZAL Prat,2026-05-07,0.0
YR,Vilanova i la Geltrú,2026-05-07,0.0
YS,Cabanes,2026-05-07,0.1
YT,Bonabé (1.691 m),2026-05-07,0.0
YU,Cantonigròs,2026-05-07,0.0
YV,Mataró,2026-05-07,0.0
YX,Batea,2026-05-07,0.0
YY,Viladecans - les Filipines,2026-05-07,0.0
Z1,Bonaigua (2.262 m),2026-05-07,0.3
Z2,Boí (2.537 m),2026-05-07,8.2
Z3,Malniu (2.229 m),2026-05-07,3.7
Z5,Certascan (2.398 m),2026-05-07,0.0
Z6,Sasseuva (2.226 m),2026-05-07,0.0
Z7,Espot (2.519 m),2026-05-07,1.1
Z9,Cadí Nord (2.145 m) - Prat d'Aguiló,2026-05-07,11.9
ZB,Salòria (2.451 m),2026-05-07,3.5
ZC,Ulldeter (2.413 m),2026-05-07,5.6
ZE,el Port del Comte (2.288 m),2026-05-07,20.8
C6,Castellnou de Seana,2026-05-08,0.0
C7,Tàrrega,2026-05-08,0.0
C8,Cervera,2026-05-08,0.0
C9,Mas de Barberans,2026-05-08,0.0
CC,Orís,2026-05-08,0.0
CD,la Seu d'Urgell - Bellestar,2026-05-08,0.0
CE,els Hostalets de Pierola,2026-05-08,0.0
CG,Molló - Fabert,2026-05-08,0.0
CI,Sant Pau de Segúries,2026-05-08,0.0
CJ,Organyà,2026-05-08,0.0
CL,Sant Salvador de Guardiola,2026-05-08,0.0
CP,Sant Romà d'Abella,2026-05-08,0.1
CQ,Vilanova de Meià,2026-05-08,0.0
CR,la Quar,2026-05-08,0.0
CT,el Pont de Suert,2026-05-08,0.0
CW,l'Espluga de Francolí,2026-05-08,0.0
CY,Muntanyola,2026-05-08,0.0
D1,Margalef,2026-05-08,0.0
D2,Vacarisses,2026-05-08,0.0
D3,Vallirana,2026-05-08,0.0
D4,Roses,2026-05-08,0.0
D5,Barcelona - Observatori Fabra,2026-05-08,0.0
D6,Portbou - coll dels Belitres,2026-05-08,0.0
D7,Vinebre,2026-05-08,0.0
D8,Horta de Sant Joan,2026-05-08,0.0
D9,el Vendrell,2026-05-08,0.0
DB,el Perelló,2026-05-08,0.0
DF,la Bisbal d'Empordà,2026-05-08,0.0
DG,Núria (1.971 m),2026-05-08,0.0
DI,Font-rubí,2026-05-08,0.0
DJ,Banyoles,2026-05-08,0.1
DK,Torredembarra,2026-05-08,0.0
DL,Illa de Buda,2026-05-08,0.0
DN,Anglès,2026-05-08,0.0
DO,Castell d'Aro,2026-05-08,0.0
DP,Das - Aeròdrom,2026-05-08,0.0
DQ,Vila-rodona,2026-05-08,0.0
H1,Òdena,2026-05-08,1.4
J5,Pantà de Darnius - Boadella,2026-05-08,0.0
KE,Pantà de Sau,2026-05-08,0.0
KP,Fogars de la Selva,2026-05-08,0.0
KX,la Roca del Vallès - ETAP Cardedeu,2026-05-08,0.0
M6,Sant Joan de les Abadesses,2026-05-08,0.1
MQ,Cardona,2026-05-08,0.0
MR,Pantà de Siurana,2026-05-08,0.0
MS,Castellar de n'Hug - el Clot del Moro,2026-05-08,0.1
MV,Guixers - Valls,2026-05-08,0.1
MW,Navès,2026-05-08,0.0
U2,Sant Pere Pescador,2026-05-08,0.0
U3,Sant Martí Sarroca,2026-05-08,0.0
U4,Castellnou de Bages,2026-05-08,0.0
U6,Vinyols i els Arcs - Cambrils,2026-05-08,0.0
U7,Aldover,2026-05-08,0.0
U9,l'Aldea,2026-05-08,0.0
UA,l'Ametlla de Mar,2026-05-08,0.0
UB,la Tallada d'Empordà,2026-05-08,0.0
UE,Torroella de Montgrí,2026-05-08,0.0
UF,PN del Garraf - el Rascler,2026-05-08,0.0
UH,el Montmell,2026-05-08,0.0
UI,Gisclareny,2026-05-08,0.0
UJ,Santa Coloma de Queralt,2026-05-08,0.1
UK,Sant Pere de Ribes - PN del Garraf,2026-05-08,0.0
UM,la Granadella,2026-05-08,0.0
UN,Cassà de la Selva,2026-05-08,0.1
UO,Fornells de la Selva,2026-05-08,0.0
UP,Cabrils,2026-05-08,0.0
UQ,Dosrius - PN Montnegre Corredor,2026-05-08,0.0
US,les Cases d'Alcanar,2026-05-08,0.0
UU,Amposta,2026-05-08,2.4
UW,els Alfacs,2026-05-08,0.0
UX,Ulldecona - els Valentins,2026-05-08,0.0
UY,Os de Balaguer - el Monestir d'Avellanes,2026-05-08,0.0
V1,Vallfogona de Balaguer,2026-05-08,0.0
V4,Montesquiu,2026-05-08,0.0
V5,Perafita,2026-05-08,0.0
V8,el Poal,2026-05-08,0.0
VA,Ascó,2026-05-08,0.0
VB,Benissanet,2026-05-08,0.0
VC,Pantà de Riba-roja,2026-05-08,0.0
VD,el Canós,2026-05-08,0.0
VH,Gimenells,2026-05-08,0.0
VK,Raimat,2026-05-08,0.0
VM,Vilanova de Segrià,2026-05-08,0.0
VO,Lladurs,2026-05-08,0.1
VP,Pinós,2026-05-08,0.0
VQ,Constantí,2026-05-08,0.0
VS,Lac Redon (2.245 m),2026-05-08,0.0
VU,Rellinars,2026-05-08,0.0
VV,Sant Llorenç Savall,2026-05-08,0.0
VX,Tagamanent - PN del Montseny,2026-05-08,0.0
VY,Nulles,2026-05-08,0.0
VZ,Espolla,2026-05-08,0.0
W1,Castelló d'Empúries,2026-05-08,0.0
W4,Vilafranca del Penedès - la Granada,2026-05-08,0.0
W5,Oliana,2026-05-08,0.0
W8,Blancafort,2026-05-08,0.0
W9,la Vall d'en Bas,2026-05-08,0.1
WA,Oliola,2026-05-08,0.1
WB,Albesa,2026-05-08,0.0
WC,Golmés,2026-05-08,0.0
WG,Algerri,2026-05-08,0.0
WI,Maials,2026-05-08,0.0
WJ,el Masroig,2026-05-08,0.0
WK,Alfarràs,2026-05-08,0.0
WL,Sant Martí de Riucorb,2026-05-08,0.0
WM,Santuari de Queralt,2026-05-08,0.0
WN,Montserrat - Sant Dimes,2026-05-08,0.0
WO,la Bisbal del Penedès,2026-05-08,0.0
WP,Canaletes,2026-05-08,0.0
WQ,Montsec d'Ares (1.571 m),2026-05-08,0.0
WR,Torroja del Priorat,2026-05-08,0.0
WS,Viladrau,2026-05-08,0.0
WT,Malgrat de Mar,2026-05-08,0.0
WU,Badalona - Museu,2026-05-08,0.0
WV,Guardiola de Berguedà,2026-05-08,0.1
WW,Artés,2026-05-08,0.0
WX,Camarasa,2026-05-08,0.0
WZ,Cunit,2026-05-08,0.0
X1,Falset,2026-05-08,0.0
X3,Alguaire,2026-05-08,0.0
X4,Barcelona - el Raval,2026-05-08,0.0
X5,PN dels Ports,2026-05-08,3.0
X6,Baldomar,2026-05-08,0.0
X7,Torres de Segre,2026-05-08,0.0
X8,Barcelona - Zona Universitària,2026-05-08,0.0
X9,Caldes de Montbui,2026-05-08,0.0
XA,la Panadella,2026-05-08,0.0
XB,la Llacuna,2026-05-08,0.0
XC,Castellbisbal,2026-05-08,0.0
XD,Ulldemolins,2026-05-08,0.0
XE,Tarragona - Complex Educatiu,2026-05-08,0.0
XF,Sabadell - Parc Agrari,2026-05-08,0.0
XG,Parets del Vallès,2026-05-08,0.0
XH,Sort,2026-05-08,0.0
XI,Mollerussa,2026-05-08,0.0
XJ,Girona,2026-05-08,0.0
XK,Puig Sesolles (1.666 m),2026-05-08,0.0
XL,el Prat de Llobregat,2026-05-08,0.0
XM,els Alamús,2026-05-08,0.0
XN,Seròs,2026-05-08,0.0
XO,Vic,2026-05-08,0.0
XP,Gandesa,2026-05-08,0.1
XQ,Tremp,2026-05-08,0.0
XR,Prades,2026-05-08,0.0
XS,Santa Coloma de Farners,2026-05-08,0.0
XT,Solsona,2026-05-08,0.0
XU,Canyelles,2026-05-08,0.2
XV,Sant Cugat del Vallès - CAR,2026-05-08,0.0
XX,Anglesola - Tornabous,2026-05-08,0.0
XY,Alcarràs,2026-05-08,0.0
XZ,Torroella de Fluvià,2026-05-08,0.0
Y4,Alinyà,2026-05-08,0.0
Y5,Navata,2026-05-08,0.0
Y6,Tivissa,2026-05-08,0.0
YA,Puigcerdà,2026-05-08,0.0
YB,Olot,2026-05-08,0.0
YC,la Pobla de Segur,2026-05-08,0.0
YD,les Borges Blanques,2026-05-08,0.0
YE,Massoteres,2026-05-08,0.0
YF,Miami Platja,2026-05-08,0.0
YG,Tírvia,2026-05-08,0.0
YH,Pujalt,2026-05-08,0.0
YJ,Lleida - la Femosa,2026-05-08,0.0
YK,Terrassa,2026-05-08,0.0
YL,Riudecanyes,2026-05-08,0.0
YM,Granollers,2026-05-08,0.0
YN,Vielha - Elipòrt,2026-05-08,0.0
YO,Sant Sadurní d'Anoia,2026-05-08,0.0
YP,Palafrugell,2026-05-08,0.0
YQ,Port de Barcelona - ZAL Prat,2026-05-08,1.4
YR,Vilanova i la Geltrú,2026-05-08,0.0
YS,Cabanes,2026-05-08,0.0
YT,Bonabé (1.691 m),2026-05-08,0.0
YU,Cantonigròs,2026-05-08,0.1
YV,Mataró,2026-05-08,0.0
YX,Batea,2026-05-08,0.0
YY,Viladecans - les Filipines,2026-05-08,0.0
Z1,Bonaigua (2.262 m),2026-05-08,0.0
Z2,Boí (2.537 m),2026-05-08,0.0
Z3,Malniu (2.229 m),2026-05-08,0.4
Z5,Certascan (2.398 m),2026-05-08,0.0
Z6,Sasseuva (2.226 m),2026-05-08,0.0
Z7,Espot (2.519 m),2026-05-08,0.0
Z9,Cadí Nord (2.145 m) - Prat d'Aguiló,2026-05-08,0.0
ZB,Salòria (2.451 m),2026-05-08,0.0
ZC,Ulldeter (2.413 m),2026-05-08,0.0
ZE,el Port del Comte (2.288 m),2026-05-08,0.0
C6,Castellnou de Seana,2026-05-09,0.5
C7,Tàrrega,2026-05-09,2.4
C8,Cervera,2026-05-09,3.1
C9,Mas de Barberans,2026-05-09,15.9
CC,Orís,2026-05-09,11.8
CD,la Seu d'Urgell - Bellestar,2026-05-09,1.7
CE,els Hostalets de Pierola,2026-05-09,9.9
CG,Molló - Fabert,2026-05-09,14.4
CI,Sant Pau de Segúries,2026-05-09,16.2
CJ,Organyà,2026-05-09,0.9
CL,Sant Salvador de Guardiola,2026-05-09,11.3
CP,Sant Romà d'Abella,2026-05-09,2.4
CQ,Vilanova de Meià,2026-05-09,1.9
CR,la Quar,2026-05-09,10.9
CT,el Pont de Suert,2026-05-09,2.8
CW,l'Espluga de Francolí,2026-05-09,3.3
CY,Muntanyola,2026-05-09,13.1
D1,Margalef,2026-05-09,2.3
D2,Vacarisses,2026-05-09,9.7
D3,Vallirana,2026-05-09,11.1
D4,Roses,2026-05-09,13.6
D5,Barcelona - Observatori Fabra,2026-05-09,16.3
D6,Portbou - coll dels Belitres,2026-05-09,6.6
D7,Vinebre,2026-05-09,2.1
D8,Horta de Sant Joan,2026-05-09,2.0
D9,el Vendrell,2026-05-09,10.5
DB,el Perelló,2026-05-09,14.4
DF,la Bisbal d'Empordà,2026-05-09,17.3
DG,Núria (1.971 m),2026-05-09,12.7
DI,Font-rubí,2026-05-09,11.9
DJ,Banyoles,2026-05-09,13.2
DK,Torredembarra,2026-05-09,14.4
DL,Illa de Buda,2026-05-09,23.5
DN,Anglès,2026-05-09,11.1
DO,Castell d'Aro,2026-05-09,18.8
DP,Das - Aeròdrom,2026-05-09,4.8
DQ,Vila-rodona,2026-05-09,10.3
H1,Òdena,2026-05-09,10.1
J5,Pantà de Darnius - Boadella,2026-05-09,8.3
KE,Pantà de Sau,2026-05-09,18.2
KP,Fogars de la Selva,2026-05-09,15.3
KX,la Roca del Vallès - ETAP Cardedeu,2026-05-09,14.2
M6,Sant Joan de les Abadesses,2026-05-09,14.5
MQ,Cardona,2026-05-09,10.8
MR,Pantà de Siurana,2026-05-09,5.7
MS,Castellar de n'Hug - el Clot del Moro,2026-05-09,9.5
MV,Guixers - Valls,2026-05-09,6.1
MW,Navès,2026-05-09,8.0
U2,Sant Pere Pescador,2026-05-09,14.2
U3,Sant Martí Sarroca,2026-05-09,12.0
U4,Castellnou de Bages,2026-05-09,9.8
U6,Vinyols i els Arcs - Cambrils,2026-05-09,8.4
U7,Aldover,2026-05-09,10.6
U9,l'Aldea,2026-05-09,15.6
UA,l'Ametlla de Mar,2026-05-09,12.1
UB,la Tallada d'Empordà,2026-05-09,16.4
UE,Torroella de Montgrí,2026-05-09,16.8
UF,PN del Garraf - el Rascler,2026-05-09,12.4
UH,el Montmell,2026-05-09,14.6
UI,Gisclareny,2026-05-09,5.6
UJ,Santa Coloma de Queralt,2026-05-09,6.4
UK,Sant Pere de Ribes - PN del Garraf,2026-05-09,11.8
UM,la Granadella,2026-05-09,1.2
UN,Cassà de la Selva,2026-05-09,15.9
UO,Fornells de la Selva,2026-05-09,14.8
UP,Cabrils,2026-05-09,12.8
UQ,Dosrius - PN Montnegre Corredor,2026-05-09,14.6
US,les Cases d'Alcanar,2026-05-09,14.6
UU,Amposta,2026-05-09,18.0
UW,els Alfacs,2026-05-09,26.4
UX,Ulldecona - els Valentins,2026-05-09,12.9
UY,Os de Balaguer - el Monestir d'Avellanes,2026-05-09,0.0
V1,Vallfogona de Balaguer,2026-05-09,0.1
V4,Montesquiu,2026-05-09,13.3
V5,Perafita,2026-05-09,12.3
V8,el Poal,2026-05-09,0.1
VA,Ascó,2026-05-09,0.8
VB,Benissanet,2026-05-09,5.0
VC,Pantà de Riba-roja,2026-05-09,0.1
VD,el Canós,2026-05-09,3.2
VH,Gimenells,2026-05-09,0.0
VK,Raimat,2026-05-09,0.0
VM,Vilanova de Segrià,2026-05-09,0.0
VO,Lladurs,2026-05-09,1.1
VP,Pinós,2026-05-09,8.6
VQ,Constantí,2026-05-09,7.0
VS,Lac Redon (2.245 m),2026-05-09,0.6
VU,Rellinars,2026-05-09,9.0
VV,Sant Llorenç Savall,2026-05-09,10.3
VX,Tagamanent - PN del Montseny,2026-05-09,15.3
VY,Nulles,2026-05-09,9.0
VZ,Espolla,2026-05-09,8.9
W1,Castelló d'Empúries,2026-05-09,11.4
W4,Vilafranca del Penedès - la Granada,2026-05-09,11.4
W5,Oliana,2026-05-09,0.3
W8,Blancafort,2026-05-09,4.9
W9,la Vall d'en Bas,2026-05-09,16.4
WA,Oliola,2026-05-09,1.1
WB,Albesa,2026-05-09,0.0
WC,Golmés,2026-05-09,0.6
WG,Algerri,2026-05-09,0.0
WI,Maials,2026-05-09,0.5
WJ,el Masroig,2026-05-09,4.1
WK,Alfarràs,2026-05-09,0.0
WL,Sant Martí de Riucorb,2026-05-09,2.0
WM,Santuari de Queralt,2026-05-09,10.6
WN,Montserrat - Sant Dimes,2026-05-09,8.9
WO,la Bisbal del Penedès,2026-05-09,15.0
WP,Canaletes,2026-05-09,10.7
WQ,Montsec d'Ares (1.571 m),2026-05-09,5.9
WR,Torroja del Priorat,2026-05-09,3.8
WS,Viladrau,2026-05-09,16.5
WT,Malgrat de Mar,2026-05-09,17.6
WU,Badalona - Museu,2026-05-09,10.8
WV,Guardiola de Berguedà,2026-05-09,11.8
WW,Artés,2026-05-09,9.0
WX,Camarasa,2026-05-09,0.0
WZ,Cunit,2026-05-09,12.7
X1,Falset,2026-05-09,5.2
X3,Alguaire,2026-05-09,0.0
X4,Barcelona - el Raval,2026-05-09,15.9
X5,PN dels Ports,2026-05-09,31.5
X6,Baldomar,2026-05-09,0.4
X7,Torres de Segre,2026-05-09,0.2
X8,Barcelona - Zona Universitària,2026-05-09,18.1
X9,Caldes de Montbui,2026-05-09,13.7
XA,la Panadella,2026-05-09,6.1
XB,la Llacuna,2026-05-09,11.0
XC,Castellbisbal,2026-05-09,10.1
XD,Ulldemolins,2026-05-09,5.3
XE,Tarragona - Complex Educatiu,2026-05-09,11.1
XF,Sabadell - Parc Agrari,2026-05-09,12.4
XG,Parets del Vallès,2026-05-09,13.3
XH,Sort,2026-05-09,0.3
XI,Mollerussa,2026-05-09,0.3
XJ,Girona,2026-05-09,17.7
XK,Puig Sesolles (1.666 m),2026-05-09,18.5
XL,el Prat de Llobregat,2026-05-09,14.5
XM,els Alamús,2026-05-09,0.0
XN,Seròs,2026-05-09,0.0
XO,Vic,2026-05-09,13.2
XP,Gandesa,2026-05-09,0.8
XQ,Tremp,2026-05-09,0.4
XR,Prades,2026-05-09,4.7
XS,Santa Coloma de Farners,2026-05-09,13.1
XT,Solsona,2026-05-09,3.0
XU,Canyelles,2026-05-09,12.0
XV,Sant Cugat del Vallès - CAR,2026-05-09,13.3
XX,Anglesola - Tornabous,2026-05-09,1.0
XY,Alcarràs,2026-05-09,0.0
XZ,Torroella de Fluvià,2026-05-09,13.1
Y4,Alinyà,2026-05-09,2.6
Y5,Navata,2026-05-09,11.8
Y6,Tivissa,2026-05-09,7.7
YA,Puigcerdà,2026-05-09,5.8
YB,Olot,2026-05-09,20.9
YC,la Pobla de Segur,2026-05-09,0.6
YD,les Borges Blanques,2026-05-09,0.9
YE,Massoteres,2026-05-09,2.1
YF,Miami Platja,2026-05-09,12.1
YG,Tírvia,2026-05-09,0.5
YH,Pujalt,2026-05-09,4.8
YJ,Lleida - la Femosa,2026-05-09,0.0
YK,Terrassa,2026-05-09,10.1
YL,Riudecanyes,2026-05-09,11.0
YM,Granollers,2026-05-09,13.8
YN,Vielha - Elipòrt,2026-05-09,0.1
YO,Sant Sadurní d'Anoia,2026-05-09,9.3
YP,Palafrugell,2026-05-09,16.3
YQ,Port de Barcelona - ZAL Prat,2026-05-09,13.1
YR,Vilanova i la Geltrú,2026-05-09,11.2
YS,Cabanes,2026-05-09,9.5
YT,Bonabé (1.691 m),2026-05-09,0.2
YU,Cantonigròs,2026-05-09,18.7
YV,Mataró,2026-05-09,14.3
YX,Batea,2026-05-09,0.8
YY,Viladecans - les Filipines,2026-05-09,14.0
Z1,Bonaigua (2.262 m),2026-05-09,0.3
Z2,Boí (2.537 m),2026-05-09,3.8
Z3,Malniu (2.229 m),2026-05-09,3.1
Z5,Certascan (2.398 m),2026-05-09,2.8
Z6,Sasseuva (2.226 m),2026-05-09,0.0
Z7,Espot (2.519 m),2026-05-09,0.4
Z9,Cadí Nord (2.145 m) - Prat d'Aguiló,2026-05-09,5.8
ZB,Salòria (2.451 m),2026-05-09,1.8
ZC,Ulldeter (2.413 m),2026-05-09,11.6
ZE,el Port del Comte (2.288 m),2026-05-09,4.1
C6,Castellnou de Seana,2026-05-10,8.9
C7,Tàrrega,2026-05-10,7.9
C8,Cervera,2026-05-10,8.6
C9,Mas de Barberans,2026-05-10,3.1
CC,Orís,2026-05-10,0.0
CD,la Seu d'Urgell - Bellestar,2026-05-10,0.8
CE,els Hostalets de Pierola,2026-05-10,0.1
CG,Molló - Fabert,2026-05-10,0.0
CI,Sant Pau de Segúries,2026-05-10,0.1
CJ,Organyà,2026-05-10,1.3
CL,Sant Salvador de Guardiola,2026-05-10,0.1
CP,Sant Romà d'Abella,2026-05-10,5.9
CQ,Vilanova de Meià,2026-05-10,2.1
CR,la Quar,2026-05-10,0.2
CT,el Pont de Suert,2026-05-10,0.9
CW,l'Espluga de Francolí,2026-05-10,0.6
CY,Muntanyola,2026-05-10,0.1
D1,Margalef,2026-05-10,0.4
D2,Vacarisses,2026-05-10,0.1
D3,Vallirana,2026-05-10,0.1
D4,Roses,2026-05-10,0.2
D5,Barcelona - Observatori Fabra,2026-05-10,0.0
D6,Portbou - coll dels Belitres,2026-05-10,0.1
D7,Vinebre,2026-05-10,1.0
D8,Horta de Sant Joan,2026-05-10,1.3
D9,el Vendrell,2026-05-10,0.1
DB,el Perelló,2026-05-10,1.4
DF,la Bisbal d'Empordà,2026-05-10,0.1
DG,Núria (1.971 m),2026-05-10,0.0
DI,Font-rubí,2026-05-10,0.0
DJ,Banyoles,2026-05-10,0.2
DK,Torredembarra,2026-05-10,0.4
DL,Illa de Buda,2026-05-10,0.1
DN,Anglès,2026-05-10,0.1
DO,Castell d'Aro,2026-05-10,0.1
DP,Das - Aeròdrom,2026-05-10,0.5
DQ,Vila-rodona,2026-05-10,1.0
H1,Òdena,2026-05-10,0.1
J5,Pantà de Darnius - Boadella,2026-05-10,0.1
KE,Pantà de Sau,2026-05-10,0.0
KP,Fogars de la Selva,2026-05-10,0.1
KX,la Roca del Vallès - ETAP Cardedeu,2026-05-10,0.0
M6,Sant Joan de les Abadesses,2026-05-10,0.1
MQ,Cardona,2026-05-10,1.6
MR,Pantà de Siurana,2026-05-10,0.4
MS,Castellar de n'Hug - el Clot del Moro,2026-05-10,0.0
MV,Guixers - Valls,2026-05-10,0.3
MW,Navès,2026-05-10,0.6
U2,Sant Pere Pescador,2026-05-10,0.2
U3,Sant Martí Sarroca,2026-05-10,0.1
U4,Castellnou de Bages,2026-05-10,2.8
U6,Vinyols i els Arcs - Cambrils,2026-05-10,1.6
U7,Aldover,2026-05-10,3.0
U9,l'Aldea,2026-05-10,2.7
UA,l'Ametlla de Mar,2026-05-10,4.1
UB,la Tallada d'Empordà,2026-05-10,0.1
UE,Torroella de Montgrí,2026-05-10,0.0
UF,PN del Garraf - el Rascler,2026-05-10,0.1
UH,el Montmell,2026-05-10,1.8
UI,Gisclareny,2026-05-10,0.3
UJ,Santa Coloma de Queralt,2026-05-10,0.2
UK,Sant Pere de Ribes - PN del Garraf,2026-05-10,0.3
UM,la Granadella,2026-05-10,5.2
UN,Cassà de la Selva,2026-05-10,0.1
UO,Fornells de la Selva,2026-05-10,0.1
UP,Cabrils,2026-05-10,0.0
UQ,Dosrius - PN Montnegre Corredor,2026-05-10,0.1
US,les Cases d'Alcanar,2026-05-10,0.1
UU,Amposta,2026-05-10,0.1
UW,els Alfacs,2026-05-10,0.1
UX,Ulldecona - els Valentins,2026-05-10,0.9
UY,Os de Balaguer - el Monestir d'Avellanes,2026-05-10,1.5
V1,Vallfogona de Balaguer,2026-05-10,4.4
V4,Montesquiu,2026-05-10,0.1
V5,Perafita,2026-05-10,0.1
V8,el Poal,2026-05-10,6.2
VA,Ascó,2026-05-10,0.8
VB,Benissanet,2026-05-10,2.1
VC,Pantà de Riba-roja,2026-05-10,1.7
VD,el Canós,2026-05-10,6.4
VH,Gimenells,2026-05-10,2.1
VK,Raimat,2026-05-10,1.8
VM,Vilanova de Segrià,2026-05-10,4.6
VO,Lladurs,2026-05-10,1.2
VP,Pinós,2026-05-10,4.1
VQ,Constantí,2026-05-10,2.7
VS,Lac Redon (2.245 m),2026-05-10,1.6
VU,Rellinars,2026-05-10,0.2
VV,Sant Llorenç Savall,2026-05-10,0.1
VX,Tagamanent - PN del Montseny,2026-05-10,0.1
VY,Nulles,2026-05-10,2.2
VZ,Espolla,2026-05-10,0.0
W1,Castelló d'Empúries,2026-05-10,0.1
W4,Vilafranca del Penedès - la Granada,2026-05-10,0.2
W5,Oliana,2026-05-10,0.8
W8,Blancafort,2026-05-10,0.7
W9,la Vall d'en Bas,2026-05-10,0.0
WA,Oliola,2026-05-10,2.8
WB,Albesa,2026-05-10,2.3
WC,Golmés,2026-05-10,5.6
WG,Algerri,2026-05-10,0.9
WI,Maials,2026-05-10,11.6
WJ,el Masroig,2026-05-10,0.8
WK,Alfarràs,2026-05-10,2.5
WL,Sant Martí de Riucorb,2026-05-10,15.6
WM,Santuari de Queralt,2026-05-10,0.1
WN,Montserrat - Sant Dimes,2026-05-10,0.1
WO,la Bisbal del Penedès,2026-05-10,1.6
WP,Canaletes,2026-05-10,0.0
WQ,Montsec d'Ares (1.571 m),2026-05-10,7.0
WR,Torroja del Priorat,2026-05-10,0.8
WS,Viladrau,2026-05-10,0.1
WT,Malgrat de Mar,2026-05-10,0.0
WU,Badalona - Museu,2026-05-10,0.0
WV,Guardiola de Berguedà,2026-05-10,0.1
WW,Artés,2026-05-10,0.3
WX,Camarasa,2026-05-10,1.8
WZ,Cunit,2026-05-10,0.2
X1,Falset,2026-05-10,4.9
X3,Alguaire,2026-05-10,1.8
X4,Barcelona - el Raval,2026-05-10,0.0
X5,PN dels Ports,2026-05-10,4.4
X6,Baldomar,2026-05-10,1.7
X7,Torres de Segre,2026-05-10,7.8
X8,Barcelona - Zona Universitària,2026-05-10,0.1
X9,Caldes de Montbui,2026-05-10,0.1
XA,la Panadella,2026-05-10,2.3
XB,la Llacuna,2026-05-10,0.1
XC,Castellbisbal,2026-05-10,0.2
XD,Ulldemolins,2026-05-10,0.6
XE,Tarragona - Complex Educatiu,2026-05-10,1.1
XF,Sabadell - Parc Agrari,2026-05-10,0.1
XG,Parets del Vallès,2026-05-10,0.0
XH,Sort,2026-05-10,3.2
XI,Mollerussa,2026-05-10,6.7
XJ,Girona,2026-05-10,0.1
XK,Puig Sesolles (1.666 m),2026-05-10,0.1
XL,el Prat de Llobregat,2026-05-10,0.2
XM,els Alamús,2026-05-10,7.0
XN,Seròs,2026-05-10,8.2
XO,Vic,2026-05-10,0.2
XP,Gandesa,2026-05-10,1.6
XQ,Tremp,2026-05-10,3.5
XR,Prades,2026-05-10,0.7
XS,Santa Coloma de Farners,2026-05-10,0.1
XT,Solsona,2026-05-10,0.3
XU,Canyelles,2026-05-10,0.1
XV,Sant Cugat del Vallès - CAR,2026-05-10,0.2
XX,Anglesola - Tornabous,2026-05-10,9.6
XY,Alcarràs,2026-05-10,8.8
XZ,Torroella de Fluvià,2026-05-10,0.1
Y4,Alinyà,2026-05-10,2.1
Y5,Navata,2026-05-10,0.1
Y6,Tivissa,2026-05-10,7.8
YA,Puigcerdà,2026-05-10,0.3
YB,Olot,2026-05-10,0.1
YC,la Pobla de Segur,2026-05-10,4.5
YD,les Borges Blanques,2026-05-10,13.2
YE,Massoteres,2026-05-10,8.5
YF,Miami Platja,2026-05-10,1.1
YG,Tírvia,2026-05-10,0.7
YH,Pujalt,2026-05-10,4.4
YJ,Lleida - la Femosa,2026-05-10,10.3
YK,Terrassa,2026-05-10,0.2
YL,Riudecanyes,2026-05-10,4.1
YM,Granollers,2026-05-10,0.0
YN,Vielha - Elipòrt,2026-05-10,1.3
YO,Sant Sadurní d'Anoia,2026-05-10,0.1
YP,Palafrugell,2026-05-10,0.1
YQ,Port de Barcelona - ZAL Prat,2026-05-10,0.1
YR,Vilanova i la Geltrú,2026-05-10,0.2
YS,Cabanes,2026-05-10,0.1
YT,Bonabé (1.691 m),2026-05-10,1.8
YU,Cantonigròs,2026-05-10,0.1
YV,Mataró,2026-05-10,0.0
YX,Batea,2026-05-10,5.7
YY,Viladecans - les Filipines,2026-05-10,0.0
Z1,Bonaigua (2.262 m),2026-05-10,0.9
Z2,Boí (2.537 m),2026-05-10,3.9
Z3,Malniu (2.229 m),2026-05-10,2.5
Z5,Certascan (2.398 m),2026-05-10,0.9
Z6,Sasseuva (2.226 m),2026-05-10,1.2
Z7,Espot (2.519 m),2026-05-10,2.8
Z9,Cadí Nord (2.145 m) - Prat d'Aguiló,2026-05-10,2.1
ZB,Salòria (2.451 m),2026-05-10,2.4
ZC,Ulldeter (2.413 m),2026-05-10,0.0
ZE,el Port del Comte (2.288 m),2026-05-10,4.1
C6,Castellnou de Seana,2026-05-11,0.0
C7,Tàrrega,2026-05-11,0.0
C8,Cervera,2026-05-11,0.2
C9,Mas de Barberans,2026-05-11,0.0
CC,Orís,2026-05-11,0.0
CD,la Seu d'Urgell - Bellestar,2026-05-11,0.1
CE,els Hostalets de Pierola,2026-05-11,0.0
CG,Molló - Fabert,2026-05-11,6.7
CI,Sant Pau de Segúries,2026-05-11,0.3
CJ,Organyà,2026-05-11,0.1
CL,Sant Salvador de Guardiola,2026-05-11,0.0
CP,Sant Romà d'Abella,2026-05-11,0.0
CQ,Vilanova de Meià,2026-05-11,0.0
CR,la Quar,2026-05-11,0.0
CT,el Pont de Suert,2026-05-11,0.0
CW,l'Espluga de Francolí,2026-05-11,0.0
CY,Muntanyola,2026-05-11,0.0
D1,Margalef,2026-05-11,0.0
D2,Vacarisses,2026-05-11,0.0
D3,Vallirana,2026-05-11,0.0
D4,Roses,2026-05-11,0.4
D5,Barcelona - Observatori Fabra,2026-05-11,0.0
D6,Portbou - coll dels Belitres,2026-05-11,1.2
D7,Vinebre,2026-05-11,0.0
D8,Horta de Sant Joan,2026-05-11,0.0
D9,el Vendrell,2026-05-11,0.0
DB,el Perelló,2026-05-11,0.0
DF,la Bisbal d'Empordà,2026-05-11,0.0
DG,Núria (1.971 m),2026-05-11,0.0
DI,Font-rubí,2026-05-11,0.0
DJ,Banyoles,2026-05-11,0.0
DK,Torredembarra,2026-05-11,0.0
DL,Illa de Buda,2026-05-11,0.0
DN,Anglès,2026-05-11,0.0
DO,Castell d'Aro,2026-05-11,0.0
DP,Das - Aeròdrom,2026-05-11,0.0
DQ,Vila-rodona,2026-05-11,0.0
H1,Òdena,2026-05-11,0.0
J5,Pantà de Darnius - Boadella,2026-05-11,5.5
KE,Pantà de Sau,2026-05-11,0.0
KP,Fogars de la Selva,2026-05-11,0.0
KX,la Roca del Vallès - ETAP Cardedeu,2026-05-11,0.0
M6,Sant Joan de les Abadesses,2026-05-11,0.0
MQ,Cardona,2026-05-11,0.0
MR,Pantà de Siurana,2026-05-11,0.0
MS,Castellar de n'Hug - el Clot del Moro,2026-05-11,0.0
MV,Guixers - Valls,2026-05-11,0.0
MW,Navès,2026-05-11,0.1
U2,Sant Pere Pescador,2026-05-11,0.0
U3,Sant Martí Sarroca,2026-05-11,0.0
U4,Castellnou de Bages,2026-05-11,0.0
U6,Vinyols i els Arcs - Cambrils,2026-05-11,0.0
U7,Aldover,2026-05-11,0.0
U9,l'Aldea,2026-05-11,0.0
UA,l'Ametlla de Mar,2026-05-11,0.0
UB,la Tallada d'Empordà,2026-05-11,0.0
UE,Torroella de Montgrí,2026-05-11,0.0
UF,PN del Garraf - el Rascler,2026-05-11,0.0
UH,el Montmell,2026-05-11,0.0
UI,Gisclareny,2026-05-11,0.0
UJ,Santa Coloma de Queralt,2026-05-11,0.0
UK,Sant Pere de Ribes - PN del Garraf,2026-05-11,0.0
UM,la Granadella,2026-05-11,0.0
UN,Cassà de la Selva,2026-05-11,0.0
UO,Fornells de la Selva,2026-05-11,0.0
UP,Cabrils,2026-05-11,0.0
UQ,Dosrius - PN Montnegre Corredor,2026-05-11,0.0
US,les Cases d'Alcanar,2026-05-11,0.0
UU,Amposta,2026-05-11,0.0
UW,els Alfacs,2026-05-11,0.0
UX,Ulldecona - els Valentins,2026-05-11,0.0
UY,Os de Balaguer - el Monestir d'Avellanes,2026-05-11,0.0
V1,Vallfogona de Balaguer,2026-05-11,0.1
V4,Montesquiu,2026-05-11,0.0
V5,Perafita,2026-05-11,0.0
V8,el Poal,2026-05-11,0.1
VA,Ascó,2026-05-11,0.0
VB,Benissanet,2026-05-11,0.1
VC,Pantà de Riba-roja,2026-05-11,0.0
VD,el Canós,2026-05-11,0.1
VH,Gimenells,2026-05-11,0.1
VK,Raimat,2026-05-11,0.1
VM,Vilanova de Segrià,2026-05-11,0.1
VO,Lladurs,2026-05-11,0.0
VP,Pinós,2026-05-11,0.0
VQ,Constantí,2026-05-11,0.1
VS,Lac Redon (2.245 m),2026-05-11,1.1
VU,Rellinars,2026-05-11,0.0
VV,Sant Llorenç Savall,2026-05-11,0.0
VX,Tagamanent - PN del Montseny,2026-05-11,0.0
VY,Nulles,2026-05-11,0.0
VZ,Espolla,2026-05-11,3.3
W1,Castelló d'Empúries,2026-05-11,0.0
W4,Vilafranca del Penedès - la Granada,2026-05-11,0.0
W5,Oliana,2026-05-11,0.1
W8,Blancafort,2026-05-11,0.0
W9,la Vall d'en Bas,2026-05-11,0.0
WA,Oliola,2026-05-11,0.2
WB,Albesa,2026-05-11,0.1
WC,Golmés,2026-05-11,0.1
WG,Algerri,2026-05-11,0.0
WI,Maials,2026-05-11,0.1
WJ,el Masroig,2026-05-11,0.1
WK,Alfarràs,2026-05-11,0.1
WL,Sant Martí de Riucorb,2026-05-11,0.1
WM,Santuari de Queralt,2026-05-11,0.0
WN,Montserrat - Sant Dimes,2026-05-11,0.0
WO,la Bisbal del Penedès,2026-05-11,0.0
WP,Canaletes,2026-05-11,0.0
WQ,Montsec d'Ares (1.571 m),2026-05-11,0.0
WR,Torroja del Priorat,2026-05-11,0.0
WS,Viladrau,2026-05-11,0.0
WT,Malgrat de Mar,2026-05-11,0.0
WU,Badalona - Museu,2026-05-11,0.0
WV,Guardiola de Berguedà,2026-05-11,0.0
WW,Artés,2026-05-11,0.0
WX,Camarasa,2026-05-11,0.1
WZ,Cunit,2026-05-11,0.0
X1,Falset,2026-05-11,0.0
X3,Alguaire,2026-05-11,0.2
X4,Barcelona - el Raval,2026-05-11,0.0
X5,PN dels Ports,2026-05-11,0.0
X6,Baldomar,2026-05-11,0.1
X7,Torres de Segre,2026-05-11,0.2
X8,Barcelona - Zona Universitària,2026-05-11,0.0
X9,Caldes de Montbui,2026-05-11,0.0
XA,la Panadella,2026-05-11,0.1
XB,la Llacuna,2026-05-11,0.0
XC,Castellbisbal,2026-05-11,0.0
XD,Ulldemolins,2026-05-11,0.0
XE,Tarragona - Complex Educatiu,2026-05-11,0.0
XF,Sabadell - Parc Agrari,2026-05-11,0.0
XG,Parets del Vallès,2026-05-11,0.0
XH,Sort,2026-05-11,0.0
XI,Mollerussa,2026-05-11,0.1
XJ,Girona,2026-05-11,0.0
XK,Puig Sesolles (1.666 m),2026-05-11,0.0
XL,el Prat de Llobregat,2026-05-11,0.0
XM,els Alamús,2026-05-11,0.1
XN,Seròs,2026-05-11,0.0
XO,Vic,2026-05-11,0.0
XP,Gandesa,2026-05-11,0.0
XQ,Tremp,2026-05-11,0.1
XR,Prades,2026-05-11,0.0
XS,Santa Coloma de Farners,2026-05-11,0.0
XT,Solsona,2026-05-11,0.0
XU,Canyelles,2026-05-11,0.0
XV,Sant Cugat del Vallès - CAR,2026-05-11,0.0
XX,Anglesola - Tornabous,2026-05-11,0.1
XY,Alcarràs,2026-05-11,0.0
XZ,Torroella de Fluvià,2026-05-11,0.0
Y4,Alinyà,2026-05-11,0.0
Y5,Navata,2026-05-11,0.0
Y6,Tivissa,2026-05-11,0.0
YA,Puigcerdà,2026-05-11,0.0
YB,Olot,2026-05-11,0.0
YC,la Pobla de Segur,2026-05-11,0.1
YD,les Borges Blanques,2026-05-11,0.1
YE,Massoteres,2026-05-11,0.1
YF,Miami Platja,2026-05-11,0.0
YG,Tírvia,2026-05-11,0.6
YH,Pujalt,2026-05-11,0.1
YJ,Lleida - la Femosa,2026-05-11,0.1
YK,Terrassa,2026-05-11,0.0
YL,Riudecanyes,2026-05-11,0.0
YM,Granollers,2026-05-11,0.0
YN,Vielha - Elipòrt,2026-05-11,0.2
YO,Sant Sadurní d'Anoia,2026-05-11,0.0
YP,Palafrugell,2026-05-11,0.0
YQ,Port de Barcelona - ZAL Prat,2026-05-11,0.0
YR,Vilanova i la Geltrú,2026-05-11,0.0
YS,Cabanes,2026-05-11,1.9
YT,Bonabé (1.691 m),2026-05-11,0.5
YU,Cantonigròs,2026-05-11,0.0
YV,Mataró,2026-05-11,0.0
YX,Batea,2026-05-11,0.0
YY,Viladecans - les Filipines,2026-05-11,0.0
Z1,Bonaigua (2.262 m),2026-05-11,1.0
Z2,Boí (2.537 m),2026-05-11,0.0
Z3,Malniu (2.229 m),2026-05-11,0.0
Z5,Certascan (2.398 m),2026-05-11,4.3
Z6,Sasseuva (2.226 m),2026-05-11,0.0
Z7,Espot (2.519 m),2026-05-11,1.8
Z9,Cadí Nord (2.145 m) - Prat d'Aguiló,2026-05-11,0.0
ZB,Salòria (2.451 m),2026-05-11,1.8
ZC,Ulldeter (2.413 m),2026-05-11,2.1
ZE,el Port del Comte (2.288 m),2026-05-11,0.0
C6,Castellnou de Seana,2026-05-12,6.8
C7,Tàrrega,2026-05-12,4.9
C8,Cervera,2026-05-12,3.0
C9,Mas de Barberans,2026-05-12,0.2
CC,Orís,2026-05-12,5.0
CD,la Seu d'Urgell - Bellestar,2026-05-12,0.4
CE,els Hostalets de Pierola,2026-05-12,36.8
CG,Molló - Fabert,2026-05-12,24.5
CI,Sant Pau de Segúries,2026-05-12,54.3
CJ,Organyà,2026-05-12,13.2
CL,Sant Salvador de Guardiola,2026-05-12,4.7
CP,Sant Romà d'Abella,2026-05-12,2.6
CQ,Vilanova de Meià,2026-05-12,0.2
CR,la Quar,2026-05-12,10.0
CT,el Pont de Suert,2026-05-12,0.0
CW,l'Espluga de Francolí,2026-05-12,1.0
CY,Muntanyola,2026-05-12,0.3
D1,Margalef,2026-05-12,2.1
D2,Vacarisses,2026-05-12,19.8
D3,Vallirana,2026-05-12,3.3
D4,Roses,2026-05-12,36.6
D5,Barcelona - Observatori Fabra,2026-05-12,17.8
D6,Portbou - coll dels Belitres,2026-05-12,2.9
D7,Vinebre,2026-05-12,0.8
D8,Horta de Sant Joan,2026-05-12,17.3
D9,el Vendrell,2026-05-12,1.1
DB,el Perelló,2026-05-12,6.1
DF,la Bisbal d'Empordà,2026-05-12,2.5
DG,Núria (1.971 m),2026-05-12,8.7
DI,Font-rubí,2026-05-12,7.8
DJ,Banyoles,2026-05-12,20.2
DK,Torredembarra,2026-05-12,2.0
DL,Illa de Buda,2026-05-12,2.4
DN,Anglès,2026-05-12,0.0
DO,Castell d'Aro,2026-05-12,0.0
DP,Das - Aeròdrom,2026-05-12,9.0
DQ,Vila-rodona,2026-05-12,4.2
H1,Òdena,2026-05-12,8.8
J5,Pantà de Darnius - Boadella,2026-05-12,12.6
KE,Pantà de Sau,2026-05-12,0.3
KP,Fogars de la Selva,2026-05-12,0.8
KX,la Roca del Vallès - ETAP Cardedeu,2026-05-12,15.0
M6,Sant Joan de les Abadesses,2026-05-12,9.8
MQ,Cardona,2026-05-12,5.8
MR,Pantà de Siurana,2026-05-12,1.5
MS,Castellar de n'Hug - el Clot del Moro,2026-05-12,10.0
MV,Guixers - Valls,2026-05-12,11.9
MW,Navès,2026-05-12,14.3
U2,Sant Pere Pescador,2026-05-12,21.0
U3,Sant Martí Sarroca,2026-05-12,6.2
U4,Castellnou de Bages,2026-05-12,1.9
U6,Vinyols i els Arcs - Cambrils,2026-05-12,8.4
U7,Aldover,2026-05-12,24.0
U9,l'Aldea,2026-05-12,8.0
UA,l'Ametlla de Mar,2026-05-12,5.5
UB,la Tallada d'Empordà,2026-05-12,3.9
UE,Torroella de Montgrí,2026-05-12,13.9
UF,PN del Garraf - el Rascler,2026-05-12,1.4
UH,el Montmell,2026-05-12,5.8
UI,Gisclareny,2026-05-12,8.6
UJ,Santa Coloma de Queralt,2026-05-12,7.8
UK,Sant Pere de Ribes - PN del Garraf,2026-05-12,1.2
UM,la Granadella,2026-05-12,6.6
UN,Cassà de la Selva,2026-05-12,1.8
UO,Fornells de la Selva,2026-05-12,0.0
UP,Cabrils,2026-05-12,5.8
UQ,Dosrius - PN Montnegre Corredor,2026-05-12,9.0
US,les Cases d'Alcanar,2026-05-12,3.5
UU,Amposta,2026-05-12,3.4
UW,els Alfacs,2026-05-12,0.5
UX,Ulldecona - els Valentins,2026-05-12,5.7
UY,Os de Balaguer - el Monestir d'Avellanes,2026-05-12,2.1
V1,Vallfogona de Balaguer,2026-05-12,0.9
V4,Montesquiu,2026-05-12,3.4
V5,Perafita,2026-05-12,6.9
V8,el Poal,2026-05-12,0.7
VA,Ascó,2026-05-12,2.6
VB,Benissanet,2026-05-12,10.7
VC,Pantà de Riba-roja,2026-05-12,0.0
VD,el Canós,2026-05-12,4.7
VH,Gimenells,2026-05-12,3.3
VK,Raimat,2026-05-12,0.4
VM,Vilanova de Segrià,2026-05-12,0.3
VO,Lladurs,2026-05-12,15.1
VP,Pinós,2026-05-12,6.2
VQ,Constantí,2026-05-12,6.7
VS,Lac Redon (2.245 m),2026-05-12,11.6
VU,Rellinars,2026-05-12,36.8
VV,Sant Llorenç Savall,2026-05-12,10.7
VX,Tagamanent - PN del Montseny,2026-05-12,7.7
VY,Nulles,2026-05-12,5.1
VZ,Espolla,2026-05-12,13.2
W1,Castelló d'Empúries,2026-05-12,21.8
W4,Vilafranca del Penedès - la Granada,2026-05-12,3.4
W5,Oliana,2026-05-12,11.0
W8,Blancafort,2026-05-12,6.0
W9,la Vall d'en Bas,2026-05-12,5.2
WA,Oliola,2026-05-12,12.8
WB,Albesa,2026-05-12,0.0
WC,Golmés,2026-05-12,5.5
WG,Algerri,2026-05-12,0.1
WI,Maials,2026-05-12,0.0
WJ,el Masroig,2026-05-12,4.0
WK,Alfarràs,2026-05-12,0.2
WL,Sant Martí de Riucorb,2026-05-12,6.8
WM,Santuari de Queralt,2026-05-12,10.1
WN,Montserrat - Sant Dimes,2026-05-12,52.8
WO,la Bisbal del Penedès,2026-05-12,8.3
WP,Canaletes,2026-05-12,6.4
WQ,Montsec d'Ares (1.571 m),2026-05-12,0.0
WR,Torroja del Priorat,2026-05-12,2.8
WS,Viladrau,2026-05-12,0.5
WT,Malgrat de Mar,2026-05-12,1.1
WU,Badalona - Museu,2026-05-12,6.1
WV,Guardiola de Berguedà,2026-05-12,25.3
WW,Artés,2026-05-12,1.3
WX,Camarasa,2026-05-12,9.2
WZ,Cunit,2026-05-12,0.5
X1,Falset,2026-05-12,4.2
X3,Alguaire,2026-05-12,0.0
X4,Barcelona - el Raval,2026-05-12,17.9
X5,PN dels Ports,2026-05-12,24.5
X6,Baldomar,2026-05-12,2.0
X7,Torres de Segre,2026-05-12,8.6
X8,Barcelona - Zona Universitària,2026-05-12,17.8
X9,Caldes de Montbui,2026-05-12,15.5
XA,la Panadella,2026-05-12,7.2
XB,la Llacuna,2026-05-12,12.5
XC,Castellbisbal,2026-05-12,36.4
XD,Ulldemolins,2026-05-12,3.3
XE,Tarragona - Complex Educatiu,2026-05-12,7.0
XF,Sabadell - Parc Agrari,2026-05-12,6.9
XG,Parets del Vallès,2026-05-12,10.9
XH,Sort,2026-05-12,3.4
XI,Mollerussa,2026-05-12,7.3
XJ,Girona,2026-05-12,1.0
XK,Puig Sesolles (1.666 m),2026-05-12,7.6
XL,el Prat de Llobregat,2026-05-12,2.2
XM,els Alamús,2026-05-12,0.7
XN,Seròs,2026-05-12,0.0
XO,Vic,2026-05-12,0.6
XP,Gandesa,2026-05-12,4.8
XQ,Tremp,2026-05-12,0.0
XR,Prades,2026-05-12,1.9
XS,Santa Coloma de Farners,2026-05-12,0.2
XT,Solsona,2026-05-12,11.7
XU,Canyelles,2026-05-12,0.7
XV,Sant Cugat del Vallès - CAR,2026-05-12,19.0
XX,Anglesola - Tornabous,2026-05-12,7.3
XY,Alcarràs,2026-05-12,8.4
XZ,Torroella de Fluvià,2026-05-12,21.3
Y4,Alinyà,2026-05-12,10.2
Y5,Navata,2026-05-12,32.5
Y6,Tivissa,2026-05-12,12.4
YA,Puigcerdà,2026-05-12,12.3
YB,Olot,2026-05-12,31.0
YC,la Pobla de Segur,2026-05-12,0.2
YD,les Borges Blanques,2026-05-12,16.3
YE,Massoteres,2026-05-12,8.3
YF,Miami Platja,2026-05-12,10.8
YG,Tírvia,2026-05-12,8.4
YH,Pujalt,2026-05-12,5.6
YJ,Lleida - la Femosa,2026-05-12,1.2
YK,Terrassa,2026-05-12,15.4
YL,Riudecanyes,2026-05-12,16.1
YM,Granollers,2026-05-12,14.2
YN,Vielha - Elipòrt,2026-05-12,7.5
YO,Sant Sadurní d'Anoia,2026-05-12,4.7
YP,Palafrugell,2026-05-12,4.7
YQ,Port de Barcelona - ZAL Prat,2026-05-12,0.1
YR,Vilanova i la Geltrú,2026-05-12,0.7
YS,Cabanes,2026-05-12,27.4
YT,Bonabé (1.691 m),2026-05-12,8.3
YU,Cantonigròs,2026-05-12,2.1
YV,Mataró,2026-05-12,9.0
YX,Batea,2026-05-12,8.0
YY,Viladecans - les Filipines,2026-05-12,0.2
Z1,Bonaigua (2.262 m),2026-05-12,5.4
Z2,Boí (2.537 m),2026-05-12,1.2
Z3,Malniu (2.229 m),2026-05-12,9.3
Z5,Certascan (2.398 m),2026-05-12,8.2
Z6,Sasseuva (2.226 m),2026-05-12,17.6
Z7,Espot (2.519 m),2026-05-12,0.0
Z9,Cadí Nord (2.145 m) - Prat d'Aguiló,2026-05-12,7.2
ZB,Salòria (2.451 m),2026-05-12,7.5
ZC,Ulldeter (2.413 m),2026-05-12,24.4
ZE,el Port del Comte (2.288 m),2026-05-12,8.1
C6,Castellnou de Seana,2026-05-13,0.0
C7,Tàrrega,2026-05-13,0.0
C8,Cervera,2026-05-13,0.0
C9,Mas de Barberans,2026-05-13,0.0
CC,Orís,2026-05-13,0.1
CD,la Seu d'Urgell - Bellestar,2026-05-13,0.0
CE,els Hostalets de Pierola,2026-05-13,0.0
CG,Molló - Fabert,2026-05-13,0.7
CI,Sant Pau de Segúries,2026-05-13,1.5
CJ,Organyà,2026-05-13,0.1
CL,Sant Salvador de Guardiola,2026-05-13,0.0
CP,Sant Romà d'Abella,2026-05-13,0.0
CQ,Vilanova de Meià,2026-05-13,0.0
CR,la Quar,2026-05-13,0.1
CT,el Pont de Suert,2026-05-13,1.3
CW,l'Espluga de Francolí,2026-05-13,0.0
CY,Muntanyola,2026-05-13,0.0
D1,Margalef,2026-05-13,0.0
D2,Vacarisses,2026-05-13,0.0
D3,Vallirana,2026-05-13,0.0
D4,Roses,2026-05-13,0.0
D5,Barcelona - Observatori Fabra,2026-05-13,0.0
D6,Portbou - coll dels Belitres,2026-05-13,0.0
D7,Vinebre,2026-05-13,0.0
D8,Horta de Sant Joan,2026-05-13,0.0
D9,el Vendrell,2026-05-13,0.0
DB,el Perelló,2026-05-13,0.0
DF,la Bisbal d'Empordà,2026-05-13,0.0
DG,Núria (1.971 m),2026-05-13,0.4
DI,Font-rubí,2026-05-13,0.0
DJ,Banyoles,2026-05-13,0.2
DK,Torredembarra,2026-05-13,0.0
DL,Illa de Buda,2026-05-13,0.0
DN,Anglès,2026-05-13,0.1
DO,Castell d'Aro,2026-05-13,0.0
DP,Das - Aeròdrom,2026-05-13,0.1
DQ,Vila-rodona,2026-05-13,0.0
H1,Òdena,2026-05-13,0.0
J5,Pantà de Darnius - Boadella,2026-05-13,0.0
KE,Pantà de Sau,2026-05-13,0.0
KP,Fogars de la Selva,2026-05-13,0.0
KX,la Roca del Vallès - ETAP Cardedeu,2026-05-13,0.0
M6,Sant Joan de les Abadesses,2026-05-13,0.3
MQ,Cardona,2026-05-13,0.0
MR,Pantà de Siurana,2026-05-13,0.0
MS,Castellar de n'Hug - el Clot del Moro,2026-05-13,0.5
MV,Guixers - Valls,2026-05-13,0.0
MW,Navès,2026-05-13,0.1
U2,Sant Pere Pescador,2026-05-13,0.1
U3,Sant Martí Sarroca,2026-05-13,0.0
U4,Castellnou de Bages,2026-05-13,0.0
U6,Vinyols i els Arcs - Cambrils,2026-05-13,0.0
U7,Aldover,2026-05-13,0.0
U9,l'Aldea,2026-05-13,0.0
UA,l'Ametlla de Mar,2026-05-13,0.0
UB,la Tallada d'Empordà,2026-05-13,0.1
UE,Torroella de Montgrí,2026-05-13,0.0
UF,PN del Garraf - el Rascler,2026-05-13,0.0
UH,el Montmell,2026-05-13,0.0
UI,Gisclareny,2026-05-13,0.5
UJ,Santa Coloma de Queralt,2026-05-13,0.0
UK,Sant Pere de Ribes - PN del Garraf,2026-05-13,0.0
UM,la Granadella,2026-05-13,0.0
UN,Cassà de la Selva,2026-05-13,0.1
UO,Fornells de la Selva,2026-05-13,0.7
UP,Cabrils,2026-05-13,0.0
UQ,Dosrius - PN Montnegre Corredor,2026-05-13,0.1
US,les Cases d'Alcanar,2026-05-13,0.0
UU,Amposta,2026-05-13,0.0
UW,els Alfacs,2026-05-13,0.0
UX,Ulldecona - els Valentins,2026-05-13,0.0
UY,Os de Balaguer - el Monestir d'Avellanes,2026-05-13,0.0
V1,Vallfogona de Balaguer,2026-05-13,0.0
V4,Montesquiu,2026-05-13,0.1
V5,Perafita,2026-05-13,0.0
V8,el Poal,2026-05-13,0.0
VA,Ascó,2026-05-13,0.0
VB,Benissanet,2026-05-13,0.0
VC,Pantà de Riba-roja,2026-05-13,0.0
VD,el Canós,2026-05-13,0.0
VH,Gimenells,2026-05-13,0.0
VK,Raimat,2026-05-13,0.0
VM,Vilanova de Segrià,2026-05-13,0.0
VO,Lladurs,2026-05-13,0.2
VP,Pinós,2026-05-13,0.0
VQ,Constantí,2026-05-13,0.0
VS,Lac Redon (2.245 m),2026-05-13,2.3
VU,Rellinars,2026-05-13,0.0
VV,Sant Llorenç Savall,2026-05-13,0.0
VX,Tagamanent - PN del Montseny,2026-05-13,0.0
VY,Nulles,2026-05-13,0.0
VZ,Espolla,2026-05-13,0.0
W1,Castelló d'Empúries,2026-05-13,0.0
W4,Vilafranca del Penedès - la Granada,2026-05-13,0.0
W5,Oliana,2026-05-13,0.1
W8,Blancafort,2026-05-13,0.0
W9,la Vall d'en Bas,2026-05-13,3.5
WA,Oliola,2026-05-13,0.0
WB,Albesa,2026-05-13,0.0
WC,Golmés,2026-05-13,0.0
WG,Algerri,2026-05-13,0.0
WI,Maials,2026-05-13,0.0
WJ,el Masroig,2026-05-13,0.0
WK,Alfarràs,2026-05-13,0.0
WL,Sant Martí de Riucorb,2026-05-13,0.0
WM,Santuari de Queralt,2026-05-13,1.6
WN,Montserrat - Sant Dimes,2026-05-13,0.0
WO,la Bisbal del Penedès,2026-05-13,0.0
WP,Canaletes,2026-05-13,0.0
WQ,Montsec d'Ares (1.571 m),2026-05-13,0.0
WR,Torroja del Priorat,2026-05-13,0.0
WS,Viladrau,2026-05-13,0.0
WT,Malgrat de Mar,2026-05-13,0.0
WU,Badalona - Museu,2026-05-13,0.0
WV,Guardiola de Berguedà,2026-05-13,0.3
WW,Artés,2026-05-13,0.0
WX,Camarasa,2026-05-13,0.0
WZ,Cunit,2026-05-13,0.0
X1,Falset,2026-05-13,0.0
X3,Alguaire,2026-05-13,0.0
X4,Barcelona - el Raval,2026-05-13,0.0
X5,PN dels Ports,2026-05-13,0.0
X6,Baldomar,2026-05-13,0.0
X7,Torres de Segre,2026-05-13,0.0
X8,Barcelona - Zona Universitària,2026-05-13,0.0
X9,Caldes de Montbui,2026-05-13,0.0
XA,la Panadella,2026-05-13,0.0
XB,la Llacuna,2026-05-13,0.0
XC,Castellbisbal,2026-05-13,0.1
XD,Ulldemolins,2026-05-13,0.0
XE,Tarragona - Complex Educatiu,2026-05-13,0.0
XF,Sabadell - Parc Agrari,2026-05-13,0.0
XG,Parets del Vallès,2026-05-13,0.0
XH,Sort,2026-05-13,0.0
XI,Mollerussa,2026-05-13,0.0
XJ,Girona,2026-05-13,7.2
XK,Puig Sesolles (1.666 m),2026-05-13,0.0
XL,el Prat de Llobregat,2026-05-13,0.0
XM,els Alamús,2026-05-13,0.0
XN,Seròs,2026-05-13,0.0
XO,Vic,2026-05-13,0.0
XP,Gandesa,2026-05-13,0.0
XQ,Tremp,2026-05-13,0.0
XR,Prades,2026-05-13,0.0
XS,Santa Coloma de Farners,2026-05-13,0.9
XT,Solsona,2026-05-13,0.0
XU,Canyelles,2026-05-13,0.0
XV,Sant Cugat del Vallès - CAR,2026-05-13,0.0
XX,Anglesola - Tornabous,2026-05-13,0.0
XY,Alcarràs,2026-05-13,0.0
XZ,Torroella de Fluvià,2026-05-13,0.1
Y4,Alinyà,2026-05-13,0.0
Y5,Navata,2026-05-13,0.5
Y6,Tivissa,2026-05-13,0.0
YA,Puigcerdà,2026-05-13,0.0
YB,Olot,2026-05-13,0.7
YC,la Pobla de Segur,2026-05-13,0.0
YD,les Borges Blanques,2026-05-13,0.0
YE,Massoteres,2026-05-13,0.1
YF,Miami Platja,2026-05-13,0.0
YG,Tírvia,2026-05-13,0.0
YH,Pujalt,2026-05-13,0.0
YJ,Lleida - la Femosa,2026-05-13,0.0
YK,Terrassa,2026-05-13,0.0
YL,Riudecanyes,2026-05-13,0.0
YM,Granollers,2026-05-13,0.1
YN,Vielha - Elipòrt,2026-05-13,1.0
YO,Sant Sadurní d'Anoia,2026-05-13,0.0
YP,Palafrugell,2026-05-13,0.0
YQ,Port de Barcelona - ZAL Prat,2026-05-13,0.0
YR,Vilanova i la Geltrú,2026-05-13,0.0
YS,Cabanes,2026-05-13,0.0
YT,Bonabé (1.691 m),2026-05-13,0.5
YU,Cantonigròs,2026-05-13,0.2
YV,Mataró,2026-05-13,0.0
YX,Batea,2026-05-13,0.0
YY,Viladecans - les Filipines,2026-05-13,0.0
Z1,Bonaigua (2.262 m),2026-05-13,1.2
Z2,Boí (2.537 m),2026-05-13,0.0
Z3,Malniu (2.229 m),2026-05-13,0.0
Z5,Certascan (2.398 m),2026-05-13,0.8
Z6,Sasseuva (2.226 m),2026-05-13,0.9
Z7,Espot (2.519 m),2026-05-13,0.0
Z9,Cadí Nord (2.145 m) - Prat d'Aguiló,2026-05-13,0.0
ZB,Salòria (2.451 m),2026-05-13,0.0
ZC,Ulldeter (2.413 m),2026-05-13,0.0
ZE,el Port del Comte (2.288 m),2026-05-13,0.0
C6,Castellnou de Seana,2026-05-14,0.0
C7,Tàrrega,2026-05-14,0.0
C8,Cervera,2026-05-14,0.0
C9,Mas de Barberans,2026-05-14,0.0
CC,Orís,2026-05-14,0.5
CD,la Seu d'Urgell - Bellestar,2026-05-14,2.2
CE,els Hostalets de Pierola,2026-05-14,0.0
CG,Molló - Fabert,2026-05-14,35.7
CI,Sant Pau de Segúries,2026-05-14,7.9
CJ,Organyà,2026-05-14,0.0
CL,Sant Salvador de Guardiola,2026-05-14,0.0
CP,Sant Romà d'Abella,2026-05-14,0.0
CQ,Vilanova de Meià,2026-05-14,0.1
CR,la Quar,2026-05-14,0.0
CT,el Pont de Suert,2026-05-14,0.0
CW,l'Espluga de Francolí,2026-05-14,0.1
CY,Muntanyola,2026-05-14,0.0
D1,Margalef,2026-05-14,0.1
D2,Vacarisses,2026-05-14,0.0
D3,Vallirana,2026-05-14,0.0
D4,Roses,2026-05-14,26.8
D5,Barcelona - Observatori Fabra,2026-05-14,0.0
D6,Portbou - coll dels Belitres,2026-05-14,9.8
D7,Vinebre,2026-05-14,0.0
D8,Horta de Sant Joan,2026-05-14,0.0
D9,el Vendrell,2026-05-14,0.0
DB,el Perelló,2026-05-14,0.0
DF,la Bisbal d'Empordà,2026-05-14,1.2
DG,Núria (1.971 m),2026-05-14,7.5
DI,Font-rubí,2026-05-14,0.0
DJ,Banyoles,2026-05-14,4.3
DK,Torredembarra,2026-05-14,0.0
DL,Illa de Buda,2026-05-14,0.0
DN,Anglès,2026-05-14,0.7
DO,Castell d'Aro,2026-05-14,0.6
DP,Das - Aeròdrom,2026-05-14,0.8
DQ,Vila-rodona,2026-05-14,0.0
H1,Òdena,2026-05-14,0.0
J5,Pantà de Darnius - Boadella,2026-05-14,54.9
KE,Pantà de Sau,2026-05-14,0.0
KP,Fogars de la Selva,2026-05-14,0.0
KX,la Roca del Vallès - ETAP Cardedeu,2026-05-14,0.0
M6,Sant Joan de les Abadesses,2026-05-14,1.0
MQ,Cardona,2026-05-14,0.0
MR,Pantà de Siurana,2026-05-14,0.0
MS,Castellar de n'Hug - el Clot del Moro,2026-05-14,2.5
MV,Guixers - Valls,2026-05-14,0.0
MW,Navès,2026-05-14,0.0
U2,Sant Pere Pescador,2026-05-14,40.2
U3,Sant Martí Sarroca,2026-05-14,0.0
U4,Castellnou de Bages,2026-05-14,0.0
U6,Vinyols i els Arcs - Cambrils,2026-05-14,0.0
U7,Aldover,2026-05-14,0.0
U9,l'Aldea,2026-05-14,0.0
UA,l'Ametlla de Mar,2026-05-14,0.0
UB,la Tallada d'Empordà,2026-05-14,8.6
UE,Torroella de Montgrí,2026-05-14,7.8
UF,PN del Garraf - el Rascler,2026-05-14,0.0
UH,el Montmell,2026-05-14,0.0
UI,Gisclareny,2026-05-14,0.5
UJ,Santa Coloma de Queralt,2026-05-14,0.0
UK,Sant Pere de Ribes - PN del Garraf,2026-05-14,0.0
UM,la Granadella,2026-05-14,0.1
UN,Cassà de la Selva,2026-05-14,2.9
UO,Fornells de la Selva,2026-05-14,0.9
UP,Cabrils,2026-05-14,0.0
UQ,Dosrius - PN Montnegre Corredor,2026-05-14,0.0
US,les Cases d'Alcanar,2026-05-14,0.0
UU,Amposta,2026-05-14,0.0
UW,els Alfacs,2026-05-14,0.0
UX,Ulldecona - els Valentins,2026-05-14,0.0
UY,Os de Balaguer - el Monestir d'Avellanes,2026-05-14,0.0
V1,Vallfogona de Balaguer,2026-05-14,0.0
V4,Montesquiu,2026-05-14,0.6
V5,Perafita,2026-05-14,0.0
V8,el Poal,2026-05-14,0.0
VA,Ascó,2026-05-14,0.0
VB,Benissanet,2026-05-14,0.0
VC,Pantà de Riba-roja,2026-05-14,0.0
VD,el Canós,2026-05-14,0.0
VH,Gimenells,2026-05-14,0.0
VK,Raimat,2026-05-14,0.0
VM,Vilanova de Segrià,2026-05-14,0.0
VO,Lladurs,2026-05-14,0.0
VP,Pinós,2026-05-14,0.1
VQ,Constantí,2026-05-14,0.0
VS,Lac Redon (2.245 m),2026-05-14,6.1
VU,Rellinars,2026-05-14,0.0
VV,Sant Llorenç Savall,2026-05-14,0.0
VX,Tagamanent - PN del Montseny,2026-05-14,0.0
VY,Nulles,2026-05-14,0.0
VZ,Espolla,2026-05-14,16.2
W1,Castelló d'Empúries,2026-05-14,26.7
W4,Vilafranca del Penedès - la Granada,2026-05-14,0.0
W5,Oliana,2026-05-14,0.0
W8,Blancafort,2026-05-14,0.1
W9,la Vall d'en Bas,2026-05-14,2.7
WA,Oliola,2026-05-14,0.1
WB,Albesa,2026-05-14,0.0
WC,Golmés,2026-05-14,0.0
WG,Algerri,2026-05-14,0.0
WI,Maials,2026-05-14,0.1
WJ,el Masroig,2026-05-14,0.0
WK,Alfarràs,2026-05-14,0.0
WL,Sant Martí de Riucorb,2026-05-14,0.0
WM,Santuari de Queralt,2026-05-14,0.1
WN,Montserrat - Sant Dimes,2026-05-14,0.0
WO,la Bisbal del Penedès,2026-05-14,0.0
WP,Canaletes,2026-05-14,0.0
WQ,Montsec d'Ares (1.571 m),2026-05-14,0.0
WR,Torroja del Priorat,2026-05-14,0.0
WS,Viladrau,2026-05-14,0.0
WT,Malgrat de Mar,2026-05-14,0.0
WU,Badalona - Museu,2026-05-14,0.0
WV,Guardiola de Berguedà,2026-05-14,0.5
WW,Artés,2026-05-14,0.0
WX,Camarasa,2026-05-14,0.0
WZ,Cunit,2026-05-14,0.0
X1,Falset,2026-05-14,0.0
X3,Alguaire,2026-05-14,0.0
X4,Barcelona - el Raval,2026-05-14,0.0
X5,PN dels Ports,2026-05-14,0.0
X6,Baldomar,2026-05-14,0.0
X7,Torres de Segre,2026-05-14,0.0
X8,Barcelona - Zona Universitària,2026-05-14,0.0
X9,Caldes de Montbui,2026-05-14,0.0
XA,la Panadella,2026-05-14,0.0
XB,la Llacuna,2026-05-14,0.0
XC,Castellbisbal,2026-05-14,0.0
XD,Ulldemolins,2026-05-14,0.1
XE,Tarragona - Complex Educatiu,2026-05-14,0.0
XF,Sabadell - Parc Agrari,2026-05-14,0.0
XG,Parets del Vallès,2026-05-14,0.0
XH,Sort,2026-05-14,4.8
XI,Mollerussa,2026-05-14,0.0
XJ,Girona,2026-05-14,1.1
XK,Puig Sesolles (1.666 m),2026-05-14,0.0
XL,el Prat de Llobregat,2026-05-14,0.0
XM,els Alamús,2026-05-14,0.0
XN,Seròs,2026-05-14,0.0
XO,Vic,2026-05-14,0.0
XP,Gandesa,2026-05-14,0.0
XQ,Tremp,2026-05-14,0.0
XR,Prades,2026-05-14,0.3
XS,Santa Coloma de Farners,2026-05-14,0.5
XT,Solsona,2026-05-14,0.2
XU,Canyelles,2026-05-14,0.0
XV,Sant Cugat del Vallès - CAR,2026-05-14,0.0
XX,Anglesola - Tornabous,2026-05-14,0.0
XY,Alcarràs,2026-05-14,0.0
XZ,Torroella de Fluvià,2026-05-14,23.1
Y4,Alinyà,2026-05-14,0.0
Y5,Navata,2026-05-14,17.0
Y6,Tivissa,2026-05-14,0.0
YA,Puigcerdà,2026-05-14,5.0
YB,Olot,2026-05-14,3.2
YC,la Pobla de Segur,2026-05-14,0.0
YD,les Borges Blanques,2026-05-14,0.1
YE,Massoteres,2026-05-14,0.2
YF,Miami Platja,2026-05-14,0.0
YG,Tírvia,2026-05-14,1.1
YH,Pujalt,2026-05-14,0.3
YJ,Lleida - la Femosa,2026-05-14,0.0
YK,Terrassa,2026-05-14,0.0
YL,Riudecanyes,2026-05-14,0.0
YM,Granollers,2026-05-14,0.0
YN,Vielha - Elipòrt,2026-05-14,0.5
YO,Sant Sadurní d'Anoia,2026-05-14,0.0
YP,Palafrugell,2026-05-14,5.4
YQ,Port de Barcelona - ZAL Prat,2026-05-14,0.0
YR,Vilanova i la Geltrú,2026-05-14,0.0
YS,Cabanes,2026-05-14,34.7
YT,Bonabé (1.691 m),2026-05-14,0.3
YU,Cantonigròs,2026-05-14,0.3
YV,Mataró,2026-05-14,0.0
YX,Batea,2026-05-14,0.0
YY,Viladecans - les Filipines,2026-05-14,0.0
Z1,Bonaigua (2.262 m),2026-05-14,1.7
Z2,Boí (2.537 m),2026-05-14,2.3
Z3,Malniu (2.229 m),2026-05-14,3.9
Z5,Certascan (2.398 m),2026-05-14,0.3
Z6,Sasseuva (2.226 m),2026-05-14,3.1
Z7,Espot (2.519 m),2026-05-14,4.8
Z9,Cadí Nord (2.145 m) - Prat d'Aguiló,2026-05-14,0.9
ZB,Salòria (2.451 m),2026-05-14,2.1
ZC,Ulldeter (2.413 m),2026-05-14,10.7
ZE,el Port del Comte (2.288 m),2026-05-14,0.0
C6,Castellnou de Seana,2026-05-15,1.6
C7,Tàrrega,2026-05-15,2.0
C8,Cervera,2026-05-15,0.6
C9,Mas de Barberans,2026-05-15,0.0
CC,Orís,2026-05-15,1.4
CD,la Seu d'Urgell - Bellestar,2026-05-15,0.0
CE,els Hostalets de Pierola,2026-05-15,3.5
CG,Molló - Fabert,2026-05-15,3.1
CI,Sant Pau de Segúries,2026-05-15,0.1
CJ,Organyà,2026-05-15,0.0
CL,Sant Salvador de Guardiola,2026-05-15,0.0
CP,Sant Romà d'Abella,2026-05-15,0.0
CQ,Vilanova de Meià,2026-05-15,0.0
CR,la Quar,2026-05-15,3.7
CT,el Pont de Suert,2026-05-15,0.0
CW,l'Espluga de Francolí,2026-05-15,1.4
CY,Muntanyola,2026-05-15,9.5
D1,Margalef,2026-05-15,0.1
D2,Vacarisses,2026-05-15,0.0
D3,Vallirana,2026-05-15,2.1
D4,Roses,2026-05-15,2.8
D5,Barcelona - Observatori Fabra,2026-05-15,0.6
D6,Portbou - coll dels Belitres,2026-05-15,10.4
D7,Vinebre,2026-05-15,0.1
D8,Horta de Sant Joan,2026-05-15,0.1
D9,el Vendrell,2026-05-15,2.7
DB,el Perelló,2026-05-15,0.0
DF,la Bisbal d'Empordà,2026-05-15,8.2
DG,Núria (1.971 m),2026-05-15,3.9
DI,Font-rubí,2026-05-15,0.5
DJ,Banyoles,2026-05-15,1.6
DK,Torredembarra,2026-05-15,0.5
DL,Illa de Buda,2026-05-15,0.0
DN,Anglès,2026-05-15,1.3
DO,Castell d'Aro,2026-05-15,6.0
DP,Das - Aeròdrom,2026-05-15,0.1
DQ,Vila-rodona,2026-05-15,0.7
H1,Òdena,2026-05-15,0.1
J5,Pantà de Darnius - Boadella,2026-05-15,7.0
KE,Pantà de Sau,2026-05-15,0.5
KP,Fogars de la Selva,2026-05-15,3.0
KX,la Roca del Vallès - ETAP Cardedeu,2026-05-15,14.6
M6,Sant Joan de les Abadesses,2026-05-15,0.0
MQ,Cardona,2026-05-15,0.0
MR,Pantà de Siurana,2026-05-15,0.0
MS,Castellar de n'Hug - el Clot del Moro,2026-05-15,0.1
MV,Guixers - Valls,2026-05-15,0.0
MW,Navès,2026-05-15,0.1
U2,Sant Pere Pescador,2026-05-15,4.9
U3,Sant Martí Sarroca,2026-05-15,2.8
U4,Castellnou de Bages,2026-05-15,0.1
U6,Vinyols i els Arcs - Cambrils,2026-05-15,0.0
U7,Aldover,2026-05-15,0.0
U9,l'Aldea,2026-05-15,0.0
UA,l'Ametlla de Mar,2026-05-15,0.0
UB,la Tallada d'Empordà,2026-05-15,2.0
UE,Torroella de Montgrí,2026-05-15,2.8
UF,PN del Garraf - el Rascler,2026-05-15,3.3
UH,el Montmell,2026-05-15,2.0
UI,Gisclareny,2026-05-15,0.0
UJ,Santa Coloma de Queralt,2026-05-15,0.9
UK,Sant Pere de Ribes - PN del Garraf,2026-05-15,0.6
UM,la Granadella,2026-05-15,0.0
UN,Cassà de la Selva,2026-05-15,11.0
UO,Fornells de la Selva,2026-05-15,5.2
UP,Cabrils,2026-05-15,2.1
UQ,Dosrius - PN Montnegre Corredor,2026-05-15,7.0
US,les Cases d'Alcanar,2026-05-15,0.0
UU,Amposta,2026-05-15,0.0
UW,els Alfacs,2026-05-15,0.0
UX,Ulldecona - els Valentins,2026-05-15,0.0
UY,Os de Balaguer - el Monestir d'Avellanes,2026-05-15,0.5
V1,Vallfogona de Balaguer,2026-05-15,3.4
V4,Montesquiu,2026-05-15,0.8
V5,Perafita,2026-05-15,0.7
V8,el Poal,2026-05-15,0.9
VA,Ascó,2026-05-15,0.3
VB,Benissanet,2026-05-15,0.0
VC,Pantà de Riba-roja,2026-05-15,0.0
VD,el Canós,2026-05-15,1.6
VH,Gimenells,2026-05-15,0.0
VK,Raimat,2026-05-15,0.0
VM,Vilanova de Segrià,2026-05-15,0.0
VO,Lladurs,2026-05-15,0.0
VP,Pinós,2026-05-15,0.4
VQ,Constantí,2026-05-15,0.0
VS,Lac Redon (2.245 m),2026-05-15,20.9
VU,Rellinars,2026-05-15,0.0
VV,Sant Llorenç Savall,2026-05-15,0.0
VX,Tagamanent - PN del Montseny,2026-05-15,9.4
VY,Nulles,2026-05-15,2.2
VZ,Espolla,2026-05-15,7.2
W1,Castelló d'Empúries,2026-05-15,2.4
W4,Vilafranca del Penedès - la Granada,2026-05-15,1.1
W5,Oliana,2026-05-15,2.2
W8,Blancafort,2026-05-15,5.7
W9,la Vall d'en Bas,2026-05-15,8.9
WA,Oliola,2026-05-15,0.0
WB,Albesa,2026-05-15,0.0
WC,Golmés,2026-05-15,0.7
WG,Algerri,2026-05-15,0.0
WI,Maials,2026-05-15,0.0
WJ,el Masroig,2026-05-15,0.0
WK,Alfarràs,2026-05-15,0.0
WL,Sant Martí de Riucorb,2026-05-15,0.4
WM,Santuari de Queralt,2026-05-15,0.8
WN,Montserrat - Sant Dimes,2026-05-15,0.3
WO,la Bisbal del Penedès,2026-05-15,2.8
WP,Canaletes,2026-05-15,0.2
WQ,Montsec d'Ares (1.571 m),2026-05-15,0.0
WR,Torroja del Priorat,2026-05-15,0.2
WS,Viladrau,2026-05-15,0.5
WT,Malgrat de Mar,2026-05-15,7.3
WU,Badalona - Museu,2026-05-15,0.0
WV,Guardiola de Berguedà,2026-05-15,0.2
WW,Artés,2026-05-15,0.5
WX,Camarasa,2026-05-15,2.5
WZ,Cunit,2026-05-15,0.2
X1,Falset,2026-05-15,0.0
X3,Alguaire,2026-05-15,0.0
X4,Barcelona - el Raval,2026-05-15,0.6
X5,PN dels Ports,2026-05-15,1.3
X6,Baldomar,2026-05-15,1.5
X7,Torres de Segre,2026-05-15,0.0
X8,Barcelona - Zona Universitària,2026-05-15,0.3
X9,Caldes de Montbui,2026-05-15,0.0
XA,la Panadella,2026-05-15,0.2
XB,la Llacuna,2026-05-15,0.3
XC,Castellbisbal,2026-05-15,0.1
XD,Ulldemolins,2026-05-15,0.1
XE,Tarragona - Complex Educatiu,2026-05-15,0.0
XF,Sabadell - Parc Agrari,2026-05-15,0.0
XG,Parets del Vallès,2026-05-15,0.0
XH,Sort,2026-05-15,0.0
XI,Mollerussa,2026-05-15,0.3
XJ,Girona,2026-05-15,0.8
XK,Puig Sesolles (1.666 m),2026-05-15,7.5
XL,el Prat de Llobregat,2026-05-15,1.0
XM,els Alamús,2026-05-15,0.0
XN,Seròs,2026-05-15,0.0
XO,Vic,2026-05-15,1.4
XP,Gandesa,2026-05-15,0.6
XQ,Tremp,2026-05-15,0.0
XR,Prades,2026-05-15,0.3
XS,Santa Coloma de Farners,2026-05-15,11.6
XT,Solsona,2026-05-15,0.0
XU,Canyelles,2026-05-15,0.5
XV,Sant Cugat del Vallès - CAR,2026-05-15,0.0
XX,Anglesola - Tornabous,2026-05-15,9.5
XY,Alcarràs,2026-05-15,0.0
XZ,Torroella de Fluvià,2026-05-15,4.3
Y4,Alinyà,2026-05-15,0.0
Y5,Navata,2026-05-15,2.4
Y6,Tivissa,2026-05-15,0.0
YA,Puigcerdà,2026-05-15,0.3
YB,Olot,2026-05-15,6.3
YC,la Pobla de Segur,2026-05-15,0.0
YD,les Borges Blanques,2026-05-15,0.0
YE,Massoteres,2026-05-15,0.0
YF,Miami Platja,2026-05-15,0.0
YG,Tírvia,2026-05-15,0.2
YH,Pujalt,2026-05-15,0.0
YJ,Lleida - la Femosa,2026-05-15,0.0
YK,Terrassa,2026-05-15,0.1
YL,Riudecanyes,2026-05-15,0.0
YM,Granollers,2026-05-15,6.1
YN,Vielha - Elipòrt,2026-05-15,2.8
YO,Sant Sadurní d'Anoia,2026-05-15,0.2
YP,Palafrugell,2026-05-15,4.5
YQ,Port de Barcelona - ZAL Prat,2026-05-15,0.7
YR,Vilanova i la Geltrú,2026-05-15,0.7
YS,Cabanes,2026-05-15,5.3
YT,Bonabé (1.691 m),2026-05-15,9.9
YU,Cantonigròs,2026-05-15,1.9
YV,Mataró,2026-05-15,5.3
YX,Batea,2026-05-15,0.3
YY,Viladecans - les Filipines,2026-05-15,10.8
Z1,Bonaigua (2.262 m),2026-05-15,4.8
Z2,Boí (2.537 m),2026-05-15,0.0
Z3,Malniu (2.229 m),2026-05-15,3.3
Z5,Certascan (2.398 m),2026-05-15,14.7
Z6,Sasseuva (2.226 m),2026-05-15,7.6
Z7,Espot (2.519 m),2026-05-15,2.8
Z9,Cadí Nord (2.145 m) - Prat d'Aguiló,2026-05-15,0.0
ZB,Salòria (2.451 m),2026-05-15,0.3
ZC,Ulldeter (2.413 m),2026-05-15,5.4
ZE,el Port del Comte (2.288 m),2026-05-15,0.0
C6,Castellnou de Seana,2026-05-16,0.0
C7,Tàrrega,2026-05-16,0.0
C8,Cervera,2026-05-16,0.0
C9,Mas de Barberans,2026-05-16,0.0
CC,Orís,2026-05-16,0.0
CD,la Seu d'Urgell - Bellestar,2026-05-16,0.0
CE,els Hostalets de Pierola,2026-05-16,0.0
CG,Molló - Fabert,2026-05-16,0.0
CI,Sant Pau de Segúries,2026-05-16,0.0
CJ,Organyà,2026-05-16,0.0
CL,Sant Salvador de Guardiola,2026-05-16,0.0
CP,Sant Romà d'Abella,2026-05-16,0.0
CQ,Vilanova de Meià,2026-05-16,0.0
CR,la Quar,2026-05-16,0.0
CT,el Pont de Suert,2026-05-16,0.0
CW,l'Espluga de Francolí,2026-05-16,0.0
CY,Muntanyola,2026-05-16,0.0
D1,Margalef,2026-05-16,0.0
D2,Vacarisses,2026-05-16,0.1
D3,Vallirana,2026-05-16,0.0
D4,Roses,2026-05-16,0.0
D5,Barcelona - Observatori Fabra,2026-05-16,0.0
D6,Portbou - coll dels Belitres,2026-05-16,0.0
D7,Vinebre,2026-05-16,0.0
D8,Horta de Sant Joan,2026-05-16,0.0
D9,el Vendrell,2026-05-16,0.0
DB,el Perelló,2026-05-16,0.0
DF,la Bisbal d'Empordà,2026-05-16,0.1
DG,Núria (1.971 m),2026-05-16,0.0
DI,Font-rubí,2026-05-16,0.0
DJ,Banyoles,2026-05-16,0.1
DK,Torredembarra,2026-05-16,0.0
DL,Illa de Buda,2026-05-16,0.0
DN,Anglès,2026-05-16,0.0
DO,Castell d'Aro,2026-05-16,0.7
DP,Das - Aeròdrom,2026-05-16,0.0
DQ,Vila-rodona,2026-05-16,0.0
H1,Òdena,2026-05-16,0.0
J5,Pantà de Darnius - Boadella,2026-05-16,0.0
KE,Pantà de Sau,2026-05-16,0.0
KP,Fogars de la Selva,2026-05-16,0.1
KX,la Roca del Vallès - ETAP Cardedeu,2026-05-16,0.1
M6,Sant Joan de les Abadesses,2026-05-16,0.0
MQ,Cardona,2026-05-16,0.0
MR,Pantà de Siurana,2026-05-16,0.0
MS,Castellar de n'Hug - el Clot del Moro,2026-05-16,0.0
MV,Guixers - Valls,2026-05-16,0.0
MW,Navès,2026-05-16,0.0
U2,Sant Pere Pescador,2026-05-16,0.0
U3,Sant Martí Sarroca,2026-05-16,0.0
U4,Castellnou de Bages,2026-05-16,0.0
U6,Vinyols i els Arcs - Cambrils,2026-05-16,0.0
U7,Aldover,2026-05-16,0.0
U9,l'Aldea,2026-05-16,0.0
UA,l'Ametlla de Mar,2026-05-16,0.0
UB,la Tallada d'Empordà,2026-05-16,0.1
UE,Torroella de Montgrí,2026-05-16,0.0
UF,PN del Garraf - el Rascler,2026-05-16,0.0
UH,el Montmell,2026-05-16,0.0
UI,Gisclareny,2026-05-16,0.0
UJ,Santa Coloma de Queralt,2026-05-16,0.0
UK,Sant Pere de Ribes - PN del Garraf,2026-05-16,0.0
UM,la Granadella,2026-05-16,0.0
UN,Cassà de la Selva,2026-05-16,0.4
UO,Fornells de la Selva,2026-05-16,0.1
UP,Cabrils,2026-05-16,0.0
UQ,Dosrius - PN Montnegre Corredor,2026-05-16,0.1
US,les Cases d'Alcanar,2026-05-16,0.0
UU,Amposta,2026-05-16,0.0
UW,els Alfacs,2026-05-16,0.0
UX,Ulldecona - els Valentins,2026-05-16,0.0
UY,Os de Balaguer - el Monestir d'Avellanes,2026-05-16,0.0
V1,Vallfogona de Balaguer,2026-05-16,0.0
V4,Montesquiu,2026-05-16,0.0
V5,Perafita,2026-05-16,0.1
V8,el Poal,2026-05-16,0.0
VA,Ascó,2026-05-16,0.0
VB,Benissanet,2026-05-16,0.0
VC,Pantà de Riba-roja,2026-05-16,0.0
VD,el Canós,2026-05-16,0.0
VH,Gimenells,2026-05-16,0.0
VK,Raimat,2026-05-16,0.0
VM,Vilanova de Segrià,2026-05-16,0.0
VO,Lladurs,2026-05-16,0.0
VP,Pinós,2026-05-16,0.0
VQ,Constantí,2026-05-16,0.0
VS,Lac Redon (2.245 m),2026-05-16,0.8
VU,Rellinars,2026-05-16,0.0
VV,Sant Llorenç Savall,2026-05-16,0.0
VX,Tagamanent - PN del Montseny,2026-05-16,0.1
VY,Nulles,2026-05-16,0.0
VZ,Espolla,2026-05-16,0.0
W1,Castelló d'Empúries,2026-05-16,0.0
W4,Vilafranca del Penedès - la Granada,2026-05-16,0.0
W5,Oliana,2026-05-16,0.0
W8,Blancafort,2026-05-16,0.0
W9,la Vall d'en Bas,2026-05-16,0.1
WA,Oliola,2026-05-16,0.0
WB,Albesa,2026-05-16,0.0
WC,Golmés,2026-05-16,0.0
WG,Algerri,2026-05-16,0.0
WI,Maials,2026-05-16,0.0
WJ,el Masroig,2026-05-16,0.0
WK,Alfarràs,2026-05-16,0.0
WL,Sant Martí de Riucorb,2026-05-16,0.0
WM,Santuari de Queralt,2026-05-16,0.0
WN,Montserrat - Sant Dimes,2026-05-16,0.0
WO,la Bisbal del Penedès,2026-05-16,0.0
WP,Canaletes,2026-05-16,0.0
WQ,Montsec d'Ares (1.571 m),2026-05-16,0.0
WR,Torroja del Priorat,2026-05-16,0.0
WS,Viladrau,2026-05-16,0.1
WT,Malgrat de Mar,2026-05-16,0.2
WU,Badalona - Museu,2026-05-16,0.0
WV,Guardiola de Berguedà,2026-05-16,0.0
WW,Artés,2026-05-16,0.0
WX,Camarasa,2026-05-16,0.0
WZ,Cunit,2026-05-16,0.0
X1,Falset,2026-05-16,0.0
X3,Alguaire,2026-05-16,0.0
X4,Barcelona - el Raval,2026-05-16,0.0
X5,PN dels Ports,2026-05-16,0.0
X6,Baldomar,2026-05-16,0.0
X7,Torres de Segre,2026-05-16,0.0
X8,Barcelona - Zona Universitària,2026-05-16,0.0
X9,Caldes de Montbui,2026-05-16,0.0
XA,la Panadella,2026-05-16,0.0
XB,la Llacuna,2026-05-16,0.0
XC,Castellbisbal,2026-05-16,0.1
XD,Ulldemolins,2026-05-16,0.0
XE,Tarragona - Complex Educatiu,2026-05-16,0.0
XF,Sabadell - Parc Agrari,2026-05-16,0.0
XG,Parets del Vallès,2026-05-16,0.0
XH,Sort,2026-05-16,0.0
XI,Mollerussa,2026-05-16,0.0
XJ,Girona,2026-05-16,0.0
XK,Puig Sesolles (1.666 m),2026-05-16,0.0
XL,el Prat de Llobregat,2026-05-16,0.0
XM,els Alamús,2026-05-16,0.0
XN,Seròs,2026-05-16,0.0
XO,Vic,2026-05-16,0.0
XP,Gandesa,2026-05-16,0.0
XQ,Tremp,2026-05-16,0.0
XR,Prades,2026-05-16,0.0
XS,Santa Coloma de Farners,2026-05-16,0.2
XT,Solsona,2026-05-16,0.0
XU,Canyelles,2026-05-16,0.0
XV,Sant Cugat del Vallès - CAR,2026-05-16,0.0
XX,Anglesola - Tornabous,2026-05-16,0.0
XY,Alcarràs,2026-05-16,0.0
XZ,Torroella de Fluvià,2026-05-16,0.0
Y4,Alinyà,2026-05-16,0.0
Y5,Navata,2026-05-16,0.0
Y6,Tivissa,2026-05-16,0.0
YA,Puigcerdà,2026-05-16,0.0
YB,Olot,2026-05-16,0.0
YC,la Pobla de Segur,2026-05-16,0.0
YD,les Borges Blanques,2026-05-16,0.0
YE,Massoteres,2026-05-16,0.0
YF,Miami Platja,2026-05-16,0.0
YG,Tírvia,2026-05-16,0.0
YH,Pujalt,2026-05-16,0.0
YJ,Lleida - la Femosa,2026-05-16,0.0
YK,Terrassa,2026-05-16,0.0
YL,Riudecanyes,2026-05-16,0.0
YM,Granollers,2026-05-16,0.1
YN,Vielha - Elipòrt,2026-05-16,0.0
YO,Sant Sadurní d'Anoia,2026-05-16,0.0
YP,Palafrugell,2026-05-16,0.0
YQ,Port de Barcelona - ZAL Prat,2026-05-16,0.0
YR,Vilanova i la Geltrú,2026-05-16,0.1
YS,Cabanes,2026-05-16,0.0
YT,Bonabé (1.691 m),2026-05-16,0.0
YU,Cantonigròs,2026-05-16,0.0
YV,Mataró,2026-05-16,0.0
YX,Batea,2026-05-16,0.0
YY,Viladecans - les Filipines,2026-05-16,0.0
Z1,Bonaigua (2.262 m),2026-05-16,0.9
Z2,Boí (2.537 m),2026-05-16,0.0
Z3,Malniu (2.229 m),2026-05-16,0.0
Z5,Certascan (2.398 m),2026-05-16,0.9
Z6,Sasseuva (2.226 m),2026-05-16,0.6
Z7,Espot (2.519 m),2026-05-16,0.3
Z9,Cadí Nord (2.145 m) - Prat d'Aguiló,2026-05-16,0.0
ZB,Salòria (2.451 m),2026-05-16,0.0
ZC,Ulldeter (2.413 m),2026-05-16,0.3
ZE,el Port del Comte (2.288 m),2026-05-16,0.0
C6,Castellnou de Seana,2026-05-17,0.0
C7,Tàrrega,2026-05-17,0.0
C8,Cervera,2026-05-17,0.4
C9,Mas de Barberans,2026-05-17,0.0
CC,Orís,2026-05-17,32.0
CD,la Seu d'Urgell - Bellestar,2026-05-17,6.4
CE,els Hostalets de Pierola,2026-05-17,0.0
CG,Molló - Fabert,2026-05-17,6.8
CI,Sant Pau de Segúries,2026-05-17,8.5
CJ,Organyà,2026-05-17,0.9
CL,Sant Salvador de Guardiola,2026-05-17,0.0
CP,Sant Romà d'Abella,2026-05-17,2.2
CQ,Vilanova de Meià,2026-05-17,0.9
CR,la Quar,2026-05-17,13.5
CT,el Pont de Suert,2026-05-17,0.6
CW,l'Espluga de Francolí,2026-05-17,0.0
CY,Muntanyola,2026-05-17,0.2
D1,Margalef,2026-05-17,0.0
D2,Vacarisses,2026-05-17,0.0
D3,Vallirana,2026-05-17,0.0
D4,Roses,2026-05-17,0.5
D5,Barcelona - Observatori Fabra,2026-05-17,0.0
D6,Portbou - coll dels Belitres,2026-05-17,0.0
D7,Vinebre,2026-05-17,0.0
D8,Horta de Sant Joan,2026-05-17,0.0
D9,el Vendrell,2026-05-17,0.0
DB,el Perelló,2026-05-17,0.0
DF,la Bisbal d'Empordà,2026-05-17,0.7
DG,Núria (1.971 m),2026-05-17,3.4
DI,Font-rubí,2026-05-17,0.0
DJ,Banyoles,2026-05-17,8.0
DK,Torredembarra,2026-05-17,0.0
DL,Illa de Buda,2026-05-17,0.0
DN,Anglès,2026-05-17,6.4
DO,Castell d'Aro,2026-05-17,0.1
DP,Das - Aeròdrom,2026-05-17,2.7
DQ,Vila-rodona,2026-05-17,0.0
H1,Òdena,2026-05-17,0.1
J5,Pantà de Darnius - Boadella,2026-05-17,0.0
KE,Pantà de Sau,2026-05-17,12.1
KP,Fogars de la Selva,2026-05-17,0.0
KX,la Roca del Vallès - ETAP Cardedeu,2026-05-17,0.0
M6,Sant Joan de les Abadesses,2026-05-17,6.4
MQ,Cardona,2026-05-17,0.1
MR,Pantà de Siurana,2026-05-17,0.0
MS,Castellar de n'Hug - el Clot del Moro,2026-05-17,6.8
MV,Guixers - Valls,2026-05-17,0.0
MW,Navès,2026-05-17,0.2
U2,Sant Pere Pescador,2026-05-17,0.0
U3,Sant Martí Sarroca,2026-05-17,0.0
U4,Castellnou de Bages,2026-05-17,0.0
U6,Vinyols i els Arcs - Cambrils,2026-05-17,0.0
U7,Aldover,2026-05-17,0.0
U9,l'Aldea,2026-05-17,0.0
UA,l'Ametlla de Mar,2026-05-17,0.0
UB,la Tallada d'Empordà,2026-05-17,0.5
UE,Torroella de Montgrí,2026-05-17,0.0
UF,PN del Garraf - el Rascler,2026-05-17,0.0
UH,el Montmell,2026-05-17,0.0
UI,Gisclareny,2026-05-17,7.1
UJ,Santa Coloma de Queralt,2026-05-17,0.0
UK,Sant Pere de Ribes - PN del Garraf,2026-05-17,0.0
UM,la Granadella,2026-05-17,0.2
UN,Cassà de la Selva,2026-05-17,0.8
UO,Fornells de la Selva,2026-05-17,0.7
UP,Cabrils,2026-05-17,0.0
UQ,Dosrius - PN Montnegre Corredor,2026-05-17,0.0
US,les Cases d'Alcanar,2026-05-17,0.0
UU,Amposta,2026-05-17,0.0
UW,els Alfacs,2026-05-17,0.0
UX,Ulldecona - els Valentins,2026-05-17,0.0
UY,Os de Balaguer - el Monestir d'Avellanes,2026-05-17,0.0
V1,Vallfogona de Balaguer,2026-05-17,0.0
V4,Montesquiu,2026-05-17,28.0
V5,Perafita,2026-05-17,3.7
V8,el Poal,2026-05-17,0.0
VA,Ascó,2026-05-17,0.0
VB,Benissanet,2026-05-17,0.0
VC,Pantà de Riba-roja,2026-05-17,0.0
VD,el Canós,2026-05-17,0.1
VH,Gimenells,2026-05-17,0.0
VK,Raimat,2026-05-17,0.0
VM,Vilanova de Segrià,2026-05-17,0.0
VO,Lladurs,2026-05-17,0.0
VP,Pinós,2026-05-17,0.3
VQ,Constantí,2026-05-17,0.0
VS,Lac Redon (2.245 m),2026-05-17,6.5
VU,Rellinars,2026-05-17,0.0
VV,Sant Llorenç Savall,2026-05-17,0.0
VX,Tagamanent - PN del Montseny,2026-05-17,0.0
VY,Nulles,2026-05-17,0.0
VZ,Espolla,2026-05-17,0.0
W1,Castelló d'Empúries,2026-05-17,1.5
W4,Vilafranca del Penedès - la Granada,2026-05-17,0.0
W5,Oliana,2026-05-17,0.8
W8,Blancafort,2026-05-17,0.0
W9,la Vall d'en Bas,2026-05-17,16.6
WA,Oliola,2026-05-17,0.8
WB,Albesa,2026-05-17,0.0
WC,Golmés,2026-05-17,0.0
WG,Algerri,2026-05-17,0.0
WI,Maials,2026-05-17,0.0
WJ,el Masroig,2026-05-17,0.0
WK,Alfarràs,2026-05-17,0.0
WL,Sant Martí de Riucorb,2026-05-17,0.0
WM,Santuari de Queralt,2026-05-17,2.4
WN,Montserrat - Sant Dimes,2026-05-17,0.0
WO,la Bisbal del Penedès,2026-05-17,0.0
WP,Canaletes,2026-05-17,0.0
WQ,Montsec d'Ares (1.571 m),2026-05-17,0.1
WR,Torroja del Priorat,2026-05-17,0.0
WS,Viladrau,2026-05-17,0.7
WT,Malgrat de Mar,2026-05-17,1.0
WU,Badalona - Museu,2026-05-17,0.0
WV,Guardiola de Berguedà,2026-05-17,2.4
WW,Artés,2026-05-17,0.0
WX,Camarasa,2026-05-17,0.0
WZ,Cunit,2026-05-17,0.0
X1,Falset,2026-05-17,0.0
X3,Alguaire,2026-05-17,0.0
X4,Barcelona - el Raval,2026-05-17,0.0
X5,PN dels Ports,2026-05-17,0.1
X6,Baldomar,2026-05-17,0.1
X7,Torres de Segre,2026-05-17,1.5
X8,Barcelona - Zona Universitària,2026-05-17,0.0
X9,Caldes de Montbui,2026-05-17,0.0
XA,la Panadella,2026-05-17,0.8
XB,la Llacuna,2026-05-17,0.0
XC,Castellbisbal,2026-05-17,0.0
XD,Ulldemolins,2026-05-17,0.0
XE,Tarragona - Complex Educatiu,2026-05-17,0.0
XF,Sabadell - Parc Agrari,2026-05-17,0.0
XG,Parets del Vallès,2026-05-17,0.0
XH,Sort,2026-05-17,10.2
XI,Mollerussa,2026-05-17,0.0
XJ,Girona,2026-05-17,1.5
XK,Puig Sesolles (1.666 m),2026-05-17,0.0
XL,el Prat de Llobregat,2026-05-17,0.0
XM,els Alamús,2026-05-17,0.0
XN,Seròs,2026-05-17,9.5
XO,Vic,2026-05-17,9.4
XP,Gandesa,2026-05-17,0.0
XQ,Tremp,2026-05-17,6.4
XR,Prades,2026-05-17,0.0
XS,Santa Coloma de Farners,2026-05-17,5.4
XT,Solsona,2026-05-17,2.3
XU,Canyelles,2026-05-17,0.0
XV,Sant Cugat del Vallès - CAR,2026-05-17,0.0
XX,Anglesola - Tornabous,2026-05-17,0.0
XY,Alcarràs,2026-05-17,0.0
XZ,Torroella de Fluvià,2026-05-17,0.1
Y4,Alinyà,2026-05-17,1.4
Y5,Navata,2026-05-17,3.5
Y6,Tivissa,2026-05-17,0.0
YA,Puigcerdà,2026-05-17,2.5
YB,Olot,2026-05-17,12.9
YC,la Pobla de Segur,2026-05-17,1.3
YD,les Borges Blanques,2026-05-17,0.2
YE,Massoteres,2026-05-17,1.3
YF,Miami Platja,2026-05-17,0.0
YG,Tírvia,2026-05-17,6.3
YH,Pujalt,2026-05-17,0.7
YJ,Lleida - la Femosa,2026-05-17,0.0
YK,Terrassa,2026-05-17,0.0
YL,Riudecanyes,2026-05-17,0.0
YM,Granollers,2026-05-17,0.0
YN,Vielha - Elipòrt,2026-05-17,4.3
YO,Sant Sadurní d'Anoia,2026-05-17,0.0
YP,Palafrugell,2026-05-17,0.1
YQ,Port de Barcelona - ZAL Prat,2026-05-17,0.0
YR,Vilanova i la Geltrú,2026-05-17,0.0
YS,Cabanes,2026-05-17,0.0
YT,Bonabé (1.691 m),2026-05-17,6.1
YU,Cantonigròs,2026-05-17,22.8
YV,Mataró,2026-05-17,0.0
YX,Batea,2026-05-17,0.0
YY,Viladecans - les Filipines,2026-05-17,0.0
Z1,Bonaigua (2.262 m),2026-05-17,3.7
Z2,Boí (2.537 m),2026-05-17,9.4
Z3,Malniu (2.229 m),2026-05-17,3.8
Z5,Certascan (2.398 m),2026-05-17,7.0
Z6,Sasseuva (2.226 m),2026-05-17,9.2
Z7,Espot (2.519 m),2026-05-17,9.3
Z9,Cadí Nord (2.145 m) - Prat d'Aguiló,2026-05-17,18.3
ZB,Salòria (2.451 m),2026-05-17,3.0
ZC,Ulldeter (2.413 m),2026-05-17,5.5
ZE,el Port del Comte (2.288 m),2026-05-17,1.9
C6,Castellnou de Seana,2026-05-18,0.0
C7,Tàrrega,2026-05-18,0.0
C8,Cervera,2026-05-18,0.0
C9,Mas de Barberans,2026-05-18,0.0
CC,Orís,2026-05-18,14.2
CD,la Seu d'Urgell - Bellestar,2026-05-18,1.8
CE,els Hostalets de Pierola,2026-05-18,5.4
CG,Molló - Fabert,2026-05-18,7.9
CI,Sant Pau de Segúries,2026-05-18,10.9
CJ,Organyà,2026-05-18,15.8
CL,Sant Salvador de Guardiola,2026-05-18,2.0
CP,Sant Romà d'Abella,2026-05-18,11.9
CQ,Vilanova de Meià,2026-05-18,0.1
CR,la Quar,2026-05-18,1.4
CT,el Pont de Suert,2026-05-18,2.9
CW,l'Espluga de Francolí,2026-05-18,0.0
CY,Muntanyola,2026-05-18,2.2
D1,Margalef,2026-05-18,0.0
D2,Vacarisses,2026-05-18,0.0
D3,Vallirana,2026-05-18,10.0
D4,Roses,2026-05-18,0.1
D5,Barcelona - Observatori Fabra,2026-05-18,33.9
D6,Portbou - coll dels Belitres,2026-05-18,0.6
D7,Vinebre,2026-05-18,0.1
D8,Horta de Sant Joan,2026-05-18,0.0
D9,el Vendrell,2026-05-18,0.4
DB,el Perelló,2026-05-18,0.0
DF,la Bisbal d'Empordà,2026-05-18,10.3
DG,Núria (1.971 m),2026-05-18,1.8
DI,Font-rubí,2026-05-18,1.1
DJ,Banyoles,2026-05-18,9.2
DK,Torredembarra,2026-05-18,0.0
DL,Illa de Buda,2026-05-18,0.0
DN,Anglès,2026-05-18,7.0
DO,Castell d'Aro,2026-05-18,54.9
DP,Das - Aeròdrom,2026-05-18,2.2
DQ,Vila-rodona,2026-05-18,3.9
H1,Òdena,2026-05-18,2.3
J5,Pantà de Darnius - Boadella,2026-05-18,8.4
KE,Pantà de Sau,2026-05-18,14.2
KP,Fogars de la Selva,2026-05-18,7.3
KX,la Roca del Vallès - ETAP Cardedeu,2026-05-18,0.2
M6,Sant Joan de les Abadesses,2026-05-18,9.8
MQ,Cardona,2026-05-18,0.4
MR,Pantà de Siurana,2026-05-18,0.0
MS,Castellar de n'Hug - el Clot del Moro,2026-05-18,5.3
MV,Guixers - Valls,2026-05-18,10.6
MW,Navès,2026-05-18,0.6
U2,Sant Pere Pescador,2026-05-18,1.7
U3,Sant Martí Sarroca,2026-05-18,0.7
U4,Castellnou de Bages,2026-05-18,0.4
U6,Vinyols i els Arcs - Cambrils,2026-05-18,0.0
U7,Aldover,2026-05-18,0.0
U9,l'Aldea,2026-05-18,0.0
UA,l'Ametlla de Mar,2026-05-18,0.0
UB,la Tallada d'Empordà,2026-05-18,6.9
UE,Torroella de Montgrí,2026-05-18,4.9
UF,PN del Garraf - el Rascler,2026-05-18,1.1
UH,el Montmell,2026-05-18,1.8
UI,Gisclareny,2026-05-18,8.7
UJ,Santa Coloma de Queralt,2026-05-18,0.0
UK,Sant Pere de Ribes - PN del Garraf,2026-05-18,6.5
UM,la Granadella,2026-05-18,0.0
UN,Cassà de la Selva,2026-05-18,23.6
UO,Fornells de la Selva,2026-05-18,35.5
UP,Cabrils,2026-05-18,1.2
UQ,Dosrius - PN Montnegre Corredor,2026-05-18,3.2
US,les Cases d'Alcanar,2026-05-18,0.0
UU,Amposta,2026-05-18,0.0
UW,els Alfacs,2026-05-18,0.0
UX,Ulldecona - els Valentins,2026-05-18,0.0
UY,Os de Balaguer - el Monestir d'Avellanes,2026-05-18,0.0
V1,Vallfogona de Balaguer,2026-05-18,0.0
V4,Montesquiu,2026-05-18,5.8
V5,Perafita,2026-05-18,13.8
V8,el Poal,2026-05-18,0.0
VA,Ascó,2026-05-18,0.0
VB,Benissanet,2026-05-18,0.0
VC,Pantà de Riba-roja,2026-05-18,0.0
VD,el Canós,2026-05-18,0.0
VH,Gimenells,2026-05-18,0.0
VK,Raimat,2026-05-18,0.0
VM,Vilanova de Segrià,2026-05-18,0.0
VO,Lladurs,2026-05-18,6.2
VP,Pinós,2026-05-18,0.4
VQ,Constantí,2026-05-18,0.0
VS,Lac Redon (2.245 m),2026-05-18,0.0
VU,Rellinars,2026-05-18,0.8
VV,Sant Llorenç Savall,2026-05-18,3.2
VX,Tagamanent - PN del Montseny,2026-05-18,6.4
VY,Nulles,2026-05-18,7.2
VZ,Espolla,2026-05-18,10.8
W1,Castelló d'Empúries,2026-05-18,1.4
W4,Vilafranca del Penedès - la Granada,2026-05-18,0.0
W5,Oliana,2026-05-18,4.5
W8,Blancafort,2026-05-18,0.0
W9,la Vall d'en Bas,2026-05-18,11.1
WA,Oliola,2026-05-18,0.0
WB,Albesa,2026-05-18,0.0
WC,Golmés,2026-05-18,0.0
WG,Algerri,2026-05-18,0.0
WI,Maials,2026-05-18,0.0
WJ,el Masroig,2026-05-18,0.0
WK,Alfarràs,2026-05-18,0.0
WL,Sant Martí de Riucorb,2026-05-18,0.0
WM,Santuari de Queralt,2026-05-18,3.8
WN,Montserrat - Sant Dimes,2026-05-18,0.1
WO,la Bisbal del Penedès,2026-05-18,0.7
WP,Canaletes,2026-05-18,11.7
WQ,Montsec d'Ares (1.571 m),2026-05-18,5.0
WR,Torroja del Priorat,2026-05-18,0.0
WS,Viladrau,2026-05-18,4.1
WT,Malgrat de Mar,2026-05-18,6.7
WU,Badalona - Museu,2026-05-18,2.9
WV,Guardiola de Berguedà,2026-05-18,8.9
WW,Artés,2026-05-18,0.0
WX,Camarasa,2026-05-18,0.0
WZ,Cunit,2026-05-18,0.0
X1,Falset,2026-05-18,0.0
X3,Alguaire,2026-05-18,0.0
X4,Barcelona - el Raval,2026-05-18,5.0
X5,PN dels Ports,2026-05-18,0.1
X6,Baldomar,2026-05-18,0.0
X7,Torres de Segre,2026-05-18,0.0
X8,Barcelona - Zona Universitària,2026-05-18,5.8
X9,Caldes de Montbui,2026-05-18,0.6
XA,la Panadella,2026-05-18,0.1
XB,la Llacuna,2026-05-18,1.9
XC,Castellbisbal,2026-05-18,6.4
XD,Ulldemolins,2026-05-18,0.0
XE,Tarragona - Complex Educatiu,2026-05-18,4.1
XF,Sabadell - Parc Agrari,2026-05-18,0.7
XG,Parets del Vallès,2026-05-18,3.4
XH,Sort,2026-05-18,5.9
XI,Mollerussa,2026-05-18,0.0
XJ,Girona,2026-05-18,13.4
XK,Puig Sesolles (1.666 m),2026-05-18,9.0
XL,el Prat de Llobregat,2026-05-18,4.7
XM,els Alamús,2026-05-18,0.0
XN,Seròs,2026-05-18,0.0
XO,Vic,2026-05-18,10.6
XP,Gandesa,2026-05-18,0.0
XQ,Tremp,2026-05-18,11.4
XR,Prades,2026-05-18,0.0
XS,Santa Coloma de Farners,2026-05-18,7.8
XT,Solsona,2026-05-18,0.8
XU,Canyelles,2026-05-18,6.1
XV,Sant Cugat del Vallès - CAR,2026-05-18,2.1
XX,Anglesola - Tornabous,2026-05-18,0.0
XY,Alcarràs,2026-05-18,0.0
XZ,Torroella de Fluvià,2026-05-18,2.2
Y4,Alinyà,2026-05-18,18.2
Y5,Navata,2026-05-18,4.6
Y6,Tivissa,2026-05-18,0.0
YA,Puigcerdà,2026-05-18,0.7
YB,Olot,2026-05-18,11.1
YC,la Pobla de Segur,2026-05-18,9.2
YD,les Borges Blanques,2026-05-18,0.1
YE,Massoteres,2026-05-18,0.1
YF,Miami Platja,2026-05-18,0.0
YG,Tírvia,2026-05-18,0.0
YH,Pujalt,2026-05-18,0.1
YJ,Lleida - la Femosa,2026-05-18,0.0
YK,Terrassa,2026-05-18,2.6
YL,Riudecanyes,2026-05-18,0.0
YM,Granollers,2026-05-18,1.3
YN,Vielha - Elipòrt,2026-05-18,0.0
YO,Sant Sadurní d'Anoia,2026-05-18,38.6
YP,Palafrugell,2026-05-18,11.7
YQ,Port de Barcelona - ZAL Prat,2026-05-18,1.7
YR,Vilanova i la Geltrú,2026-05-18,0.0
YS,Cabanes,2026-05-18,4.1
YT,Bonabé (1.691 m),2026-05-18,0.6
YU,Cantonigròs,2026-05-18,2.6
YV,Mataró,2026-05-18,1.3
YX,Batea,2026-05-18,0.0
YY,Viladecans - les Filipines,2026-05-18,0.1
Z1,Bonaigua (2.262 m),2026-05-18,0.0
Z2,Boí (2.537 m),2026-05-18,0.4
Z3,Malniu (2.229 m),2026-05-18,0.5
Z5,Certascan (2.398 m),2026-05-18,1.5
Z6,Sasseuva (2.226 m),2026-05-18,1.3
Z7,Espot (2.519 m),2026-05-18,0.0
Z9,Cadí Nord (2.145 m) - Prat d'Aguiló,2026-05-18,6.8
ZB,Salòria (2.451 m),2026-05-18,0.0
ZC,Ulldeter (2.413 m),2026-05-18,1.2
ZE,el Port del Comte (2.288 m),2026-05-18,21.1
C6,Castellnou de Seana,2026-05-19,0.0
C7,Tàrrega,2026-05-19,0.0
C8,Cervera,2026-05-19,0.0
C9,Mas de Barberans,2026-05-19,0.0
CC,Orís,2026-05-19,0.1
CD,la Seu d'Urgell - Bellestar,2026-05-19,0.0
CE,els Hostalets de Pierola,2026-05-19,0.0
CG,Molló - Fabert,2026-05-19,1.9
CI,Sant Pau de Segúries,2026-05-19,4.8
CJ,Organyà,2026-05-19,0.0
CL,Sant Salvador de Guardiola,2026-05-19,0.0
CP,Sant Romà d'Abella,2026-05-19,0.0
CQ,Vilanova de Meià,2026-05-19,0.0
CR,la Quar,2026-05-19,0.0
CT,el Pont de Suert,2026-05-19,0.6
CW,l'Espluga de Francolí,2026-05-19,0.0
CY,Muntanyola,2026-05-19,0.0
D1,Margalef,2026-05-19,0.0
D2,Vacarisses,2026-05-19,0.0
D3,Vallirana,2026-05-19,0.0
D4,Roses,2026-05-19,0.0
D5,Barcelona - Observatori Fabra,2026-05-19,0.0
D6,Portbou - coll dels Belitres,2026-05-19,0.0
D7,Vinebre,2026-05-19,0.0
D8,Horta de Sant Joan,2026-05-19,0.0
D9,el Vendrell,2026-05-19,0.0
DB,el Perelló,2026-05-19,0.0
DF,la Bisbal d'Empordà,2026-05-19,0.1
DG,Núria (1.971 m),2026-05-19,2.5
DI,Font-rubí,2026-05-19,0.0
DJ,Banyoles,2026-05-19,0.5
DK,Torredembarra,2026-05-19,0.0
DL,Illa de Buda,2026-05-19,0.0
DN,Anglès,2026-05-19,3.0
DO,Castell d'Aro,2026-05-19,0.5
DP,Das - Aeròdrom,2026-05-19,7.7
DQ,Vila-rodona,2026-05-19,0.0
H1,Òdena,2026-05-19,0.0
J5,Pantà de Darnius - Boadella,2026-05-19,0.0
KE,Pantà de Sau,2026-05-19,0.2
KP,Fogars de la Selva,2026-05-19,0.0
KX,la Roca del Vallès - ETAP Cardedeu,2026-05-19,0.0
M6,Sant Joan de les Abadesses,2026-05-19,14.7
MQ,Cardona,2026-05-19,0.0
MR,Pantà de Siurana,2026-05-19,0.0
MS,Castellar de n'Hug - el Clot del Moro,2026-05-19,1.1
MV,Guixers - Valls,2026-05-19,0.0
MW,Navès,2026-05-19,0.0
U2,Sant Pere Pescador,2026-05-19,0.7
U3,Sant Martí Sarroca,2026-05-19,0.0
U4,Castellnou de Bages,2026-05-19,0.0
U6,Vinyols i els Arcs - Cambrils,2026-05-19,0.0
U7,Aldover,2026-05-19,0.0
U9,l'Aldea,2026-05-19,0.0
UA,l'Ametlla de Mar,2026-05-19,0.0
UB,la Tallada d'Empordà,2026-05-19,0.3
UE,Torroella de Montgrí,2026-05-19,0.0
UF,PN del Garraf - el Rascler,2026-05-19,0.0
UH,el Montmell,2026-05-19,0.0
UI,Gisclareny,2026-05-19,0.2
UJ,Santa Coloma de Queralt,2026-05-19,0.0
UK,Sant Pere de Ribes - PN del Garraf,2026-05-19,0.0
UM,la Granadella,2026-05-19,0.0
UN,Cassà de la Selva,2026-05-19,1.4
UO,Fornells de la Selva,2026-05-19,2.2
UP,Cabrils,2026-05-19,0.0
UQ,Dosrius - PN Montnegre Corredor,2026-05-19,0.0
US,les Cases d'Alcanar,2026-05-19,0.0
UU,Amposta,2026-05-19,0.0
UW,els Alfacs,2026-05-19,0.0
UX,Ulldecona - els Valentins,2026-05-19,0.0
UY,Os de Balaguer - el Monestir d'Avellanes,2026-05-19,0.0
V1,Vallfogona de Balaguer,2026-05-19,0.0
V4,Montesquiu,2026-05-19,4.8
V5,Perafita,2026-05-19,0.0
V8,el Poal,2026-05-19,0.0
VA,Ascó,2026-05-19,0.0
VB,Benissanet,2026-05-19,0.0
VC,Pantà de Riba-roja,2026-05-19,0.0
VD,el Canós,2026-05-19,0.0
VH,Gimenells,2026-05-19,0.0
VK,Raimat,2026-05-19,0.0
VM,Vilanova de Segrià,2026-05-19,0.0
VO,Lladurs,2026-05-19,0.0
VP,Pinós,2026-05-19,0.0
VQ,Constantí,2026-05-19,0.0
VS,Lac Redon (2.245 m),2026-05-19,0.6
VU,Rellinars,2026-05-19,0.0
VV,Sant Llorenç Savall,2026-05-19,0.0
VX,Tagamanent - PN del Montseny,2026-05-19,0.0
VY,Nulles,2026-05-19,0.0
VZ,Espolla,2026-05-19,0.1
W1,Castelló d'Empúries,2026-05-19,1.2
W4,Vilafranca del Penedès - la Granada,2026-05-19,0.0
W5,Oliana,2026-05-19,0.0
W8,Blancafort,2026-05-19,0.0
W9,la Vall d'en Bas,2026-05-19,18.5
WA,Oliola,2026-05-19,0.0
WB,Albesa,2026-05-19,0.0
WC,Golmés,2026-05-19,0.0
WG,Algerri,2026-05-19,0.0
WI,Maials,2026-05-19,0.0
WJ,el Masroig,2026-05-19,0.0
WK,Alfarràs,2026-05-19,0.0
WL,Sant Martí de Riucorb,2026-05-19,0.0
WM,Santuari de Queralt,2026-05-19,0.0
WN,Montserrat - Sant Dimes,2026-05-19,0.0
WO,la Bisbal del Penedès,2026-05-19,0.0
WP,Canaletes,2026-05-19,0.0
WQ,Montsec d'Ares (1.571 m),2026-05-19,0.0
WR,Torroja del Priorat,2026-05-19,0.0
WS,Viladrau,2026-05-19,0.0
WT,Malgrat de Mar,2026-05-19,0.0
WU,Badalona - Museu,2026-05-19,0.0
WV,Guardiola de Berguedà,2026-05-19,0.4
WW,Artés,2026-05-19,0.0
WX,Camarasa,2026-05-19,0.0
WZ,Cunit,2026-05-19,0.0
X1,Falset,2026-05-19,0.0
X3,Alguaire,2026-05-19,0.0
X4,Barcelona - el Raval,2026-05-19,0.0
X5,PN dels Ports,2026-05-19,0.0
X6,Baldomar,2026-05-19,0.0
X7,Torres de Segre,2026-05-19,0.0
X8,Barcelona - Zona Universitària,2026-05-19,0.0
X9,Caldes de Montbui,2026-05-19,0.1
XA,la Panadella,2026-05-19,0.1
XB,la Llacuna,2026-05-19,0.0
XC,Castellbisbal,2026-05-19,0.0
XD,Ulldemolins,2026-05-19,0.0
XE,Tarragona - Complex Educatiu,2026-05-19,0.0
XF,Sabadell - Parc Agrari,2026-05-19,0.0
XG,Parets del Vallès,2026-05-19,0.0
XH,Sort,2026-05-19,1.2
XI,Mollerussa,2026-05-19,0.0
XJ,Girona,2026-05-19,2.9
XK,Puig Sesolles (1.666 m),2026-05-19,0.0
XL,el Prat de Llobregat,2026-05-19,0.0
XM,els Alamús,2026-05-19,0.0
XN,Seròs,2026-05-19,0.0
XO,Vic,2026-05-19,0.0
XP,Gandesa,2026-05-19,0.0
XQ,Tremp,2026-05-19,0.0
XR,Prades,2026-05-19,0.0
XS,Santa Coloma de Farners,2026-05-19,0.1
XT,Solsona,2026-05-19,0.0
XU,Canyelles,2026-05-19,0.0
XV,Sant Cugat del Vallès - CAR,2026-05-19,0.0
XX,Anglesola - Tornabous,2026-05-19,0.0
XY,Alcarràs,2026-05-19,0.0
XZ,Torroella de Fluvià,2026-05-19,0.5
Y4,Alinyà,2026-05-19,0.0
Y5,Navata,2026-05-19,9.3
Y6,Tivissa,2026-05-19,0.0
YA,Puigcerdà,2026-05-19,13.0
YB,Olot,2026-05-19,11.9
YC,la Pobla de Segur,2026-05-19,0.0
YD,les Borges Blanques,2026-05-19,0.0
YE,Massoteres,2026-05-19,0.0
YF,Miami Platja,2026-05-19,0.0
YG,Tírvia,2026-05-19,0.0
YH,Pujalt,2026-05-19,0.0
YJ,Lleida - la Femosa,2026-05-19,0.0
YK,Terrassa,2026-05-19,0.0
YL,Riudecanyes,2026-05-19,0.0
YM,Granollers,2026-05-19,0.0
YN,Vielha - Elipòrt,2026-05-19,0.9
YO,Sant Sadurní d'Anoia,2026-05-19,0.0
YP,Palafrugell,2026-05-19,0.0
YQ,Port de Barcelona - ZAL Prat,2026-05-19,0.0
YR,Vilanova i la Geltrú,2026-05-19,0.0
YS,Cabanes,2026-05-19,0.2
YT,Bonabé (1.691 m),2026-05-19,0.7
YU,Cantonigròs,2026-05-19,14.4
YV,Mataró,2026-05-19,0.0
YX,Batea,2026-05-19,0.0
YY,Viladecans - les Filipines,2026-05-19,0.0
Z1,Bonaigua (2.262 m),2026-05-19,0.9
Z2,Boí (2.537 m),2026-05-19,0.0
Z3,Malniu (2.229 m),2026-05-19,1.5
Z5,Certascan (2.398 m),2026-05-19,0.0
Z6,Sasseuva (2.226 m),2026-05-19,0.4
Z7,Espot (2.519 m),2026-05-19,0.0
Z9,Cadí Nord (2.145 m) - Prat d'Aguiló,2026-05-19,0.0
ZB,Salòria (2.451 m),2026-05-19,0.0
ZC,Ulldeter (2.413 m),2026-05-19,3.1
ZE,el Port del Comte (2.288 m),2026-05-19,0.0
C6,Castellnou de Seana,2026-05-20,0.0
C7,Tàrrega,2026-05-20,0.0
C8,Cervera,2026-05-20,0.0
C9,Mas de Barberans,2026-05-20,0.0
CC,Orís,2026-05-20,0.0
CD,la Seu d'Urgell - Bellestar,2026-05-20,0.0
CE,els Hostalets de Pierola,2026-05-20,0.0
CG,Molló - Fabert,2026-05-20,0.0
CI,Sant Pau de Segúries,2026-05-20,0.1
CJ,Organyà,2026-05-20,0.0
CL,Sant Salvador de Guardiola,2026-05-20,0.0
CP,Sant Romà d'Abella,2026-05-20,0.0
CQ,Vilanova de Meià,2026-05-20,0.0
CR,la Quar,2026-05-20,0.0
CT,el Pont de Suert,2026-05-20,0.0
CW,l'Espluga de Francolí,2026-05-20,0.0
CY,Muntanyola,2026-05-20,0.0
D1,Margalef,2026-05-20,0.0
D2,Vacarisses,2026-05-20,0.0
D3,Vallirana,2026-05-20,0.0
D4,Roses,2026-05-20,0.0
D5,Barcelona - Observatori Fabra,2026-05-20,0.0
D6,Portbou - coll dels Belitres,2026-05-20,0.0
D7,Vinebre,2026-05-20,0.0
D8,Horta de Sant Joan,2026-05-20,0.0
D9,el Vendrell,2026-05-20,0.0
DB,el Perelló,2026-05-20,0.0
DF,la Bisbal d'Empordà,2026-05-20,0.1
DG,Núria (1.971 m),2026-05-20,0.0
DI,Font-rubí,2026-05-20,0.0
DJ,Banyoles,2026-05-20,0.0
DK,Torredembarra,2026-05-20,0.0
DL,Illa de Buda,2026-05-20,0.0
DN,Anglès,2026-05-20,0.0
DO,Castell d'Aro,2026-05-20,0.0
DP,Das - Aeròdrom,2026-05-20,0.1
DQ,Vila-rodona,2026-05-20,0.0
H1,Òdena,2026-05-20,0.0
J5,Pantà de Darnius - Boadella,2026-05-20,0.0
KE,Pantà de Sau,2026-05-20,0.0
KP,Fogars de la Selva,2026-05-20,0.0
KX,la Roca del Vallès - ETAP Cardedeu,2026-05-20,0.0
M6,Sant Joan de les Abadesses,2026-05-20,0.1
MQ,Cardona,2026-05-20,0.0
MR,Pantà de Siurana,2026-05-20,0.0
MS,Castellar de n'Hug - el Clot del Moro,2026-05-20,0.0
MV,Guixers - Valls,2026-05-20,0.0
MW,Navès,2026-05-20,0.0
U2,Sant Pere Pescador,2026-05-20,0.1
U3,Sant Martí Sarroca,2026-05-20,0.0
U4,Castellnou de Bages,2026-05-20,0.0
U6,Vinyols i els Arcs - Cambrils,2026-05-20,0.0
U7,Aldover,2026-05-20,0.0
U9,l'Aldea,2026-05-20,0.0
UA,l'Ametlla de Mar,2026-05-20,0.0
UB,la Tallada d'Empordà,2026-05-20,0.1
UE,Torroella de Montgrí,2026-05-20,0.0
UF,PN del Garraf - el Rascler,2026-05-20,0.0
UH,el Montmell,2026-05-20,0.0
UI,Gisclareny,2026-05-20,0.0
UJ,Santa Coloma de Queralt,2026-05-20,0.0
UK,Sant Pere de Ribes - PN del Garraf,2026-05-20,0.0
UM,la Granadella,2026-05-20,0.0
UN,Cassà de la Selva,2026-05-20,0.1
UO,Fornells de la Selva,2026-05-20,0.0
UP,Cabrils,2026-05-20,0.0
UQ,Dosrius - PN Montnegre Corredor,2026-05-20,0.0
US,les Cases d'Alcanar,2026-05-20,0.0
UU,Amposta,2026-05-20,0.0
UW,els Alfacs,2026-05-20,0.0
UX,Ulldecona - els Valentins,2026-05-20,0.0
UY,Os de Balaguer - el Monestir d'Avellanes,2026-05-20,0.0
V1,Vallfogona de Balaguer,2026-05-20,0.0
V4,Montesquiu,2026-05-20,0.1
V5,Perafita,2026-05-20,0.0
V8,el Poal,2026-05-20,0.0
VA,Ascó,2026-05-20,0.0
VB,Benissanet,2026-05-20,0.0
VC,Pantà de Riba-roja,2026-05-20,0.0
VD,el Canós,2026-05-20,0.0
VH,Gimenells,2026-05-20,0.0
VK,Raimat,2026-05-20,0.0
VM,Vilanova de Segrià,2026-05-20,0.0
VO,Lladurs,2026-05-20,0.0
VP,Pinós,2026-05-20,0.1
VQ,Constantí,2026-05-20,0.0
VS,Lac Redon (2.245 m),2026-05-20,0.0
VU,Rellinars,2026-05-20,0.0
VV,Sant Llorenç Savall,2026-05-20,0.0
VX,Tagamanent - PN del Montseny,2026-05-20,0.0
VY,Nulles,2026-05-20,0.0
VZ,Espolla,2026-05-20,0.0
W1,Castelló d'Empúries,2026-05-20,0.0
W4,Vilafranca del Penedès - la Granada,2026-05-20,0.0
W5,Oliana,2026-05-20,0.0
W8,Blancafort,2026-05-20,0.0
W9,la Vall d'en Bas,2026-05-20,0.0
WA,Oliola,2026-05-20,0.0
WB,Albesa,2026-05-20,0.0
WC,Golmés,2026-05-20,0.0
WG,Algerri,2026-05-20,0.0
WI,Maials,2026-05-20,0.0
WJ,el Masroig,2026-05-20,0.0
WK,Alfarràs,2026-05-20,0.0
WL,Sant Martí de Riucorb,2026-05-20,0.0
WM,Santuari de Queralt,2026-05-20,0.0
WN,Montserrat - Sant Dimes,2026-05-20,0.0
WO,la Bisbal del Penedès,2026-05-20,0.0
WP,Canaletes,2026-05-20,0.1
WQ,Montsec d'Ares (1.571 m),2026-05-20,0.0
WR,Torroja del Priorat,2026-05-20,0.0
WS,Viladrau,2026-05-20,0.0
WT,Malgrat de Mar,2026-05-20,0.0
WU,Badalona - Museu,2026-05-20,0.0
WV,Guardiola de Berguedà,2026-05-20,0.1
WW,Artés,2026-05-20,0.0
WX,Camarasa,2026-05-20,0.0
WZ,Cunit,2026-05-20,0.0
X1,Falset,2026-05-20,0.0
X3,Alguaire,2026-05-20,0.0
X4,Barcelona - el Raval,2026-05-20,0.0
X5,PN dels Ports,2026-05-20,0.0
X6,Baldomar,2026-05-20,0.0
X7,Torres de Segre,2026-05-20,0.0
X8,Barcelona - Zona Universitària,2026-05-20,0.0
X9,Caldes de Montbui,2026-05-20,0.0
XA,la Panadella,2026-05-20,0.0
XB,la Llacuna,2026-05-20,0.0
XC,Castellbisbal,2026-05-20,0.0
XD,Ulldemolins,2026-05-20,0.0
XE,Tarragona - Complex Educatiu,2026-05-20,0.0
XF,Sabadell - Parc Agrari,2026-05-20,0.0
XG,Parets del Vallès,2026-05-20,0.0
XH,Sort,2026-05-20,0.0
XI,Mollerussa,2026-05-20,0.0
XJ,Girona,2026-05-20,0.1
XK,Puig Sesolles (1.666 m),2026-05-20,0.0
XL,el Prat de Llobregat,2026-05-20,0.0
XM,els Alamús,2026-05-20,0.0
XN,Seròs,2026-05-20,0.0
XO,Vic,2026-05-20,0.0
XP,Gandesa,2026-05-20,0.0
XQ,Tremp,2026-05-20,0.0
XR,Prades,2026-05-20,0.0
XS,Santa Coloma de Farners,2026-05-20,0.0
XT,Solsona,2026-05-20,0.0
XU,Canyelles,2026-05-20,0.0
XV,Sant Cugat del Vallès - CAR,2026-05-20,0.0
XX,Anglesola - Tornabous,2026-05-20,0.0
XY,Alcarràs,2026-05-20,0.0
XZ,Torroella de Fluvià,2026-05-20,0.0
Y4,Alinyà,2026-05-20,0.0
Y5,Navata,2026-05-20,0.1
Y6,Tivissa,2026-05-20,0.0
YA,Puigcerdà,2026-05-20,0.0
YB,Olot,2026-05-20,0.2
YC,la Pobla de Segur,2026-05-20,0.0
YD,les Borges Blanques,2026-05-20,0.0
YE,Massoteres,2026-05-20,0.0
YF,Miami Platja,2026-05-20,0.0
YG,Tírvia,2026-05-20,0.0
YH,Pujalt,2026-05-20,0.0
YJ,Lleida - la Femosa,2026-05-20,0.0
YK,Terrassa,2026-05-20,0.0
YL,Riudecanyes,2026-05-20,0.0
YM,Granollers,2026-05-20,0.0
YN,Vielha - Elipòrt,2026-05-20,0.1
YO,Sant Sadurní d'Anoia,2026-05-20,0.0
YP,Palafrugell,2026-05-20,0.0
YQ,Port de Barcelona - ZAL Prat,2026-05-20,0.0
YR,Vilanova i la Geltrú,2026-05-20,0.0
YS,Cabanes,2026-05-20,0.0
YT,Bonabé (1.691 m),2026-05-20,0.0
YU,Cantonigròs,2026-05-20,0.0
YV,Mataró,2026-05-20,0.0
YX,Batea,2026-05-20,0.0
YY,Viladecans - les Filipines,2026-05-20,0.0
Z1,Bonaigua (2.262 m),2026-05-20,0.0
Z2,Boí (2.537 m),2026-05-20,0.0
Z3,Malniu (2.229 m),2026-05-20,0.0
Z5,Certascan (2.398 m),2026-05-20,0.0
Z6,Sasseuva (2.226 m),2026-05-20,0.0
Z7,Espot (2.519 m),2026-05-20,0.0
Z9,Cadí Nord (2.145 m) - Prat d'Aguiló,2026-05-20,0.0
ZB,Salòria (2.451 m),2026-05-20,0.0
ZC,Ulldeter (2.413 m),2026-05-20,0.0
ZE,el Port del Comte (2.288 m),2026-05-20,0.0
C6,Castellnou de Seana,2026-05-21,0.0
C7,Tàrrega,2026-05-21,0.0
C8,Cervera,2026-05-21,0.0
C9,Mas de Barberans,2026-05-21,0.0
CC,Orís,2026-05-21,0.0
CD,la Seu d'Urgell - Bellestar,2026-05-21,0.0
CE,els Hostalets de Pierola,2026-05-21,0.0
CG,Molló - Fabert,2026-05-21,0.0
CI,Sant Pau de Segúries,2026-05-21,0.0
CJ,Organyà,2026-05-21,0.0
CL,Sant Salvador de Guardiola,2026-05-21,0.1
CP,Sant Romà d'Abella,2026-05-21,0.0
CQ,Vilanova de Meià,2026-05-21,0.0
CR,la Quar,2026-05-21,0.0
CT,el Pont de Suert,2026-05-21,0.0
CW,l'Espluga de Francolí,2026-05-21,0.0
CY,Muntanyola,2026-05-21,0.0
D1,Margalef,2026-05-21,0.0
D2,Vacarisses,2026-05-21,0.0
D3,Vallirana,2026-05-21,0.0
D4,Roses,2026-05-21,0.0
D5,Barcelona - Observatori Fabra,2026-05-21,0.0
D6,Portbou - coll dels Belitres,2026-05-21,0.0
D7,Vinebre,2026-05-21,0.0
D8,Horta de Sant Joan,2026-05-21,0.0
D9,el Vendrell,2026-05-21,0.0
DB,el Perelló,2026-05-21,0.0
DF,la Bisbal d'Empordà,2026-05-21,0.0
DG,Núria (1.971 m),2026-05-21,0.0
DI,Font-rubí,2026-05-21,0.0
DJ,Banyoles,2026-05-21,0.0
DK,Torredembarra,2026-05-21,0.0
DL,Illa de Buda,2026-05-21,0.1
DN,Anglès,2026-05-21,0.0
DO,Castell d'Aro,2026-05-21,0.0
DP,Das - Aeròdrom,2026-05-21,0.0
DQ,Vila-rodona,2026-05-21,0.0
H1,Òdena,2026-05-21,0.0
J5,Pantà de Darnius - Boadella,2026-05-21,0.0
KE,Pantà de Sau,2026-05-21,0.0
KP,Fogars de la Selva,2026-05-21,0.0
KX,la Roca del Vallès - ETAP Cardedeu,2026-05-21,0.0
M6,Sant Joan de les Abadesses,2026-05-21,0.0
MQ,Cardona,2026-05-21,0.0
MR,Pantà de Siurana,2026-05-21,0.0
MS,Castellar de n'Hug - el Clot del Moro,2026-05-21,0.0
MV,Guixers - Valls,2026-05-21,0.0
MW,Navès,2026-05-21,0.0
U2,Sant Pere Pescador,2026-05-21,0.0
U3,Sant Martí Sarroca,2026-05-21,0.0
U4,Castellnou de Bages,2026-05-21,0.0
U6,Vinyols i els Arcs - Cambrils,2026-05-21,0.0
U7,Aldover,2026-05-21,0.0
U9,l'Aldea,2026-05-21,0.0
UA,l'Ametlla de Mar,2026-05-21,0.0
UB,la Tallada d'Empordà,2026-05-21,0.0
UE,Torroella de Montgrí,2026-05-21,0.0
UF,PN del Garraf - el Rascler,2026-05-21,0.0
UH,el Montmell,2026-05-21,0.0
UI,Gisclareny,2026-05-21,0.0
UJ,Santa Coloma de Queralt,2026-05-21,0.0
UK,Sant Pere de Ribes - PN del Garraf,2026-05-21,0.0
UM,la Granadella,2026-05-21,0.0
UN,Cassà de la Selva,2026-05-21,0.0
UO,Fornells de la Selva,2026-05-21,0.0
UP,Cabrils,2026-05-21,0.0
UQ,Dosrius - PN Montnegre Corredor,2026-05-21,0.0
US,les Cases d'Alcanar,2026-05-21,0.0
UU,Amposta,2026-05-21,0.0
UW,els Alfacs,2026-05-21,0.0
UX,Ulldecona - els Valentins,2026-05-21,0.0
UY,Os de Balaguer - el Monestir d'Avellanes,2026-05-21,0.0
V1,Vallfogona de Balaguer,2026-05-21,0.0
V4,Montesquiu,2026-05-21,0.0
V5,Perafita,2026-05-21,0.0
V8,el Poal,2026-05-21,0.0
VA,Ascó,2026-05-21,0.0
VB,Benissanet,2026-05-21,0.0
VC,Pantà de Riba-roja,2026-05-21,0.0
VD,el Canós,2026-05-21,0.0
VH,Gimenells,2026-05-21,0.0
VK,Raimat,2026-05-21,0.0
VM,Vilanova de Segrià,2026-05-21,0.0
VO,Lladurs,2026-05-21,0.0
VP,Pinós,2026-05-21,0.0
VQ,Constantí,2026-05-21,0.0
VS,Lac Redon (2.245 m),2026-05-21,0.0
VU,Rellinars,2026-05-21,0.0
VV,Sant Llorenç Savall,2026-05-21,0.0
VX,Tagamanent - PN del Montseny,2026-05-21,0.0
VY,Nulles,2026-05-21,0.0
VZ,Espolla,2026-05-21,0.0
W1,Castelló d'Empúries,2026-05-21,0.0
W4,Vilafranca del Penedès - la Granada,2026-05-21,0.0
W5,Oliana,2026-05-21,0.0
W8,Blancafort,2026-05-21,0.0
W9,la Vall d'en Bas,2026-05-21,0.0
WA,Oliola,2026-05-21,0.0
WB,Albesa,2026-05-21,0.0
WC,Golmés,2026-05-21,0.0
WG,Algerri,2026-05-21,0.0
WI,Maials,2026-05-21,0.0
WJ,el Masroig,2026-05-21,0.0
WK,Alfarràs,2026-05-21,0.0
WL,Sant Martí de Riucorb,2026-05-21,0.0
WM,Santuari de Queralt,2026-05-21,0.0
WN,Montserrat - Sant Dimes,2026-05-21,0.0
WO,la Bisbal del Penedès,2026-05-21,0.0
WP,Canaletes,2026-05-21,0.0
WQ,Montsec d'Ares (1.571 m),2026-05-21,0.0
WR,Torroja del Priorat,2026-05-21,0.0
WS,Viladrau,2026-05-21,0.0
WT,Malgrat de Mar,2026-05-21,0.0
WU,Badalona - Museu,2026-05-21,0.0
WV,Guardiola de Berguedà,2026-05-21,0.0
WW,Artés,2026-05-21,0.0
WX,Camarasa,2026-05-21,0.0
WZ,Cunit,2026-05-21,0.0
X1,Falset,2026-05-21,0.0
X3,Alguaire,2026-05-21,0.0
X4,Barcelona - el Raval,2026-05-21,0.0
X5,PN dels Ports,2026-05-21,0.0
X6,Baldomar,2026-05-21,0.0
X7,Torres de Segre,2026-05-21,0.0
X8,Barcelona - Zona Universitària,2026-05-21,0.0
X9,Caldes de Montbui,2026-05-21,0.0
XA,la Panadella,2026-05-21,0.0
XB,la Llacuna,2026-05-21,0.0
XC,Castellbisbal,2026-05-21,0.0
XD,Ulldemolins,2026-05-21,0.0
XE,Tarragona - Complex Educatiu,2026-05-21,0.0
XF,Sabadell - Parc Agrari,2026-05-21,0.0
XG,Parets del Vallès,2026-05-21,0.0
XH,Sort,2026-05-21,0.0
XI,Mollerussa,2026-05-21,0.0
XJ,Girona,2026-05-21,0.0
XK,Puig Sesolles (1.666 m),2026-05-21,0.0
XL,el Prat de Llobregat,2026-05-21,0.0
XM,els Alamús,2026-05-21,0.0
XN,Seròs,2026-05-21,0.0
XO,Vic,2026-05-21,0.0
XP,Gandesa,2026-05-21,0.0
XQ,Tremp,2026-05-21,0.0
XR,Prades,2026-05-21,0.0
XS,Santa Coloma de Farners,2026-05-21,0.0
XT,Solsona,2026-05-21,0.0
XU,Canyelles,2026-05-21,0.0
XV,Sant Cugat del Vallès - CAR,2026-05-21,0.0
XX,Anglesola - Tornabous,2026-05-21,0.0
XY,Alcarràs,2026-05-21,0.1
XZ,Torroella de Fluvià,2026-05-21,0.0
Y4,Alinyà,2026-05-21,0.0
Y5,Navata,2026-05-21,0.0
Y6,Tivissa,2026-05-21,0.0
YA,Puigcerdà,2026-05-21,0.0
YB,Olot,2026-05-21,0.0
YC,la Pobla de Segur,2026-05-21,0.0
YD,les Borges Blanques,2026-05-21,0.0
YE,Massoteres,2026-05-21,0.0
YF,Miami Platja,2026-05-21,0.0
YG,Tírvia,2026-05-21,0.0
YH,Pujalt,2026-05-21,0.0
YJ,Lleida - la Femosa,2026-05-21,0.0
YK,Terrassa,2026-05-21,0.0
YL,Riudecanyes,2026-05-21,0.0
YM,Granollers,2026-05-21,0.0
YN,Vielha - Elipòrt,2026-05-21,0.0
YO,Sant Sadurní d'Anoia,2026-05-21,0.0
YP,Palafrugell,2026-05-21,0.0
YQ,Port de Barcelona - ZAL Prat,2026-05-21,0.0
YR,Vilanova i la Geltrú,2026-05-21,0.0
YS,Cabanes,2026-05-21,0.0
YT,Bonabé (1.691 m),2026-05-21,0.0
YU,Cantonigròs,2026-05-21,0.0
YV,Mataró,2026-05-21,0.0
YX,Batea,2026-05-21,0.0
YY,Viladecans - les Filipines,2026-05-21,0.0
Z1,Bonaigua (2.262 m),2026-05-21,0.0
Z2,Boí (2.537 m),2026-05-21,0.0
Z3,Malniu (2.229 m),2026-05-21,0.0
Z5,Certascan (2.398 m),2026-05-21,0.0
Z6,Sasseuva (2.226 m),2026-05-21,0.0
Z7,Espot (2.519 m),2026-05-21,0.0
Z9,Cadí Nord (2.145 m) - Prat d'Aguiló,2026-05-21,0.0
ZB,Salòria (2.451 m),2026-05-21,0.0
ZC,Ulldeter (2.413 m),2026-05-21,0.0
ZE,el Port del Comte (2.288 m),2026-05-21,0.0
C6,Castellnou de Seana,2026-05-22,0.0
C7,Tàrrega,2026-05-22,0.0
C8,Cervera,2026-05-22,0.0
C9,Mas de Barberans,2026-05-22,0.0
CC,Orís,2026-05-22,0.0
CD,la Seu d'Urgell - Bellestar,2026-05-22,0.0
CE,els Hostalets de Pierola,2026-05-22,0.0
CG,Molló - Fabert,2026-05-22,0.0
CI,Sant Pau de Segúries,2026-05-22,0.0
CJ,Organyà,2026-05-22,0.0
CL,Sant Salvador de Guardiola,2026-05-22,0.0
CP,Sant Romà d'Abella,2026-05-22,0.0
CQ,Vilanova de Meià,2026-05-22,0.0
CR,la Quar,2026-05-22,0.0
CT,el Pont de Suert,2026-05-22,0.0
CW,l'Espluga de Francolí,2026-05-22,0.0
CY,Muntanyola,2026-05-22,0.0
D1,Margalef,2026-05-22,0.0
D2,Vacarisses,2026-05-22,0.0
D3,Vallirana,2026-05-22,0.0
D4,Roses,2026-05-22,0.0
D5,Barcelona - Observatori Fabra,2026-05-22,0.0
D6,Portbou - coll dels Belitres,2026-05-22,0.0
D7,Vinebre,2026-05-22,0.0
D8,Horta de Sant Joan,2026-05-22,0.0
D9,el Vendrell,2026-05-22,0.0
DB,el Perelló,2026-05-22,0.0
DF,la Bisbal d'Empordà,2026-05-22,0.0
DG,Núria (1.971 m),2026-05-22,0.0
DI,Font-rubí,2026-05-22,0.0
DJ,Banyoles,2026-05-22,0.0
DK,Torredembarra,2026-05-22,0.0
DL,Illa de Buda,2026-05-22,0.1
DN,Anglès,2026-05-22,0.0
DO,Castell d'Aro,2026-05-22,0.0
DP,Das - Aeròdrom,2026-05-22,0.0
DQ,Vila-rodona,2026-05-22,0.0
H1,Òdena,2026-05-22,0.0
J5,Pantà de Darnius - Boadella,2026-05-22,0.0
KE,Pantà de Sau,2026-05-22,0.0
KP,Fogars de la Selva,2026-05-22,0.0
KX,la Roca del Vallès - ETAP Cardedeu,2026-05-22,0.0
M6,Sant Joan de les Abadesses,2026-05-22,0.0
MQ,Cardona,2026-05-22,0.0
MR,Pantà de Siurana,2026-05-22,0.0
MS,Castellar de n'Hug - el Clot del Moro,2026-05-22,0.0
MV,Guixers - Valls,2026-05-22,0.0
MW,Navès,2026-05-22,0.0
U2,Sant Pere Pescador,2026-05-22,0.0
U3,Sant Martí Sarroca,2026-05-22,0.0
U4,Castellnou de Bages,2026-05-22,0.0
U6,Vinyols i els Arcs - Cambrils,2026-05-22,0.0
U7,Aldover,2026-05-22,0.0
U9,l'Aldea,2026-05-22,0.0
UA,l'Ametlla de Mar,2026-05-22,0.0
UB,la Tallada d'Empordà,2026-05-22,0.0
UE,Torroella de Montgrí,2026-05-22,0.0
UF,PN del Garraf - el Rascler,2026-05-22,0.0
UH,el Montmell,2026-05-22,0.0
UI,Gisclareny,2026-05-22,0.0
UJ,Santa Coloma de Queralt,2026-05-22,0.0
UK,Sant Pere de Ribes - PN del Garraf,2026-05-22,0.0
UM,la Granadella,2026-05-22,0.0
UN,Cassà de la Selva,2026-05-22,0.0
UO,Fornells de la Selva,2026-05-22,0.0
UP,Cabrils,2026-05-22,0.0
UQ,Dosrius - PN Montnegre Corredor,2026-05-22,0.0
US,les Cases d'Alcanar,2026-05-22,0.0
UU,Amposta,2026-05-22,0.0
UW,els Alfacs,2026-05-22,0.0
UX,Ulldecona - els Valentins,2026-05-22,0.0
UY,Os de Balaguer - el Monestir d'Avellanes,2026-05-22,0.0
V1,Vallfogona de Balaguer,2026-05-22,0.0
V4,Montesquiu,2026-05-22,0.0
V5,Perafita,2026-05-22,0.0
V8,el Poal,2026-05-22,0.0
VA,Ascó,2026-05-22,0.0
VB,Benissanet,2026-05-22,0.0
VC,Pantà de Riba-roja,2026-05-22,0.0
VD,el Canós,2026-05-22,0.0
VH,Gimenells,2026-05-22,0.0
VK,Raimat,2026-05-22,0.0
VM,Vilanova de Segrià,2026-05-22,0.0
VO,Lladurs,2026-05-22,0.0
VP,Pinós,2026-05-22,0.0
VQ,Constantí,2026-05-22,0.0
VS,Lac Redon (2.245 m),2026-05-22,0.0
VU,Rellinars,2026-05-22,0.0
VV,Sant Llorenç Savall,2026-05-22,0.0
VX,Tagamanent - PN del Montseny,2026-05-22,0.0
VY,Nulles,2026-05-22,0.0
VZ,Espolla,2026-05-22,0.0
W1,Castelló d'Empúries,2026-05-22,0.0
W4,Vilafranca del Penedès - la Granada,2026-05-22,0.0
W5,Oliana,2026-05-22,0.0
W8,Blancafort,2026-05-22,0.0
W9,la Vall d'en Bas,2026-05-22,0.0
WA,Oliola,2026-05-22,0.0
WB,Albesa,2026-05-22,0.0
WC,Golmés,2026-05-22,0.0
WG,Algerri,2026-05-22,0.0
WI,Maials,2026-05-22,0.0
WJ,el Masroig,2026-05-22,0.0
WK,Alfarràs,2026-05-22,0.0
WL,Sant Martí de Riucorb,2026-05-22,0.0
WM,Santuari de Queralt,2026-05-22,0.0
WN,Montserrat - Sant Dimes,2026-05-22,0.0
WO,la Bisbal del Penedès,2026-05-22,0.0
WP,Canaletes,2026-05-22,0.0
WQ,Montsec d'Ares (1.571 m),2026-05-22,0.0
WR,Torroja del Priorat,2026-05-22,0.0
WS,Viladrau,2026-05-22,0.0
WT,Malgrat de Mar,2026-05-22,0.0
WU,Badalona - Museu,2026-05-22,0.0
WV,Guardiola de Berguedà,2026-05-22,0.0
WW,Artés,2026-05-22,0.0
WX,Camarasa,2026-05-22,0.0
WZ,Cunit,2026-05-22,0.0
X1,Falset,2026-05-22,0.0
X3,Alguaire,2026-05-22,0.0
X4,Barcelona - el Raval,2026-05-22,0.0
X5,PN dels Ports,2026-05-22,0.0
X6,Baldomar,2026-05-22,0.0
X7,Torres de Segre,2026-05-22,0.0
X8,Barcelona - Zona Universitària,2026-05-22,0.0
X9,Caldes de Montbui,2026-05-22,0.0
XA,la Panadella,2026-05-22,0.0
XB,la Llacuna,2026-05-22,0.0
XC,Castellbisbal,2026-05-22,0.0
XD,Ulldemolins,2026-05-22,0.0
XE,Tarragona - Complex Educatiu,2026-05-22,0.0
XF,Sabadell - Parc Agrari,2026-05-22,0.0
XG,Parets del Vallès,2026-05-22,0.0
XH,Sort,2026-05-22,0.0
XI,Mollerussa,2026-05-22,0.0
XJ,Girona,2026-05-22,0.0
XK,Puig Sesolles (1.666 m),2026-05-22,0.0
XL,el Prat de Llobregat,2026-05-22,0.0
XM,els Alamús,2026-05-22,0.0
XN,Seròs,2026-05-22,0.0
XO,Vic,2026-05-22,0.0
XP,Gandesa,2026-05-22,0.0
XQ,Tremp,2026-05-22,0.0
XR,Prades,2026-05-22,0.0
XS,Santa Coloma de Farners,2026-05-22,0.0
XT,Solsona,2026-05-22,0.0
XU,Canyelles,2026-05-22,0.0
XV,Sant Cugat del Vallès - CAR,2026-05-22,0.0
XX,Anglesola - Tornabous,2026-05-22,0.0
XY,Alcarràs,2026-05-22,0.0
XZ,Torroella de Fluvià,2026-05-22,0.0
Y4,Alinyà,2026-05-22,0.0
Y5,Navata,2026-05-22,0.0
Y6,Tivissa,2026-05-22,0.0
YA,Puigcerdà,2026-05-22,0.0
YB,Olot,2026-05-22,0.0
YC,la Pobla de Segur,2026-05-22,0.0
YD,les Borges Blanques,2026-05-22,0.0
YE,Massoteres,2026-05-22,0.0
YF,Miami Platja,2026-05-22,0.0
YG,Tírvia,2026-05-22,0.0
YH,Pujalt,2026-05-22,0.0
YJ,Lleida - la Femosa,2026-05-22,0.0
YK,Terrassa,2026-05-22,0.0
YL,Riudecanyes,2026-05-22,0.0
YM,Granollers,2026-05-22,0.0
YN,Vielha - Elipòrt,2026-05-22,0.0
YO,Sant Sadurní d'Anoia,2026-05-22,0.0
YP,Palafrugell,2026-05-22,0.0
YQ,Port de Barcelona - ZAL Prat,2026-05-22,0.0
YR,Vilanova i la Geltrú,2026-05-22,0.0
YS,Cabanes,2026-05-22,0.0
YT,Bonabé (1.691 m),2026-05-22,0.0
YU,Cantonigròs,2026-05-22,0.0
YV,Mataró,2026-05-22,0.0
YX,Batea,2026-05-22,0.0
YY,Viladecans - les Filipines,2026-05-22,0.0
Z1,Bonaigua (2.262 m),2026-05-22,0.0
Z2,Boí (2.537 m),2026-05-22,0.0
Z3,Malniu (2.229 m),2026-05-22,0.0
Z5,Certascan (2.398 m),2026-05-22,0.0
Z6,Sasseuva (2.226 m),2026-05-22,0.0
Z7,Espot (2.519 m),2026-05-22,0.0
Z9,Cadí Nord (2.145 m) - Prat d'Aguiló,2026-05-22,0.0
ZB,Salòria (2.451 m),2026-05-22,0.0
ZC,Ulldeter (2.413 m),2026-05-22,0.0
ZE,el Port del Comte (2.288 m),2026-05-22,0.0
C6,Castellnou de Seana,2026-05-23,0.0
C7,Tàrrega,2026-05-23,0.0
C8,Cervera,2026-05-23,0.0
C9,Mas de Barberans,2026-05-23,0.0
CC,Orís,2026-05-23,0.0
CD,la Seu d'Urgell - Bellestar,2026-05-23,0.0
CE,els Hostalets de Pierola,2026-05-23,0.0
CG,Molló - Fabert,2026-05-23,0.0
CI,Sant Pau de Segúries,2026-05-23,0.0
CJ,Organyà,2026-05-23,0.0
CL,Sant Salvador de Guardiola,2026-05-23,0.0
CP,Sant Romà d'Abella,2026-05-23,0.0
CQ,Vilanova de Meià,2026-05-23,0.0
CR,la Quar,2026-05-23,0.0
CT,el Pont de Suert,2026-05-23,0.0
CW,l'Espluga de Francolí,2026-05-23,0.0
CY,Muntanyola,2026-05-23,0.0
D1,Margalef,2026-05-23,0.0
D2,Vacarisses,2026-05-23,0.0
D3,Vallirana,2026-05-23,0.0
D4,Roses,2026-05-23,0.0
D5,Barcelona - Observatori Fabra,2026-05-23,0.0
D6,Portbou - coll dels Belitres,2026-05-23,0.0
D7,Vinebre,2026-05-23,0.0
D8,Horta de Sant Joan,2026-05-23,0.0
D9,el Vendrell,2026-05-23,0.0
DB,el Perelló,2026-05-23,0.0
DF,la Bisbal d'Empordà,2026-05-23,0.0
DG,Núria (1.971 m),2026-05-23,0.0
DI,Font-rubí,2026-05-23,0.0
DJ,Banyoles,2026-05-23,0.0
DK,Torredembarra,2026-05-23,0.0
DL,Illa de Buda,2026-05-23,0.0
DN,Anglès,2026-05-23,0.0
DO,Castell d'Aro,2026-05-23,0.0
DP,Das - Aeròdrom,2026-05-23,0.0
DQ,Vila-rodona,2026-05-23,0.0
H1,Òdena,2026-05-23,0.0
J5,Pantà de Darnius - Boadella,2026-05-23,0.0
KE,Pantà de Sau,2026-05-23,0.0
KP,Fogars de la Selva,2026-05-23,0.0
KX,la Roca del Vallès - ETAP Cardedeu,2026-05-23,0.0
M6,Sant Joan de les Abadesses,2026-05-23,0.0
MQ,Cardona,2026-05-23,0.0
MR,Pantà de Siurana,2026-05-23,0.0
MS,Castellar de n'Hug - el Clot del Moro,2026-05-23,0.0
MV,Guixers - Valls,2026-05-23,0.0
MW,Navès,2026-05-23,0.0
U2,Sant Pere Pescador,2026-05-23,0.1
U3,Sant Martí Sarroca,2026-05-23,0.0
U4,Castellnou de Bages,2026-05-23,0.0
U6,Vinyols i els Arcs - Cambrils,2026-05-23,0.0
U7,Aldover,2026-05-23,0.0
U9,l'Aldea,2026-05-23,0.0
UA,l'Ametlla de Mar,2026-05-23,0.0
UB,la Tallada d'Empordà,2026-05-23,0.0
UE,Torroella de Montgrí,2026-05-23,0.0
UF,PN del Garraf - el Rascler,2026-05-23,0.0
UH,el Montmell,2026-05-23,0.0
UI,Gisclareny,2026-05-23,0.0
UJ,Santa Coloma de Queralt,2026-05-23,0.0
UK,Sant Pere de Ribes - PN del Garraf,2026-05-23,0.0
UM,la Granadella,2026-05-23,0.0
UN,Cassà de la Selva,2026-05-23,0.0
UO,Fornells de la Selva,2026-05-23,0.0
UP,Cabrils,2026-05-23,0.0
UQ,Dosrius - PN Montnegre Corredor,2026-05-23,0.0
US,les Cases d'Alcanar,2026-05-23,0.0
UU,Amposta,2026-05-23,0.0
UW,els Alfacs,2026-05-23,0.0
UX,Ulldecona - els Valentins,2026-05-23,0.0
UY,Os de Balaguer - el Monestir d'Avellanes,2026-05-23,0.0
V1,Vallfogona de Balaguer,2026-05-23,0.0
V4,Montesquiu,2026-05-23,0.0
V5,Perafita,2026-05-23,0.0
V8,el Poal,2026-05-23,0.0
VA,Ascó,2026-05-23,0.0
VB,Benissanet,2026-05-23,0.0
VC,Pantà de Riba-roja,2026-05-23,0.0
VD,el Canós,2026-05-23,0.0
VH,Gimenells,2026-05-23,0.0
VK,Raimat,2026-05-23,0.0
VM,Vilanova de Segrià,2026-05-23,0.0
VO,Lladurs,2026-05-23,0.0
VP,Pinós,2026-05-23,0.0
VQ,Constantí,2026-05-23,0.0
VS,Lac Redon (2.245 m),2026-05-23,0.0
VU,Rellinars,2026-05-23,0.0
VV,Sant Llorenç Savall,2026-05-23,0.0
VX,Tagamanent - PN del Montseny,2026-05-23,0.0
VY,Nulles,2026-05-23,0.0
VZ,Espolla,2026-05-23,0.0
W1,Castelló d'Empúries,2026-05-23,0.0
W4,Vilafranca del Penedès - la Granada,2026-05-23,0.0
W5,Oliana,2026-05-23,0.0
W8,Blancafort,2026-05-23,0.0
W9,la Vall d'en Bas,2026-05-23,0.0
WA,Oliola,2026-05-23,0.0
WB,Albesa,2026-05-23,0.0
WC,Golmés,2026-05-23,0.0
WG,Algerri,2026-05-23,0.0
WI,Maials,2026-05-23,0.0
WJ,el Masroig,2026-05-23,0.0
WK,Alfarràs,2026-05-23,0.0
WL,Sant Martí de Riucorb,2026-05-23,0.0
WM,Santuari de Queralt,2026-05-23,0.0
WN,Montserrat - Sant Dimes,2026-05-23,0.0
WO,la Bisbal del Penedès,2026-05-23,0.0
WP,Canaletes,2026-05-23,0.0
WQ,Montsec d'Ares (1.571 m),2026-05-23,0.0
WR,Torroja del Priorat,2026-05-23,0.0
WS,Viladrau,2026-05-23,0.0
WT,Malgrat de Mar,2026-05-23,0.0
WU,Badalona - Museu,2026-05-23,0.0
WV,Guardiola de Berguedà,2026-05-23,0.0
WW,Artés,2026-05-23,0.0
WX,Camarasa,2026-05-23,0.0
WZ,Cunit,2026-05-23,0.0
X1,Falset,2026-05-23,0.0
X3,Alguaire,2026-05-23,0.0
X4,Barcelona - el Raval,2026-05-23,0.0
X5,PN dels Ports,2026-05-23,0.0
X6,Baldomar,2026-05-23,0.0
X7,Torres de Segre,2026-05-23,0.0
X8,Barcelona - Zona Universitària,2026-05-23,0.0
X9,Caldes de Montbui,2026-05-23,0.0
XA,la Panadella,2026-05-23,0.0
XB,la Llacuna,2026-05-23,0.0
XC,Castellbisbal,2026-05-23,0.0
XD,Ulldemolins,2026-05-23,0.0
XE,Tarragona - Complex Educatiu,2026-05-23,0.0
XF,Sabadell - Parc Agrari,2026-05-23,0.0
XG,Parets del Vallès,2026-05-23,0.0
XH,Sort,2026-05-23,0.0
XI,Mollerussa,2026-05-23,0.0
XJ,Girona,2026-05-23,0.0
XK,Puig Sesolles (1.666 m),2026-05-23,0.0
XL,el Prat de Llobregat,2026-05-23,0.0
XM,els Alamús,2026-05-23,0.0
XN,Seròs,2026-05-23,0.0
XO,Vic,2026-05-23,0.0
XP,Gandesa,2026-05-23,0.0
XQ,Tremp,2026-05-23,0.0
XR,Prades,2026-05-23,0.0
XS,Santa Coloma de Farners,2026-05-23,0.0
XT,Solsona,2026-05-23,0.0
XU,Canyelles,2026-05-23,0.0
XV,Sant Cugat del Vallès - CAR,2026-05-23,0.0
XX,Anglesola - Tornabous,2026-05-23,0.0
XY,Alcarràs,2026-05-23,0.0
XZ,Torroella de Fluvià,2026-05-23,0.0
Y4,Alinyà,2026-05-23,0.0
Y5,Navata,2026-05-23,0.0
Y6,Tivissa,2026-05-23,0.0
YA,Puigcerdà,2026-05-23,0.0
YB,Olot,2026-05-23,0.0
YC,la Pobla de Segur,2026-05-23,0.0
YD,les Borges Blanques,2026-05-23,0.0
YE,Massoteres,2026-05-23,0.0
YF,Miami Platja,2026-05-23,0.0
YG,Tírvia,2026-05-23,0.0
YH,Pujalt,2026-05-23,0.0
YJ,Lleida - la Femosa,2026-05-23,0.0
YK,Terrassa,2026-05-23,0.0
YL,Riudecanyes,2026-05-23,0.0
YM,Granollers,2026-05-23,0.0
YN,Vielha - Elipòrt,2026-05-23,0.0
YO,Sant Sadurní d'Anoia,2026-05-23,0.0
YP,Palafrugell,2026-05-23,0.0
YQ,Port de Barcelona - ZAL Prat,2026-05-23,0.0
YR,Vilanova i la Geltrú,2026-05-23,0.0
YS,Cabanes,2026-05-23,0.0
YT,Bonabé (1.691 m),2026-05-23,0.0
YU,Cantonigròs,2026-05-23,0.0
YV,Mataró,2026-05-23,0.0
YX,Batea,2026-05-23,0.0
YY,Viladecans - les Filipines,2026-05-23,0.0
Z1,Bonaigua (2.262 m),2026-05-23,0.0
Z2,Boí (2.537 m),2026-05-23,0.0
Z3,Malniu (2.229 m),2026-05-23,0.0
Z5,Certascan (2.398 m),2026-05-23,0.0
Z6,Sasseuva (2.226 m),2026-05-23,0.0
Z7,Espot (2.519 m),2026-05-23,0.0
Z9,Cadí Nord (2.145 m) - Prat d'Aguiló,2026-05-23,1.6
ZB,Salòria (2.451 m),2026-05-23,0.0
ZC,Ulldeter (2.413 m),2026-05-23,0.0
ZE,el Port del Comte (2.288 m),2026-05-23,0.0
C6,Castellnou de Seana,2026-05-24,0.0
C7,Tàrrega,2026-05-24,0.0
C8,Cervera,2026-05-24,0.0
C9,Mas de Barberans,2026-05-24,0.0
CC,Orís,2026-05-24,0.0
CD,la Seu d'Urgell - Bellestar,2026-05-24,0.0
CE,els Hostalets de Pierola,2026-05-24,0.0
CG,Molló - Fabert,2026-05-24,0.0
CI,Sant Pau de Segúries,2026-05-24,0.0
CJ,Organyà,2026-05-24,0.0
CL,Sant Salvador de Guardiola,2026-05-24,0.0
CP,Sant Romà d'Abella,2026-05-24,0.0
CQ,Vilanova de Meià,2026-05-24,0.0
CR,la Quar,2026-05-24,0.0
CT,el Pont de Suert,2026-05-24,0.0
CW,l'Espluga de Francolí,2026-05-24,0.0
CY,Muntanyola,2026-05-24,0.0
D1,Margalef,2026-05-24,0.0
D2,Vacarisses,2026-05-24,0.0
D3,Vallirana,2026-05-24,0.0
D4,Roses,2026-05-24,0.0
D5,Barcelona - Observatori Fabra,2026-05-24,0.0
D6,Portbou - coll dels Belitres,2026-05-24,0.0
D7,Vinebre,2026-05-24,0.0
D8,Horta de Sant Joan,2026-05-24,0.0
D9,el Vendrell,2026-05-24,0.0
DB,el Perelló,2026-05-24,0.0
DF,la Bisbal d'Empordà,2026-05-24,0.0
DG,Núria (1.971 m),2026-05-24,0.0
DI,Font-rubí,2026-05-24,0.0
DJ,Banyoles,2026-05-24,0.0
DK,Torredembarra,2026-05-24,0.0
DL,Illa de Buda,2026-05-24,0.0
DN,Anglès,2026-05-24,0.0
DO,Castell d'Aro,2026-05-24,0.0
DP,Das - Aeròdrom,2026-05-24,0.0
DQ,Vila-rodona,2026-05-24,0.0
H1,Òdena,2026-05-24,0.0
J5,Pantà de Darnius - Boadella,2026-05-24,0.0
KE,Pantà de Sau,2026-05-24,0.0
KP,Fogars de la Selva,2026-05-24,0.0
KX,la Roca del Vallès - ETAP Cardedeu,2026-05-24,0.0
M6,Sant Joan de les Abadesses,2026-05-24,0.0
MQ,Cardona,2026-05-24,0.0
MR,Pantà de Siurana,2026-05-24,0.0
MS,Castellar de n'Hug - el Clot del Moro,2026-05-24,0.0
MV,Guixers - Valls,2026-05-24,0.0
MW,Navès,2026-05-24,0.0
U2,Sant Pere Pescador,2026-05-24,0.1
U3,Sant Martí Sarroca,2026-05-24,0.0
U4,Castellnou de Bages,2026-05-24,0.0
U6,Vinyols i els Arcs - Cambrils,2026-05-24,0.0
U7,Aldover,2026-05-24,0.0
U9,l'Aldea,2026-05-24,0.0
UA,l'Ametlla de Mar,2026-05-24,0.0
UB,la Tallada d'Empordà,2026-05-24,0.0
UE,Torroella de Montgrí,2026-05-24,0.0
UF,PN del Garraf - el Rascler,2026-05-24,0.0
UH,el Montmell,2026-05-24,0.0
UI,Gisclareny,2026-05-24,0.0
UJ,Santa Coloma de Queralt,2026-05-24,0.0
UK,Sant Pere de Ribes - PN del Garraf,2026-05-24,0.0
UM,la Granadella,2026-05-24,0.0
UN,Cassà de la Selva,2026-05-24,0.0
UO,Fornells de la Selva,2026-05-24,0.0
UP,Cabrils,2026-05-24,0.0
UQ,Dosrius - PN Montnegre Corredor,2026-05-24,0.0
US,les Cases d'Alcanar,2026-05-24,0.0
UU,Amposta,2026-05-24,0.0
UW,els Alfacs,2026-05-24,0.0
UX,Ulldecona - els Valentins,2026-05-24,0.0
UY,Os de Balaguer - el Monestir d'Avellanes,2026-05-24,0.0
V1,Vallfogona de Balaguer,2026-05-24,0.0
V4,Montesquiu,2026-05-24,0.0
V5,Perafita,2026-05-24,0.0
V8,el Poal,2026-05-24,0.0
VA,Ascó,2026-05-24,0.0
VB,Benissanet,2026-05-24,0.0
VC,Pantà de Riba-roja,2026-05-24,0.0
VD,el Canós,2026-05-24,0.0
VH,Gimenells,2026-05-24,0.0
VK,Raimat,2026-05-24,0.0
VM,Vilanova de Segrià,2026-05-24,0.0
VO,Lladurs,2026-05-24,0.0
VP,Pinós,2026-05-24,0.0
VQ,Constantí,2026-05-24,0.0
VS,Lac Redon (2.245 m),2026-05-24,0.0
VU,Rellinars,2026-05-24,0.0
VV,Sant Llorenç Savall,2026-05-24,0.0
VX,Tagamanent - PN del Montseny,2026-05-24,0.0
VY,Nulles,2026-05-24,0.0
VZ,Espolla,2026-05-24,0.0
W1,Castelló d'Empúries,2026-05-24,0.0
W4,Vilafranca del Penedès - la Granada,2026-05-24,0.0
W5,Oliana,2026-05-24,0.0
W8,Blancafort,2026-05-24,0.0
W9,la Vall d'en Bas,2026-05-24,0.0
WA,Oliola,2026-05-24,0.0
WB,Albesa,2026-05-24,0.0
WC,Golmés,2026-05-24,0.0
WG,Algerri,2026-05-24,0.0
WI,Maials,2026-05-24,0.0
WJ,el Masroig,2026-05-24,0.0
WK,Alfarràs,2026-05-24,0.0
WL,Sant Martí de Riucorb,2026-05-24,0.0
WM,Santuari de Queralt,2026-05-24,0.0
WN,Montserrat - Sant Dimes,2026-05-24,0.0
WO,la Bisbal del Penedès,2026-05-24,0.0
WP,Canaletes,2026-05-24,0.0
WQ,Montsec d'Ares (1.571 m),2026-05-24,0.0
WR,Torroja del Priorat,2026-05-24,0.0
WS,Viladrau,2026-05-24,0.0
WT,Malgrat de Mar,2026-05-24,0.0
WU,Badalona - Museu,2026-05-24,0.0
WV,Guardiola de Berguedà,2026-05-24,0.0
WW,Artés,2026-05-24,0.0
WX,Camarasa,2026-05-24,0.0
WZ,Cunit,2026-05-24,0.0
X1,Falset,2026-05-24,0.0
X3,Alguaire,2026-05-24,0.0
X4,Barcelona - el Raval,2026-05-24,0.0
X5,PN dels Ports,2026-05-24,0.0
X6,Baldomar,2026-05-24,0.0
X7,Torres de Segre,2026-05-24,0.0
X8,Barcelona - Zona Universitària,2026-05-24,0.0
X9,Caldes de Montbui,2026-05-24,0.0
XA,la Panadella,2026-05-24,0.0
XB,la Llacuna,2026-05-24,0.0
XC,Castellbisbal,2026-05-24,0.0
XD,Ulldemolins,2026-05-24,0.0
XE,Tarragona - Complex Educatiu,2026-05-24,0.0
XF,Sabadell - Parc Agrari,2026-05-24,0.0
XG,Parets del Vallès,2026-05-24,0.0
XH,Sort,2026-05-24,0.0
XI,Mollerussa,2026-05-24,0.0
XJ,Girona,2026-05-24,0.0
XK,Puig Sesolles (1.666 m),2026-05-24,0.0
XL,el Prat de Llobregat,2026-05-24,0.0
XM,els Alamús,2026-05-24,0.0
XN,Seròs,2026-05-24,0.0
XO,Vic,2026-05-24,0.0
XP,Gandesa,2026-05-24,0.0
XQ,Tremp,2026-05-24,0.0
XR,Prades,2026-05-24,0.0
XS,Santa Coloma de Farners,2026-05-24,0.0
XT,Solsona,2026-05-24,0.0
XU,Canyelles,2026-05-24,0.0
XV,Sant Cugat del Vallès - CAR,2026-05-24,0.0
XX,Anglesola - Tornabous,2026-05-24,0.0
XY,Alcarràs,2026-05-24,0.0
XZ,Torroella de Fluvià,2026-05-24,0.0
Y4,Alinyà,2026-05-24,0.0
Y5,Navata,2026-05-24,0.0
Y6,Tivissa,2026-05-24,0.0
YA,Puigcerdà,2026-05-24,0.0
YB,Olot,2026-05-24,0.0
YC,la Pobla de Segur,2026-05-24,0.0
YD,les Borges Blanques,2026-05-24,0.0
YE,Massoteres,2026-05-24,0.0
YF,Miami Platja,2026-05-24,0.0
YG,Tírvia,2026-05-24,0.0
YH,Pujalt,2026-05-24,0.0
YJ,Lleida - la Femosa,2026-05-24,0.0
YK,Terrassa,2026-05-24,0.0
YL,Riudecanyes,2026-05-24,0.0
YM,Granollers,2026-05-24,0.0
YN,Vielha - Elipòrt,2026-05-24,11.6
YO,Sant Sadurní d'Anoia,2026-05-24,0.0
YP,Palafrugell,2026-05-24,0.0
YQ,Port de Barcelona - ZAL Prat,2026-05-24,0.0
YR,Vilanova i la Geltrú,2026-05-24,0.0
YS,Cabanes,2026-05-24,0.0
YT,Bonabé (1.691 m),2026-05-24,0.3
YU,Cantonigròs,2026-05-24,0.0
YV,Mataró,2026-05-24,0.0
YX,Batea,2026-05-24,0.0
YY,Viladecans - les Filipines,2026-05-24,0.0
Z1,Bonaigua (2.262 m),2026-05-24,1.0
Z2,Boí (2.537 m),2026-05-24,0.0
Z3,Malniu (2.229 m),2026-05-24,0.0
Z5,Certascan (2.398 m),2026-05-24,7.4
Z6,Sasseuva (2.226 m),2026-05-24,3.6
Z7,Espot (2.519 m),2026-05-24,0.0
Z9,Cadí Nord (2.145 m) - Prat d'Aguiló,2026-05-24,0.0
ZB,Salòria (2.451 m),2026-05-24,0.0
ZC,Ulldeter (2.413 m),2026-05-24,0.0
ZE,el Port del Comte (2.288 m),2026-05-24,0.0
C6,Castellnou de Seana,2026-05-25,0.0
C7,Tàrrega,2026-05-25,0.0
C8,Cervera,2026-05-25,0.0
C9,Mas de Barberans,2026-05-25,0.0
CC,Orís,2026-05-25,0.0
CD,la Seu d'Urgell - Bellestar,2026-05-25,0.0
CE,els Hostalets de Pierola,2026-05-25,0.0
CG,Molló - Fabert,2026-05-25,0.0
CI,Sant Pau de Segúries,2026-05-25,0.0
CJ,Organyà,2026-05-25,0.0
CL,Sant Salvador de Guardiola,2026-05-25,0.0
CP,Sant Romà d'Abella,2026-05-25,0.0
CQ,Vilanova de Meià,2026-05-25,0.0
CR,la Quar,2026-05-25,0.0
CT,el Pont de Suert,2026-05-25,0.0
CW,l'Espluga de Francolí,2026-05-25,0.0
CY,Muntanyola,2026-05-25,0.0
D1,Margalef,2026-05-25,0.0
D2,Vacarisses,2026-05-25,0.0
D3,Vallirana,2026-05-25,0.0
D4,Roses,2026-05-25,0.0
D5,Barcelona - Observatori Fabra,2026-05-25,0.0
D6,Portbou - coll dels Belitres,2026-05-25,0.0
D7,Vinebre,2026-05-25,0.0
D8,Horta de Sant Joan,2026-05-25,0.0
D9,el Vendrell,2026-05-25,0.0
DB,el Perelló,2026-05-25,0.0
DF,la Bisbal d'Empordà,2026-05-25,0.0
DG,Núria (1.971 m),2026-05-25,0.0
DI,Font-rubí,2026-05-25,0.0
DJ,Banyoles,2026-05-25,0.0
DK,Torredembarra,2026-05-25,0.0
DL,Illa de Buda,2026-05-25,0.0
DN,Anglès,2026-05-25,0.0
DO,Castell d'Aro,2026-05-25,0.0
DP,Das - Aeròdrom,2026-05-25,0.0
DQ,Vila-rodona,2026-05-25,0.0
H1,Òdena,2026-05-25,0.0
J5,Pantà de Darnius - Boadella,2026-05-25,0.0
KE,Pantà de Sau,2026-05-25,0.0
KP,Fogars de la Selva,2026-05-25,0.0
KX,la Roca del Vallès - ETAP Cardedeu,2026-05-25,0.0
M6,Sant Joan de les Abadesses,2026-05-25,0.0
MQ,Cardona,2026-05-25,0.0
MR,Pantà de Siurana,2026-05-25,0.0
MS,Castellar de n'Hug - el Clot del Moro,2026-05-25,0.0
MV,Guixers - Valls,2026-05-25,0.0
MW,Navès,2026-05-25,0.0
U2,Sant Pere Pescador,2026-05-25,0.0
U3,Sant Martí Sarroca,2026-05-25,0.0
U4,Castellnou de Bages,2026-05-25,0.0
U6,Vinyols i els Arcs - Cambrils,2026-05-25,0.0
U7,Aldover,2026-05-25,0.0
U9,l'Aldea,2026-05-25,0.0
UA,l'Ametlla de Mar,2026-05-25,0.0
UB,la Tallada d'Empordà,2026-05-25,0.0
UE,Torroella de Montgrí,2026-05-25,0.0
UF,PN del Garraf - el Rascler,2026-05-25,0.0
UH,el Montmell,2026-05-25,0.0
UI,Gisclareny,2026-05-25,0.0
UJ,Santa Coloma de Queralt,2026-05-25,0.0
UK,Sant Pere de Ribes - PN del Garraf,2026-05-25,0.0
UM,la Granadella,2026-05-25,0.0
UN,Cassà de la Selva,2026-05-25,0.0
UO,Fornells de la Selva,2026-05-25,0.0
UP,Cabrils,2026-05-25,0.0
UQ,Dosrius - PN Montnegre Corredor,2026-05-25,0.0
US,les Cases d'Alcanar,2026-05-25,0.0
UU,Amposta,2026-05-25,0.0
UW,els Alfacs,2026-05-25,0.0
UX,Ulldecona - els Valentins,2026-05-25,0.0
UY,Os de Balaguer - el Monestir d'Avellanes,2026-05-25,0.0
V1,Vallfogona de Balaguer,2026-05-25,0.0
V4,Montesquiu,2026-05-25,0.0
V5,Perafita,2026-05-25,0.0
V8,el Poal,2026-05-25,0.0
VA,Ascó,2026-05-25,0.0
VB,Benissanet,2026-05-25,0.0
VC,Pantà de Riba-roja,2026-05-25,0.0
VD,el Canós,2026-05-25,0.0
VH,Gimenells,2026-05-25,0.0
VK,Raimat,2026-05-25,0.0
VM,Vilanova de Segrià,2026-05-25,0.0
VO,Lladurs,2026-05-25,0.0
VP,Pinós,2026-05-25,0.0
VQ,Constantí,2026-05-25,0.0
VS,Lac Redon (2.245 m),2026-05-25,0.0
VU,Rellinars,2026-05-25,0.0
VV,Sant Llorenç Savall,2026-05-25,0.0
VX,Tagamanent - PN del Montseny,2026-05-25,0.0
VY,Nulles,2026-05-25,0.0
VZ,Espolla,2026-05-25,0.0
W1,Castelló d'Empúries,2026-05-25,0.0
W4,Vilafranca del Penedès - la Granada,2026-05-25,0.0
W5,Oliana,2026-05-25,0.0
W8,Blancafort,2026-05-25,0.0
W9,la Vall d'en Bas,2026-05-25,0.0
WA,Oliola,2026-05-25,0.0
WB,Albesa,2026-05-25,0.0
WC,Golmés,2026-05-25,0.0
WG,Algerri,2026-05-25,0.0
WI,Maials,2026-05-25,0.0
WJ,el Masroig,2026-05-25,0.0
WK,Alfarràs,2026-05-25,0.0
WL,Sant Martí de Riucorb,2026-05-25,0.0
WM,Santuari de Queralt,2026-05-25,0.0
WN,Montserrat - Sant Dimes,2026-05-25,0.0
WO,la Bisbal del Penedès,2026-05-25,0.0
WP,Canaletes,2026-05-25,0.0
WQ,Montsec d'Ares (1.571 m),2026-05-25,0.0
WR,Torroja del Priorat,2026-05-25,0.0
WS,Viladrau,2026-05-25,0.0
WT,Malgrat de Mar,2026-05-25,0.0
WU,Badalona - Museu,2026-05-25,0.0
WV,Guardiola de Berguedà,2026-05-25,0.0
WW,Artés,2026-05-25,0.0
WX,Camarasa,2026-05-25,0.0
WZ,Cunit,2026-05-25,0.0
X1,Falset,2026-05-25,0.0
X3,Alguaire,2026-05-25,0.0
X4,Barcelona - el Raval,2026-05-25,0.0
X5,PN dels Ports,2026-05-25,0.0
X6,Baldomar,2026-05-25,0.0
X7,Torres de Segre,2026-05-25,0.0
X8,Barcelona - Zona Universitària,2026-05-25,0.0
X9,Caldes de Montbui,2026-05-25,0.0
XA,la Panadella,2026-05-25,0.0
XB,la Llacuna,2026-05-25,0.0
XC,Castellbisbal,2026-05-25,0.0
XD,Ulldemolins,2026-05-25,0.0
XE,Tarragona - Complex Educatiu,2026-05-25,0.0
XF,Sabadell - Parc Agrari,2026-05-25,0.0
XG,Parets del Vallès,2026-05-25,0.0
XH,Sort,2026-05-25,0.0
XI,Mollerussa,2026-05-25,0.0
XJ,Girona,2026-05-25,0.0
XK,Puig Sesolles (1.666 m),2026-05-25,0.0
XL,el Prat de Llobregat,2026-05-25,0.0
XM,els Alamús,2026-05-25,0.0
XN,Seròs,2026-05-25,0.0
XO,Vic,2026-05-25,0.0
XP,Gandesa,2026-05-25,0.0
XQ,Tremp,2026-05-25,0.0
XR,Prades,2026-05-25,0.0
XS,Santa Coloma de Farners,2026-05-25,0.0
XT,Solsona,2026-05-25,0.0
XU,Canyelles,2026-05-25,0.0
XV,Sant Cugat del Vallès - CAR,2026-05-25,0.0
XX,Anglesola - Tornabous,2026-05-25,0.0
XY,Alcarràs,2026-05-25,0.0
XZ,Torroella de Fluvià,2026-05-25,0.0
Y4,Alinyà,2026-05-25,0.0
Y5,Navata,2026-05-25,0.0
Y6,Tivissa,2026-05-25,0.0
YA,Puigcerdà,2026-05-25,0.0
YB,Olot,2026-05-25,0.0
YC,la Pobla de Segur,2026-05-25,0.0
YD,les Borges Blanques,2026-05-25,0.0
YE,Massoteres,2026-05-25,0.0
YF,Miami Platja,2026-05-25,0.0
YG,Tírvia,2026-05-25,0.0
YH,Pujalt,2026-05-25,0.0
YJ,Lleida - la Femosa,2026-05-25,0.0
YK,Terrassa,2026-05-25,0.0
YL,Riudecanyes,2026-05-25,0.0
YM,Granollers,2026-05-25,0.0
YN,Vielha - Elipòrt,2026-05-25,0.0
YO,Sant Sadurní d'Anoia,2026-05-25,0.0
YP,Palafrugell,2026-05-25,0.0
YQ,Port de Barcelona - ZAL Prat,2026-05-25,0.0
YR,Vilanova i la Geltrú,2026-05-25,0.0
YS,Cabanes,2026-05-25,0.0
YT,Bonabé (1.691 m),2026-05-25,0.0
YU,Cantonigròs,2026-05-25,0.0
YV,Mataró,2026-05-25,0.0
YX,Batea,2026-05-25,0.0
YY,Viladecans - les Filipines,2026-05-25,0.0
Z1,Bonaigua (2.262 m),2026-05-25,0.0
Z2,Boí (2.537 m),2026-05-25,0.0
Z3,Malniu (2.229 m),2026-05-25,0.0
Z5,Certascan (2.398 m),2026-05-25,0.0
Z6,Sasseuva (2.226 m),2026-05-25,0.0
Z7,Espot (2.519 m),2026-05-25,0.0
Z9,Cadí Nord (2.145 m) - Prat d'Aguiló,2026-05-25,0.0
ZB,Salòria (2.451 m),2026-05-25,0.0
ZC,Ulldeter (2.413 m),2026-05-25,0.0
ZE,el Port del Comte (2.288 m),2026-05-25,0.0
C6,Castellnou de Seana,2026-05-26,0.0
C7,Tàrrega,2026-05-26,0.0
C8,Cervera,2026-05-26,0.0
C9,Mas de Barberans,2026-05-26,0.0
CC,Orís,2026-05-26,0.0
CD,la Seu d'Urgell - Bellestar,2026-05-26,0.0
CE,els Hostalets de Pierola,2026-05-26,0.0
CG,Molló - Fabert,2026-05-26,0.0
CI,Sant Pau de Segúries,2026-05-26,0.0
CJ,Organyà,2026-05-26,0.0
CL,Sant Salvador de Guardiola,2026-05-26,0.0
CP,Sant Romà d'Abella,2026-05-26,0.0
CQ,Vilanova de Meià,2026-05-26,0.0
CR,la Quar,2026-05-26,0.0
CT,el Pont de Suert,2026-05-26,0.0
CW,l'Espluga de Francolí,2026-05-26,0.0
CY,Muntanyola,2026-05-26,0.0
D1,Margalef,2026-05-26,0.0
D2,Vacarisses,2026-05-26,0.0
D3,Vallirana,2026-05-26,0.0
D4,Roses,2026-05-26,0.0
D5,Barcelona - Observatori Fabra,2026-05-26,0.0
D6,Portbou - coll dels Belitres,2026-05-26,0.0
D7,Vinebre,2026-05-26,0.0
D8,Horta de Sant Joan,2026-05-26,0.0
D9,el Vendrell,2026-05-26,0.0
DB,el Perelló,2026-05-26,0.0
DF,la Bisbal d'Empordà,2026-05-26,0.0
DG,Núria (1.971 m),2026-05-26,0.0
DI,Font-rubí,2026-05-26,0.0
DJ,Banyoles,2026-05-26,0.0
DK,Torredembarra,2026-05-26,0.0
DL,Illa de Buda,2026-05-26,0.0
DN,Anglès,2026-05-26,0.0
DO,Castell d'Aro,2026-05-26,0.0
DP,Das - Aeròdrom,2026-05-26,0.0
DQ,Vila-rodona,2026-05-26,0.0
H1,Òdena,2026-05-26,0.0
J5,Pantà de Darnius - Boadella,2026-05-26,0.0
KE,Pantà de Sau,2026-05-26,0.0
KP,Fogars de la Selva,2026-05-26,0.0
KX,la Roca del Vallès - ETAP Cardedeu,2026-05-26,0.0
M6,Sant Joan de les Abadesses,2026-05-26,0.0
MQ,Cardona,2026-05-26,0.0
MR,Pantà de Siurana,2026-05-26,0.0
MS,Castellar de n'Hug - el Clot del Moro,2026-05-26,0.0
MV,Guixers - Valls,2026-05-26,0.0
MW,Navès,2026-05-26,0.0
U2,Sant Pere Pescador,2026-05-26,0.0
U3,Sant Martí Sarroca,2026-05-26,0.0
U4,Castellnou de Bages,2026-05-26,0.0
U6,Vinyols i els Arcs - Cambrils,2026-05-26,0.0
U7,Aldover,2026-05-26,0.0
U9,l'Aldea,2026-05-26,0.0
UA,l'Ametlla de Mar,2026-05-26,0.0
UB,la Tallada d'Empordà,2026-05-26,0.0
UE,Torroella de Montgrí,2026-05-26,0.0
UF,PN del Garraf - el Rascler,2026-05-26,0.0
UH,el Montmell,2026-05-26,0.0
UI,Gisclareny,2026-05-26,0.0
UJ,Santa Coloma de Queralt,2026-05-26,0.0
UK,Sant Pere de Ribes - PN del Garraf,2026-05-26,0.0
UM,la Granadella,2026-05-26,0.0
UN,Cassà de la Selva,2026-05-26,0.0
UO,Fornells de la Selva,2026-05-26,0.0
UP,Cabrils,2026-05-26,0.0
UQ,Dosrius - PN Montnegre Corredor,2026-05-26,0.0
US,les Cases d'Alcanar,2026-05-26,0.0
UU,Amposta,2026-05-26,0.0
UW,els Alfacs,2026-05-26,0.0
UX,Ulldecona - els Valentins,2026-05-26,0.0
UY,Os de Balaguer - el Monestir d'Avellanes,2026-05-26,0.0
V1,Vallfogona de Balaguer,2026-05-26,0.0
V4,Montesquiu,2026-05-26,0.0
V5,Perafita,2026-05-26,0.0
V8,el Poal,2026-05-26,0.0
VA,Ascó,2026-05-26,0.0
VB,Benissanet,2026-05-26,0.0
VC,Pantà de Riba-roja,2026-05-26,0.0
VD,el Canós,2026-05-26,0.0
VH,Gimenells,2026-05-26,0.0
VK,Raimat,2026-05-26,0.0
VM,Vilanova de Segrià,2026-05-26,0.0
VO,Lladurs,2026-05-26,0.0
VP,Pinós,2026-05-26,0.0
VQ,Constantí,2026-05-26,0.0
VS,Lac Redon (2.245 m),2026-05-26,0.0
VU,Rellinars,2026-05-26,0.0
VV,Sant Llorenç Savall,2026-05-26,0.0
VX,Tagamanent - PN del Montseny,2026-05-26,0.0
VY,Nulles,2026-05-26,0.0
VZ,Espolla,2026-05-26,0.0
W1,Castelló d'Empúries,2026-05-26,0.0
W4,Vilafranca del Penedès - la Granada,2026-05-26,0.0
W5,Oliana,2026-05-26,0.0
W8,Blancafort,2026-05-26,0.0
W9,la Vall d'en Bas,2026-05-26,0.0
WA,Oliola,2026-05-26,0.0
WB,Albesa,2026-05-26,0.0
WC,Golmés,2026-05-26,0.0
WG,Algerri,2026-05-26,0.0
WI,Maials,2026-05-26,0.0
WJ,el Masroig,2026-05-26,0.0
WK,Alfarràs,2026-05-26,0.0
WL,Sant Martí de Riucorb,2026-05-26,0.0
WM,Santuari de Queralt,2026-05-26,0.0
WN,Montserrat - Sant Dimes,2026-05-26,0.0
WO,la Bisbal del Penedès,2026-05-26,0.0
WP,Canaletes,2026-05-26,0.0
WQ,Montsec d'Ares (1.571 m),2026-05-26,0.0
WR,Torroja del Priorat,2026-05-26,0.0
WS,Viladrau,2026-05-26,0.0
WT,Malgrat de Mar,2026-05-26,0.0
WU,Badalona - Museu,2026-05-26,0.0
WV,Guardiola de Berguedà,2026-05-26,0.0
WW,Artés,2026-05-26,0.0
WX,Camarasa,2026-05-26,0.0
WZ,Cunit,2026-05-26,0.0
X1,Falset,2026-05-26,0.0
X3,Alguaire,2026-05-26,0.0
X4,Barcelona - el Raval,2026-05-26,0.0
X5,PN dels Ports,2026-05-26,0.0
X6,Baldomar,2026-05-26,0.0
X7,Torres de Segre,2026-05-26,0.0
X8,Barcelona - Zona Universitària,2026-05-26,0.0
X9,Caldes de Montbui,2026-05-26,0.0
XA,la Panadella,2026-05-26,0.0
XB,la Llacuna,2026-05-26,0.0
XC,Castellbisbal,2026-05-26,0.0
XD,Ulldemolins,2026-05-26,0.0
XE,Tarragona - Complex Educatiu,2026-05-26,0.0
XF,Sabadell - Parc Agrari,2026-05-26,0.0
XG,Parets del Vallès,2026-05-26,0.0
XH,Sort,2026-05-26,0.0
XI,Mollerussa,2026-05-26,0.0
XJ,Girona,2026-05-26,0.0
XK,Puig Sesolles (1.666 m),2026-05-26,0.0
XL,el Prat de Llobregat,2026-05-26,0.0
XM,els Alamús,2026-05-26,0.0
XN,Seròs,2026-05-26,0.0
XO,Vic,2026-05-26,0.0
XP,Gandesa,2026-05-26,0.0
XQ,Tremp,2026-05-26,0.0
XR,Prades,2026-05-26,0.0
XS,Santa Coloma de Farners,2026-05-26,0.0
XT,Solsona,2026-05-26,0.0
XU,Canyelles,2026-05-26,0.0
XV,Sant Cugat del Vallès - CAR,2026-05-26,0.0
XX,Anglesola - Tornabous,2026-05-26,0.0
XY,Alcarràs,2026-05-26,0.0
XZ,Torroella de Fluvià,2026-05-26,0.0
Y4,Alinyà,2026-05-26,0.0
Y5,Navata,2026-05-26,0.0
Y6,Tivissa,2026-05-26,0.0
YA,Puigcerdà,2026-05-26,0.0
YB,Olot,2026-05-26,0.0
YC,la Pobla de Segur,2026-05-26,0.0
YD,les Borges Blanques,2026-05-26,0.0
YE,Massoteres,2026-05-26,0.0
YF,Miami Platja,2026-05-26,0.0
YG,Tírvia,2026-05-26,0.0
YH,Pujalt,2026-05-26,0.0
YJ,Lleida - la Femosa,2026-05-26,0.0
YK,Terrassa,2026-05-26,0.0
YL,Riudecanyes,2026-05-26,0.0
YM,Granollers,2026-05-26,0.0
YN,Vielha - Elipòrt,2026-05-26,0.0
YO,Sant Sadurní d'Anoia,2026-05-26,0.0
YP,Palafrugell,2026-05-26,0.0
YQ,Port de Barcelona - ZAL Prat,2026-05-26,0.0
YR,Vilanova i la Geltrú,2026-05-26,0.0
YS,Cabanes,2026-05-26,0.0
YT,Bonabé (1.691 m),2026-05-26,0.0
YU,Cantonigròs,2026-05-26,0.0
YV,Mataró,2026-05-26,0.0
YX,Batea,2026-05-26,0.0
YY,Viladecans - les Filipines,2026-05-26,0.0
Z1,Bonaigua (2.262 m),2026-05-26,0.0
Z2,Boí (2.537 m),2026-05-26,0.0
Z3,Malniu (2.229 m),2026-05-26,0.0
Z5,Certascan (2.398 m),2026-05-26,0.0
Z6,Sasseuva (2.226 m),2026-05-26,0.0
Z7,Espot (2.519 m),2026-05-26,0.0
Z9,Cadí Nord (2.145 m) - Prat d'Aguiló,2026-05-26,0.0
ZB,Salòria (2.451 m),2026-05-26,0.0
ZC,Ulldeter (2.413 m),2026-05-26,0.0
ZE,el Port del Comte (2.288 m),2026-05-26,0.0
C6,Castellnou de Seana,2026-05-27,0.0
C7,Tàrrega,2026-05-27,0.0
C8,Cervera,2026-05-27,0.0
C9,Mas de Barberans,2026-05-27,0.0
CC,Orís,2026-05-27,0.0
CD,la Seu d'Urgell - Bellestar,2026-05-27,0.0
CE,els Hostalets de Pierola,2026-05-27,0.0
CG,Molló - Fabert,2026-05-27,0.0
CI,Sant Pau de Segúries,2026-05-27,0.0
CJ,Organyà,2026-05-27,0.0
CL,Sant Salvador de Guardiola,2026-05-27,0.0
CP,Sant Romà d'Abella,2026-05-27,0.0
CQ,Vilanova de Meià,2026-05-27,0.0
CR,la Quar,2026-05-27,0.0
CT,el Pont de Suert,2026-05-27,0.0
CW,l'Espluga de Francolí,2026-05-27,0.0
CY,Muntanyola,2026-05-27,0.0
D1,Margalef,2026-05-27,0.0
D2,Vacarisses,2026-05-27,0.0
D3,Vallirana,2026-05-27,0.0
D4,Roses,2026-05-27,0.0
D5,Barcelona - Observatori Fabra,2026-05-27,0.0
D6,Portbou - coll dels Belitres,2026-05-27,0.0
D7,Vinebre,2026-05-27,0.0
D8,Horta de Sant Joan,2026-05-27,0.0
D9,el Vendrell,2026-05-27,0.0
DB,el Perelló,2026-05-27,0.0
DF,la Bisbal d'Empordà,2026-05-27,0.0
DG,Núria (1.971 m),2026-05-27,0.0
DI,Font-rubí,2026-05-27,0.0
DJ,Banyoles,2026-05-27,0.0
DK,Torredembarra,2026-05-27,0.0
DL,Illa de Buda,2026-05-27,0.0
DN,Anglès,2026-05-27,0.0
DO,Castell d'Aro,2026-05-27,0.0
DP,Das - Aeròdrom,2026-05-27,0.0
DQ,Vila-rodona,2026-05-27,0.0
H1,Òdena,2026-05-27,0.0
J5,Pantà de Darnius - Boadella,2026-05-27,0.0
KE,Pantà de Sau,2026-05-27,0.0
KP,Fogars de la Selva,2026-05-27,0.0
KX,la Roca del Vallès - ETAP Cardedeu,2026-05-27,0.0
M6,Sant Joan de les Abadesses,2026-05-27,0.0
MQ,Cardona,2026-05-27,0.0
MR,Pantà de Siurana,2026-05-27,0.0
MS,Castellar de n'Hug - el Clot del Moro,2026-05-27,0.0
MV,Guixers - Valls,2026-05-27,0.0
MW,Navès,2026-05-27,0.0
U2,Sant Pere Pescador,2026-05-27,0.1
U3,Sant Martí Sarroca,2026-05-27,0.0
U4,Castellnou de Bages,2026-05-27,0.0
U6,Vinyols i els Arcs - Cambrils,2026-05-27,0.0
U7,Aldover,2026-05-27,0.0
U9,l'Aldea,2026-05-27,0.0
UA,l'Ametlla de Mar,2026-05-27,0.0
UB,la Tallada d'Empordà,2026-05-27,0.0
UE,Torroella de Montgrí,2026-05-27,0.0
UF,PN del Garraf - el Rascler,2026-05-27,0.0
UH,el Montmell,2026-05-27,0.0
UI,Gisclareny,2026-05-27,0.0
UJ,Santa Coloma de Queralt,2026-05-27,0.0
UK,Sant Pere de Ribes - PN del Garraf,2026-05-27,0.0
UM,la Granadella,2026-05-27,0.0
UN,Cassà de la Selva,2026-05-27,0.0
UO,Fornells de la Selva,2026-05-27,0.0
UP,Cabrils,2026-05-27,0.0
UQ,Dosrius - PN Montnegre Corredor,2026-05-27,0.0
US,les Cases d'Alcanar,2026-05-27,0.0
UU,Amposta,2026-05-27,0.0
UW,els Alfacs,2026-05-27,0.0
UX,Ulldecona - els Valentins,2026-05-27,0.0
UY,Os de Balaguer - el Monestir d'Avellanes,2026-05-27,0.0
V1,Vallfogona de Balaguer,2026-05-27,0.0
V4,Montesquiu,2026-05-27,0.0
V5,Perafita,2026-05-27,0.0
V8,el Poal,2026-05-27,0.0
VA,Ascó,2026-05-27,0.0
VB,Benissanet,2026-05-27,0.0
VC,Pantà de Riba-roja,2026-05-27,0.0
VD,el Canós,2026-05-27,0.0
VH,Gimenells,2026-05-27,0.0
VK,Raimat,2026-05-27,0.0
VM,Vilanova de Segrià,2026-05-27,0.0
VO,Lladurs,2026-05-27,0.0
VP,Pinós,2026-05-27,0.0
VQ,Constantí,2026-05-27,0.0
VS,Lac Redon (2.245 m),2026-05-27,0.0
VU,Rellinars,2026-05-27,0.0
VV,Sant Llorenç Savall,2026-05-27,0.0
VX,Tagamanent - PN del Montseny,2026-05-27,0.0
VY,Nulles,2026-05-27,0.0
VZ,Espolla,2026-05-27,0.0
W1,Castelló d'Empúries,2026-05-27,0.0
W4,Vilafranca del Penedès - la Granada,2026-05-27,0.0
W5,Oliana,2026-05-27,0.0
W8,Blancafort,2026-05-27,0.0
W9,la Vall d'en Bas,2026-05-27,0.0
WA,Oliola,2026-05-27,0.0
WB,Albesa,2026-05-27,0.0
WC,Golmés,2026-05-27,0.0
WG,Algerri,2026-05-27,0.0
WI,Maials,2026-05-27,0.0
WJ,el Masroig,2026-05-27,0.0
WK,Alfarràs,2026-05-27,0.0
WL,Sant Martí de Riucorb,2026-05-27,0.0
WM,Santuari de Queralt,2026-05-27,0.0
WN,Montserrat - Sant Dimes,2026-05-27,0.0
WO,la Bisbal del Penedès,2026-05-27,0.0
WP,Canaletes,2026-05-27,0.0
WQ,Montsec d'Ares (1.571 m),2026-05-27,0.0
WR,Torroja del Priorat,2026-05-27,0.0
WS,Viladrau,2026-05-27,0.0
WT,Malgrat de Mar,2026-05-27,0.0
WU,Badalona - Museu,2026-05-27,0.0
WV,Guardiola de Berguedà,2026-05-27,0.0
WW,Artés,2026-05-27,0.0
WX,Camarasa,2026-05-27,0.0
WZ,Cunit,2026-05-27,0.0
X1,Falset,2026-05-27,0.0
X3,Alguaire,2026-05-27,0.0
X4,Barcelona - el Raval,2026-05-27,0.0
X5,PN dels Ports,2026-05-27,0.0
X6,Baldomar,2026-05-27,0.0
X7,Torres de Segre,2026-05-27,0.0
X8,Barcelona - Zona Universitària,2026-05-27,0.0
X9,Caldes de Montbui,2026-05-27,0.0
XA,la Panadella,2026-05-27,0.0
XB,la Llacuna,2026-05-27,0.0
XC,Castellbisbal,2026-05-27,0.0
XD,Ulldemolins,2026-05-27,0.0
XE,Tarragona - Complex Educatiu,2026-05-27,0.0
XF,Sabadell - Parc Agrari,2026-05-27,0.0
XG,Parets del Vallès,2026-05-27,0.0
XH,Sort,2026-05-27,0.0
XI,Mollerussa,2026-05-27,0.0
XJ,Girona,2026-05-27,0.0
XK,Puig Sesolles (1.666 m),2026-05-27,0.0
XL,el Prat de Llobregat,2026-05-27,0.0
XM,els Alamús,2026-05-27,0.0
XN,Seròs,2026-05-27,0.0
XO,Vic,2026-05-27,0.0
XP,Gandesa,2026-05-27,0.0
XQ,Tremp,2026-05-27,0.0
XR,Prades,2026-05-27,0.0
XS,Santa Coloma de Farners,2026-05-27,0.0
XT,Solsona,2026-05-27,0.0
XU,Canyelles,2026-05-27,0.0
XV,Sant Cugat del Vallès - CAR,2026-05-27,0.0
XX,Anglesola - Tornabous,2026-05-27,0.0
XY,Alcarràs,2026-05-27,0.0
XZ,Torroella de Fluvià,2026-05-27,0.0
Y4,Alinyà,2026-05-27,0.0
Y5,Navata,2026-05-27,0.0
Y6,Tivissa,2026-05-27,0.0
YA,Puigcerdà,2026-05-27,0.0
YB,Olot,2026-05-27,0.0
YC,la Pobla de Segur,2026-05-27,0.0
YD,les Borges Blanques,2026-05-27,0.0
YE,Massoteres,2026-05-27,0.0
YF,Miami Platja,2026-05-27,0.0
YG,Tírvia,2026-05-27,0.0
YH,Pujalt,2026-05-27,0.0
YJ,Lleida - la Femosa,2026-05-27,0.0
YK,Terrassa,2026-05-27,0.0
YL,Riudecanyes,2026-05-27,0.0
YM,Granollers,2026-05-27,0.0
YN,Vielha - Elipòrt,2026-05-27,0.0
YO,Sant Sadurní d'Anoia,2026-05-27,0.0
YP,Palafrugell,2026-05-27,0.0
YQ,Port de Barcelona - ZAL Prat,2026-05-27,0.0
YR,Vilanova i la Geltrú,2026-05-27,0.0
YS,Cabanes,2026-05-27,0.0
YT,Bonabé (1.691 m),2026-05-27,0.0
YU,Cantonigròs,2026-05-27,0.0
YV,Mataró,2026-05-27,0.0
YX,Batea,2026-05-27,0.0
YY,Viladecans - les Filipines,2026-05-27,0.0
Z1,Bonaigua (2.262 m),2026-05-27,0.0
Z2,Boí (2.537 m),2026-05-27,0.0
Z3,Malniu (2.229 m),2026-05-27,0.0
Z5,Certascan (2.398 m),2026-05-27,0.0
Z6,Sasseuva (2.226 m),2026-05-27,0.0
Z7,Espot (2.519 m),2026-05-27,0.0
Z9,Cadí Nord (2.145 m) - Prat d'Aguiló,2026-05-27,0.0
ZB,Salòria (2.451 m),2026-05-27,0.0
ZC,Ulldeter (2.413 m),2026-05-27,0.0
ZE,el Port del Comte (2.288 m),2026-05-27,0.0
C6,Castellnou de Seana,2026-05-28,0.0
C7,Tàrrega,2026-05-28,0.0
C8,Cervera,2026-05-28,0.0
C9,Mas de Barberans,2026-05-28,0.0
CC,Orís,2026-05-28,0.0
CD,la Seu d'Urgell - Bellestar,2026-05-28,0.0
CE,els Hostalets de Pierola,2026-05-28,0.0
CG,Molló - Fabert,2026-05-28,0.0
CI,Sant Pau de Segúries,2026-05-28,0.0
CJ,Organyà,2026-05-28,0.0
CL,Sant Salvador de Guardiola,2026-05-28,0.0
CP,Sant Romà d'Abella,2026-05-28,0.0
CQ,Vilanova de Meià,2026-05-28,0.0
CR,la Quar,2026-05-28,0.0
CT,el Pont de Suert,2026-05-28,0.0
CW,l'Espluga de Francolí,2026-05-28,0.0
CY,Muntanyola,2026-05-28,0.0
D1,Margalef,2026-05-28,0.0
D2,Vacarisses,2026-05-28,0.0
D3,Vallirana,2026-05-28,0.0
D4,Roses,2026-05-28,0.0
D5,Barcelona - Observatori Fabra,2026-05-28,0.0
D6,Portbou - coll dels Belitres,2026-05-28,0.0
D7,Vinebre,2026-05-28,0.0
D8,Horta de Sant Joan,2026-05-28,0.0
D9,el Vendrell,2026-05-28,0.0
DB,el Perelló,2026-05-28,0.0
DF,la Bisbal d'Empordà,2026-05-28,0.0
DG,Núria (1.971 m),2026-05-28,0.0
DI,Font-rubí,2026-05-28,0.0
DJ,Banyoles,2026-05-28,0.0
DK,Torredembarra,2026-05-28,0.0
DL,Illa de Buda,2026-05-28,0.0
DN,Anglès,2026-05-28,0.0
DO,Castell d'Aro,2026-05-28,0.0
DP,Das - Aeròdrom,2026-05-28,0.0
DQ,Vila-rodona,2026-05-28,0.0
H1,Òdena,2026-05-28,0.0
J5,Pantà de Darnius - Boadella,2026-05-28,0.0
KE,Pantà de Sau,2026-05-28,0.0
KP,Fogars de la Selva,2026-05-28,0.0
KX,la Roca del Vallès - ETAP Cardedeu,2026-05-28,0.0
M6,Sant Joan de les Abadesses,2026-05-28,0.0
MQ,Cardona,2026-05-28,0.0
MR,Pantà de Siurana,2026-05-28,0.0
MS,Castellar de n'Hug - el Clot del Moro,2026-05-28,0.0
MV,Guixers - Valls,2026-05-28,0.0
MW,Navès,2026-05-28,0.0
U2,Sant Pere Pescador,2026-05-28,0.0
U3,Sant Martí Sarroca,2026-05-28,0.0
U4,Castellnou de Bages,2026-05-28,0.0
U6,Vinyols i els Arcs - Cambrils,2026-05-28,0.0
U7,Aldover,2026-05-28,0.0
U9,l'Aldea,2026-05-28,0.0
UA,l'Ametlla de Mar,2026-05-28,0.0
UB,la Tallada d'Empordà,2026-05-28,0.0
UE,Torroella de Montgrí,2026-05-28,0.0
UF,PN del Garraf - el Rascler,2026-05-28,0.0
UH,el Montmell,2026-05-28,0.0
UI,Gisclareny,2026-05-28,0.0
UJ,Santa Coloma de Queralt,2026-05-28,0.0
UK,Sant Pere de Ribes - PN del Garraf,2026-05-28,0.0
UM,la Granadella,2026-05-28,0.0
UN,Cassà de la Selva,2026-05-28,0.0
UO,Fornells de la Selva,2026-05-28,0.0
UP,Cabrils,2026-05-28,0.0
UQ,Dosrius - PN Montnegre Corredor,2026-05-28,0.0
US,les Cases d'Alcanar,2026-05-28,0.0
UU,Amposta,2026-05-28,0.0
UW,els Alfacs,2026-05-28,0.0
UX,Ulldecona - els Valentins,2026-05-28,0.0
UY,Os de Balaguer - el Monestir d'Avellanes,2026-05-28,0.0
V1,Vallfogona de Balaguer,2026-05-28,0.0
V4,Montesquiu,2026-05-28,0.0
V5,Perafita,2026-05-28,0.0
V8,el Poal,2026-05-28,0.0
VA,Ascó,2026-05-28,0.0
VB,Benissanet,2026-05-28,0.0
VC,Pantà de Riba-roja,2026-05-28,0.0
VD,el Canós,2026-05-28,0.0
VH,Gimenells,2026-05-28,0.0
VK,Raimat,2026-05-28,0.0
VM,Vilanova de Segrià,2026-05-28,0.0
VO,Lladurs,2026-05-28,0.0
VP,Pinós,2026-05-28,0.0
VQ,Constantí,2026-05-28,0.0
VS,Lac Redon (2.245 m),2026-05-28,0.0
VU,Rellinars,2026-05-28,0.0
VV,Sant Llorenç Savall,2026-05-28,0.0
VX,Tagamanent - PN del Montseny,2026-05-28,0.0
VY,Nulles,2026-05-28,0.0
VZ,Espolla,2026-05-28,0.0
W1,Castelló d'Empúries,2026-05-28,0.0
W4,Vilafranca del Penedès - la Granada,2026-05-28,0.0
W5,Oliana,2026-05-28,0.0
W8,Blancafort,2026-05-28,0.0
W9,la Vall d'en Bas,2026-05-28,0.0
WA,Oliola,2026-05-28,0.0
WB,Albesa,2026-05-28,0.0
WC,Golmés,2026-05-28,0.0
WG,Algerri,2026-05-28,0.0
WI,Maials,2026-05-28,0.0
WJ,el Masroig,2026-05-28,0.0
WK,Alfarràs,2026-05-28,0.0
WL,Sant Martí de Riucorb,2026-05-28,0.0
WM,Santuari de Queralt,2026-05-28,0.0
WN,Montserrat - Sant Dimes,2026-05-28,0.0
WO,la Bisbal del Penedès,2026-05-28,0.0
WP,Canaletes,2026-05-28,0.0
WQ,Montsec d'Ares (1.571 m),2026-05-28,0.0
WR,Torroja del Priorat,2026-05-28,0.0
WS,Viladrau,2026-05-28,0.0
WT,Malgrat de Mar,2026-05-28,0.0
WU,Badalona - Museu,2026-05-28,0.0
WV,Guardiola de Berguedà,2026-05-28,0.0
WW,Artés,2026-05-28,0.0
WX,Camarasa,2026-05-28,0.0
WZ,Cunit,2026-05-28,0.0
X1,Falset,2026-05-28,0.0
X3,Alguaire,2026-05-28,0.0
X4,Barcelona - el Raval,2026-05-28,0.0
X5,PN dels Ports,2026-05-28,0.0
X6,Baldomar,2026-05-28,0.0
X7,Torres de Segre,2026-05-28,0.0
X8,Barcelona - Zona Universitària,2026-05-28,0.0
X9,Caldes de Montbui,2026-05-28,0.0
XA,la Panadella,2026-05-28,0.0
XB,la Llacuna,2026-05-28,0.0
XC,Castellbisbal,2026-05-28,0.0
XD,Ulldemolins,2026-05-28,0.0
XE,Tarragona - Complex Educatiu,2026-05-28,0.0
XF,Sabadell - Parc Agrari,2026-05-28,0.0
XG,Parets del Vallès,2026-05-28,0.0
XH,Sort,2026-05-28,0.0
XI,Mollerussa,2026-05-28,0.0
XJ,Girona,2026-05-28,0.0
XK,Puig Sesolles (1.666 m),2026-05-28,0.0
XL,el Prat de Llobregat,2026-05-28,0.0
XM,els Alamús,2026-05-28,0.0
XN,Seròs,2026-05-28,0.0
XO,Vic,2026-05-28,0.0
XP,Gandesa,2026-05-28,0.0
XQ,Tremp,2026-05-28,0.0
XR,Prades,2026-05-28,0.0
XS,Santa Coloma de Farners,2026-05-28,0.0
XT,Solsona,2026-05-28,0.0
XU,Canyelles,2026-05-28,0.0
XV,Sant Cugat del Vallès - CAR,2026-05-28,0.0
XX,Anglesola - Tornabous,2026-05-28,0.0
XY,Alcarràs,2026-05-28,0.0
XZ,Torroella de Fluvià,2026-05-28,0.0
Y4,Alinyà,2026-05-28,0.0
Y5,Navata,2026-05-28,0.0
Y6,Tivissa,2026-05-28,0.0
YA,Puigcerdà,2026-05-28,0.0
YB,Olot,2026-05-28,0.0
YC,la Pobla de Segur,2026-05-28,0.0
YD,les Borges Blanques,2026-05-28,0.0
YE,Massoteres,2026-05-28,0.0
YF,Miami Platja,2026-05-28,0.0
YG,Tírvia,2026-05-28,0.0
YH,Pujalt,2026-05-28,0.0
YJ,Lleida - la Femosa,2026-05-28,0.0
YK,Terrassa,2026-05-28,0.0
YL,Riudecanyes,2026-05-28,0.0
YM,Granollers,2026-05-28,0.0
YN,Vielha - Elipòrt,2026-05-28,0.0
YO,Sant Sadurní d'Anoia,2026-05-28,0.0
YP,Palafrugell,2026-05-28,0.0
YQ,Port de Barcelona - ZAL Prat,2026-05-28,0.0
YR,Vilanova i la Geltrú,2026-05-28,0.0
YS,Cabanes,2026-05-28,0.0
YT,Bonabé (1.691 m),2026-05-28,0.0
YU,Cantonigròs,2026-05-28,0.0
YV,Mataró,2026-05-28,0.0
YX,Batea,2026-05-28,0.0
YY,Viladecans - les Filipines,2026-05-28,0.0
Z1,Bonaigua (2.262 m),2026-05-28,0.0
Z2,Boí (2.537 m),2026-05-28,0.0
Z3,Malniu (2.229 m),2026-05-28,0.0
Z5,Certascan (2.398 m),2026-05-28,0.0
Z6,Sasseuva (2.226 m),2026-05-28,0.0
Z7,Espot (2.519 m),2026-05-28,0.0
Z9,Cadí Nord (2.145 m) - Prat d'Aguiló,2026-05-28,0.0
ZB,Salòria (2.451 m),2026-05-28,0.0
ZC,Ulldeter (2.413 m),2026-05-28,0.0
ZE,el Port del Comte (2.288 m),2026-05-28,0.0
C6,Castellnou de Seana,2026-05-29,0.0
C7,Tàrrega,2026-05-29,0.0
C8,Cervera,2026-05-29,0.0
C9,Mas de Barberans,2026-05-29,0.0
CC,Orís,2026-05-29,0.0
CD,la Seu d'Urgell - Bellestar,2026-05-29,0.3
CE,els Hostalets de Pierola,2026-05-29,0.0
CG,Molló - Fabert,2026-05-29,0.0
CI,Sant Pau de Segúries,2026-05-29,0.0
CJ,Organyà,2026-05-29,0.0
CL,Sant Salvador de Guardiola,2026-05-29,0.0
CP,Sant Romà d'Abella,2026-05-29,0.0
CQ,Vilanova de Meià,2026-05-29,0.0
CR,la Quar,2026-05-29,0.0
CT,el Pont de Suert,2026-05-29,9.4
CW,l'Espluga de Francolí,2026-05-29,0.0
CY,Muntanyola,2026-05-29,0.4
D1,Margalef,2026-05-29,0.0
D2,Vacarisses,2026-05-29,0.0
D3,Vallirana,2026-05-29,0.0
D4,Roses,2026-05-29,0.0
D5,Barcelona - Observatori Fabra,2026-05-29,0.0
D6,Portbou - coll dels Belitres,2026-05-29,0.0
D7,Vinebre,2026-05-29,0.0
D8,Horta de Sant Joan,2026-05-29,0.0
D9,el Vendrell,2026-05-29,0.0
DB,el Perelló,2026-05-29,0.0
DF,la Bisbal d'Empordà,2026-05-29,0.0
DG,Núria (1.971 m),2026-05-29,0.0
DI,Font-rubí,2026-05-29,0.0
DJ,Banyoles,2026-05-29,0.0
DK,Torredembarra,2026-05-29,0.0
DL,Illa de Buda,2026-05-29,0.0
DN,Anglès,2026-05-29,0.0
DO,Castell d'Aro,2026-05-29,0.0
DP,Das - Aeròdrom,2026-05-29,3.0
DQ,Vila-rodona,2026-05-29,0.0
H1,Òdena,2026-05-29,0.0
J5,Pantà de Darnius - Boadella,2026-05-29,0.0
KE,Pantà de Sau,2026-05-29,0.0
KP,Fogars de la Selva,2026-05-29,0.0
KX,la Roca del Vallès - ETAP Cardedeu,2026-05-29,0.0
M6,Sant Joan de les Abadesses,2026-05-29,0.0
MQ,Cardona,2026-05-29,0.0
MR,Pantà de Siurana,2026-05-29,0.0
MS,Castellar de n'Hug - el Clot del Moro,2026-05-29,0.0
MV,Guixers - Valls,2026-05-29,5.0
MW,Navès,2026-05-29,0.0
U2,Sant Pere Pescador,2026-05-29,0.0
U3,Sant Martí Sarroca,2026-05-29,0.0
U4,Castellnou de Bages,2026-05-29,0.0
U6,Vinyols i els Arcs - Cambrils,2026-05-29,0.0
U7,Aldover,2026-05-29,0.0
U9,l'Aldea,2026-05-29,0.0
UA,l'Ametlla de Mar,2026-05-29,0.0
UB,la Tallada d'Empordà,2026-05-29,0.0
UE,Torroella de Montgrí,2026-05-29,0.0
UF,PN del Garraf - el Rascler,2026-05-29,0.0
UH,el Montmell,2026-05-29,0.0
UI,Gisclareny,2026-05-29,0.0
UJ,Santa Coloma de Queralt,2026-05-29,0.0
UK,Sant Pere de Ribes - PN del Garraf,2026-05-29,0.0
UM,la Granadella,2026-05-29,0.0
UN,Cassà de la Selva,2026-05-29,0.0
UO,Fornells de la Selva,2026-05-29,0.0
UP,Cabrils,2026-05-29,0.0
UQ,Dosrius - PN Montnegre Corredor,2026-05-29,0.0
US,les Cases d'Alcanar,2026-05-29,0.0
UU,Amposta,2026-05-29,0.0
UW,els Alfacs,2026-05-29,0.0
UX,Ulldecona - els Valentins,2026-05-29,0.0
UY,Os de Balaguer - el Monestir d'Avellanes,2026-05-29,0.0
V1,Vallfogona de Balaguer,2026-05-29,0.0
V4,Montesquiu,2026-05-29,0.0
V5,Perafita,2026-05-29,0.0
V8,el Poal,2026-05-29,0.0
VA,Ascó,2026-05-29,0.0
VB,Benissanet,2026-05-29,0.0
VC,Pantà de Riba-roja,2026-05-29,0.0
VD,el Canós,2026-05-29,0.0
VH,Gimenells,2026-05-29,0.0
VK,Raimat,2026-05-29,0.0
VM,Vilanova de Segrià,2026-05-29,0.0
VO,Lladurs,2026-05-29,0.0
VP,Pinós,2026-05-29,0.0
VQ,Constantí,2026-05-29,0.0
VS,Lac Redon (2.245 m),2026-05-29,0.0
VU,Rellinars,2026-05-29,0.0
VV,Sant Llorenç Savall,2026-05-29,0.0
VX,Tagamanent - PN del Montseny,2026-05-29,0.0
VY,Nulles,2026-05-29,0.0
VZ,Espolla,2026-05-29,0.0
W1,Castelló d'Empúries,2026-05-29,0.0
W4,Vilafranca del Penedès - la Granada,2026-05-29,0.0
W5,Oliana,2026-05-29,0.0
W8,Blancafort,2026-05-29,0.0
W9,la Vall d'en Bas,2026-05-29,0.0
WA,Oliola,2026-05-29,0.0
WB,Albesa,2026-05-29,0.0
WC,Golmés,2026-05-29,0.0
WG,Algerri,2026-05-29,0.0
WI,Maials,2026-05-29,0.0
WJ,el Masroig,2026-05-29,0.0
WK,Alfarràs,2026-05-29,0.0
WL,Sant Martí de Riucorb,2026-05-29,0.0
WM,Santuari de Queralt,2026-05-29,11.4
WN,Montserrat - Sant Dimes,2026-05-29,0.0
WO,la Bisbal del Penedès,2026-05-29,0.0
WP,Canaletes,2026-05-29,0.0
WQ,Montsec d'Ares (1.571 m),2026-05-29,0.0
WR,Torroja del Priorat,2026-05-29,0.0
WS,Viladrau,2026-05-29,0.0
WT,Malgrat de Mar,2026-05-29,0.0
WU,Badalona - Museu,2026-05-29,0.0
WV,Guardiola de Berguedà,2026-05-29,0.0
WW,Artés,2026-05-29,0.0
WX,Camarasa,2026-05-29,0.0
WZ,Cunit,2026-05-29,0.0
X1,Falset,2026-05-29,0.0
X3,Alguaire,2026-05-29,0.0
X4,Barcelona - el Raval,2026-05-29,0.0
X5,PN dels Ports,2026-05-29,0.0
X6,Baldomar,2026-05-29,0.0
X7,Torres de Segre,2026-05-29,0.0
X8,Barcelona - Zona Universitària,2026-05-29,0.0
X9,Caldes de Montbui,2026-05-29,0.0
XA,la Panadella,2026-05-29,0.0
XB,la Llacuna,2026-05-29,0.0
XC,Castellbisbal,2026-05-29,0.0
XD,Ulldemolins,2026-05-29,0.0
XE,Tarragona - Complex Educatiu,2026-05-29,0.0
XF,Sabadell - Parc Agrari,2026-05-29,0.0
XG,Parets del Vallès,2026-05-29,0.0
XH,Sort,2026-05-29,0.0
XI,Mollerussa,2026-05-29,0.0
XJ,Girona,2026-05-29,0.0
XK,Puig Sesolles (1.666 m),2026-05-29,0.0
XL,el Prat de Llobregat,2026-05-29,0.0
XM,els Alamús,2026-05-29,0.0
XN,Seròs,2026-05-29,0.0
XO,Vic,2026-05-29,0.0
XP,Gandesa,2026-05-29,0.0
XQ,Tremp,2026-05-29,0.0
XR,Prades,2026-05-29,0.0
XS,Santa Coloma de Farners,2026-05-29,0.0
XT,Solsona,2026-05-29,0.0
XU,Canyelles,2026-05-29,0.0
XV,Sant Cugat del Vallès - CAR,2026-05-29,0.0
XX,Anglesola - Tornabous,2026-05-29,0.0
XY,Alcarràs,2026-05-29,0.0
XZ,Torroella de Fluvià,2026-05-29,0.0
Y4,Alinyà,2026-05-29,0.0
Y5,Navata,2026-05-29,0.0
Y6,Tivissa,2026-05-29,0.0
YA,Puigcerdà,2026-05-29,8.5
YB,Olot,2026-05-29,0.0
YC,la Pobla de Segur,2026-05-29,0.6
YD,les Borges Blanques,2026-05-29,0.0
YE,Massoteres,2026-05-29,0.0
YF,Miami Platja,2026-05-29,0.0
YG,Tírvia,2026-05-29,0.0
YH,Pujalt,2026-05-29,0.0
YJ,Lleida - la Femosa,2026-05-29,0.0
YK,Terrassa,2026-05-29,0.0
YL,Riudecanyes,2026-05-29,0.0
YM,Granollers,2026-05-29,0.0
YN,Vielha - Elipòrt,2026-05-29,0.0
YO,Sant Sadurní d'Anoia,2026-05-29,0.0
YP,Palafrugell,2026-05-29,0.0
YQ,Port de Barcelona - ZAL Prat,2026-05-29,0.0
YR,Vilanova i la Geltrú,2026-05-29,0.0
YS,Cabanes,2026-05-29,0.0
YT,Bonabé (1.691 m),2026-05-29,0.0
YU,Cantonigròs,2026-05-29,0.0
YV,Mataró,2026-05-29,0.2
YX,Batea,2026-05-29,0.0
YY,Viladecans - les Filipines,2026-05-29,0.0
Z1,Bonaigua (2.262 m),2026-05-29,0.0
Z2,Boí (2.537 m),2026-05-29,0.0
Z3,Malniu (2.229 m),2026-05-29,0.5
Z5,Certascan (2.398 m),2026-05-29,0.0
Z6,Sasseuva (2.226 m),2026-05-29,0.0
Z7,Espot (2.519 m),2026-05-29,0.0
Z9,Cadí Nord (2.145 m) - Prat d'Aguiló,2026-05-29,0.0
ZB,Salòria (2.451 m),2026-05-29,0.0
ZC,Ulldeter (2.413 m),2026-05-29,0.0
ZE,el Port del Comte (2.288 m),2026-05-29,0.0
C6,Castellnou de Seana,2026-05-30,0.0
C7,Tàrrega,2026-05-30,0.0
C8,Cervera,2026-05-30,0.0
C9,Mas de Barberans,2026-05-30,0.0
CC,Orís,2026-05-30,0.0
CD,la Seu d'Urgell - Bellestar,2026-05-30,0.2
CE,els Hostalets de Pierola,2026-05-30,0.0
CG,Molló - Fabert,2026-05-30,0.0
CI,Sant Pau de Segúries,2026-05-30,0.0
CJ,Organyà,2026-05-30,0.7
CL,Sant Salvador de Guardiola,2026-05-30,0.0
CP,Sant Romà d'Abella,2026-05-30,0.5
CQ,Vilanova de Meià,2026-05-30,0.3
CR,la Quar,2026-05-30,0.0
CT,el Pont de Suert,2026-05-30,0.6
CW,l'Espluga de Francolí,2026-05-30,0.0
CY,Muntanyola,2026-05-30,0.0
D1,Margalef,2026-05-30,0.0
D2,Vacarisses,2026-05-30,0.0
D3,Vallirana,2026-05-30,0.0
D4,Roses,2026-05-30,0.0
D5,Barcelona - Observatori Fabra,2026-05-30,0.0
D6,Portbou - coll dels Belitres,2026-05-30,0.0
D7,Vinebre,2026-05-30,0.0
D8,Horta de Sant Joan,2026-05-30,0.0
D9,el Vendrell,2026-05-30,0.0
DB,el Perelló,2026-05-30,0.0
DF,la Bisbal d'Empordà,2026-05-30,0.0
DG,Núria (1.971 m),2026-05-30,7.0
DI,Font-rubí,2026-05-30,0.0
DJ,Banyoles,2026-05-30,0.0
DK,Torredembarra,2026-05-30,0.0
DL,Illa de Buda,2026-05-30,0.1
DN,Anglès,2026-05-30,0.0
DO,Castell d'Aro,2026-05-30,0.0
DP,Das - Aeròdrom,2026-05-30,0.1
DQ,Vila-rodona,2026-05-30,0.0
H1,Òdena,2026-05-30,0.0
J5,Pantà de Darnius - Boadella,2026-05-30,0.0
KE,Pantà de Sau,2026-05-30,0.0
KP,Fogars de la Selva,2026-05-30,0.0
KX,la Roca del Vallès - ETAP Cardedeu,2026-05-30,0.0
M6,Sant Joan de les Abadesses,2026-05-30,0.0
MQ,Cardona,2026-05-30,0.0
MR,Pantà de Siurana,2026-05-30,0.0
MS,Castellar de n'Hug - el Clot del Moro,2026-05-30,0.2
MV,Guixers - Valls,2026-05-30,0.3
MW,Navès,2026-05-30,0.2
U2,Sant Pere Pescador,2026-05-30,0.0
U3,Sant Martí Sarroca,2026-05-30,0.0
U4,Castellnou de Bages,2026-05-30,0.0
U6,Vinyols i els Arcs - Cambrils,2026-05-30,0.0
U7,Aldover,2026-05-30,0.0
U9,l'Aldea,2026-05-30,0.0
UA,l'Ametlla de Mar,2026-05-30,0.0
UB,la Tallada d'Empordà,2026-05-30,0.0
UE,Torroella de Montgrí,2026-05-30,0.0
UF,PN del Garraf - el Rascler,2026-05-30,0.0
UH,el Montmell,2026-05-30,0.0
UI,Gisclareny,2026-05-30,0.5
UJ,Santa Coloma de Queralt,2026-05-30,0.0
UK,Sant Pere de Ribes - PN del Garraf,2026-05-30,0.0
UM,la Granadella,2026-05-30,0.0
UN,Cassà de la Selva,2026-05-30,0.0
UO,Fornells de la Selva,2026-05-30,0.0
UP,Cabrils,2026-05-30,0.0
UQ,Dosrius - PN Montnegre Corredor,2026-05-30,0.0
US,les Cases d'Alcanar,2026-05-30,0.0
UU,Amposta,2026-05-30,0.0
UW,els Alfacs,2026-05-30,0.0
UX,Ulldecona - els Valentins,2026-05-30,0.0
UY,Os de Balaguer - el Monestir d'Avellanes,2026-05-30,3.4
V1,Vallfogona de Balaguer,2026-05-30,4.5
V4,Montesquiu,2026-05-30,0.0
V5,Perafita,2026-05-30,12.4
V8,el Poal,2026-05-30,0.0
VA,Ascó,2026-05-30,0.0
VB,Benissanet,2026-05-30,0.0
VC,Pantà de Riba-roja,2026-05-30,0.0
VD,el Canós,2026-05-30,0.0
VH,Gimenells,2026-05-30,0.0
VK,Raimat,2026-05-30,0.0
VM,Vilanova de Segrià,2026-05-30,0.0
VO,Lladurs,2026-05-30,2.5
VP,Pinós,2026-05-30,0.0
VQ,Constantí,2026-05-30,0.0
VS,Lac Redon (2.245 m),2026-05-30,0.0
VU,Rellinars,2026-05-30,0.0
VV,Sant Llorenç Savall,2026-05-30,0.0
VX,Tagamanent - PN del Montseny,2026-05-30,0.0
VY,Nulles,2026-05-30,0.0
VZ,Espolla,2026-05-30,0.0
W1,Castelló d'Empúries,2026-05-30,0.0
W4,Vilafranca del Penedès - la Granada,2026-05-30,0.0
W5,Oliana,2026-05-30,0.3
W8,Blancafort,2026-05-30,0.0
W9,la Vall d'en Bas,2026-05-30,0.0
WA,Oliola,2026-05-30,0.4
WB,Albesa,2026-05-30,0.4
WC,Golmés,2026-05-30,0.1
WG,Algerri,2026-05-30,0.2
WI,Maials,2026-05-30,0.0
WJ,el Masroig,2026-05-30,0.0
WK,Alfarràs,2026-05-30,0.0
WL,Sant Martí de Riucorb,2026-05-30,0.0
WM,Santuari de Queralt,2026-05-30,0.0
WN,Montserrat - Sant Dimes,2026-05-30,0.0
WO,la Bisbal del Penedès,2026-05-30,0.0
WP,Canaletes,2026-05-30,0.0
WQ,Montsec d'Ares (1.571 m),2026-05-30,11.9
WR,Torroja del Priorat,2026-05-30,0.0
WS,Viladrau,2026-05-30,0.0
WT,Malgrat de Mar,2026-05-30,0.0
WU,Badalona - Museu,2026-05-30,0.0
WV,Guardiola de Berguedà,2026-05-30,1.3
WW,Artés,2026-05-30,0.0
WX,Camarasa,2026-05-30,10.4
WZ,Cunit,2026-05-30,0.0
X1,Falset,2026-05-30,0.0
X3,Alguaire,2026-05-30,0.2
X4,Barcelona - el Raval,2026-05-30,0.0
X5,PN dels Ports,2026-05-30,0.0
X6,Baldomar,2026-05-30,0.3
X7,Torres de Segre,2026-05-30,0.0
X8,Barcelona - Zona Universitària,2026-05-30,0.0
X9,Caldes de Montbui,2026-05-30,0.0
XA,la Panadella,2026-05-30,0.0
XB,la Llacuna,2026-05-30,0.0
XC,Castellbisbal,2026-05-30,0.0
XD,Ulldemolins,2026-05-30,0.0
XE,Tarragona - Complex Educatiu,2026-05-30,0.0
XF,Sabadell - Parc Agrari,2026-05-30,0.0
XG,Parets del Vallès,2026-05-30,0.0
XH,Sort,2026-05-30,0.0
XI,Mollerussa,2026-05-30,0.0
XJ,Girona,2026-05-30,0.0
XK,Puig Sesolles (1.666 m),2026-05-30,0.0
XL,el Prat de Llobregat,2026-05-30,0.0
XM,els Alamús,2026-05-30,0.0
XN,Seròs,2026-05-30,0.0
XO,Vic,2026-05-30,2.4
XP,Gandesa,2026-05-30,0.0
XQ,Tremp,2026-05-30,1.2
XR,Prades,2026-05-30,0.0
XS,Santa Coloma de Farners,2026-05-30,0.0
XT,Solsona,2026-05-30,0.0
XU,Canyelles,2026-05-30,0.0
XV,Sant Cugat del Vallès - CAR,2026-05-30,0.0
XX,Anglesola - Tornabous,2026-05-30,0.0
XY,Alcarràs,2026-05-30,0.0
XZ,Torroella de Fluvià,2026-05-30,0.0
Y4,Alinyà,2026-05-30,3.9
Y5,Navata,2026-05-30,0.0
Y6,Tivissa,2026-05-30,0.0
YA,Puigcerdà,2026-05-30,4.2
YB,Olot,2026-05-30,0.0
YC,la Pobla de Segur,2026-05-30,1.4
YD,les Borges Blanques,2026-05-30,0.0
YE,Massoteres,2026-05-30,0.0
YF,Miami Platja,2026-05-30,0.0
YG,Tírvia,2026-05-30,1.4
YH,Pujalt,2026-05-30,0.0
YJ,Lleida - la Femosa,2026-05-30,0.0
YK,Terrassa,2026-05-30,0.0
YL,Riudecanyes,2026-05-30,0.0
YM,Granollers,2026-05-30,0.0
YN,Vielha - Elipòrt,2026-05-30,0.0
YO,Sant Sadurní d'Anoia,2026-05-30,0.0
YP,Palafrugell,2026-05-30,0.0
YQ,Port de Barcelona - ZAL Prat,2026-05-30,0.0
YR,Vilanova i la Geltrú,2026-05-30,0.0
YS,Cabanes,2026-05-30,0.0
YT,Bonabé (1.691 m),2026-05-30,0.0
YU,Cantonigròs,2026-05-30,0.0
YV,Mataró,2026-05-30,0.0
YX,Batea,2026-05-30,0.0
YY,Viladecans - les Filipines,2026-05-30,0.0
Z1,Bonaigua (2.262 m),2026-05-30,0.0
Z2,Boí (2.537 m),2026-05-30,0.5
Z3,Malniu (2.229 m),2026-05-30,4.5
Z5,Certascan (2.398 m),2026-05-30,0.0
Z6,Sasseuva (2.226 m),2026-05-30,0.0
Z7,Espot (2.519 m),2026-05-30,0.0
Z9,Cadí Nord (2.145 m) - Prat d'Aguiló,2026-05-30,1.6
ZB,Salòria (2.451 m),2026-05-30,0.0
ZC,Ulldeter (2.413 m),2026-05-30,0.3
ZE,el Port del Comte (2.288 m),2026-05-30,9.2
C6,Castellnou de Seana,2026-05-31,0.0
C7,Tàrrega,2026-05-31,0.0
C8,Cervera,2026-05-31,0.0
C9,Mas de Barberans,2026-05-31,0.0
CC,Orís,2026-05-31,0.0
CD,la Seu d'Urgell - Bellestar,2026-05-31,0.0
CE,els Hostalets de Pierola,2026-05-31,0.0
CG,Molló - Fabert,2026-05-31,0.0
CI,Sant Pau de Segúries,2026-05-31,0.5
CJ,Organyà,2026-05-31,0.0
CL,Sant Salvador de Guardiola,2026-05-31,0.0
CP,Sant Romà d'Abella,2026-05-31,0.2
CQ,Vilanova de Meià,2026-05-31,3.9
CR,la Quar,2026-05-31,2.5
CT,el Pont de Suert,2026-05-31,7.4
CW,l'Espluga de Francolí,2026-05-31,0.0
CY,Muntanyola,2026-05-31,0.0
D1,Margalef,2026-05-31,0.0
D2,Vacarisses,2026-05-31,0.0
D3,Vallirana,2026-05-31,0.0
D4,Roses,2026-05-31,0.0
D5,Barcelona - Observatori Fabra,2026-05-31,0.0
D6,Portbou - coll dels Belitres,2026-05-31,0.0
D7,Vinebre,2026-05-31,0.0
D8,Horta de Sant Joan,2026-05-31,0.0
D9,el Vendrell,2026-05-31,0.0
DB,el Perelló,2026-05-31,0.0
DF,la Bisbal d'Empordà,2026-05-31,0.0
DG,Núria (1.971 m),2026-05-31,0.0
DI,Font-rubí,2026-05-31,0.0
DJ,Banyoles,2026-05-31,0.0
DK,Torredembarra,2026-05-31,0.0
DL,Illa de Buda,2026-05-31,0.0
DN,Anglès,2026-05-31,0.0
DO,Castell d'Aro,2026-05-31,0.0
DP,Das - Aeròdrom,2026-05-31,0.1
DQ,Vila-rodona,2026-05-31,0.0
H1,Òdena,2026-05-31,0.0
J5,Pantà de Darnius - Boadella,2026-05-31,0.0
KE,Pantà de Sau,2026-05-31,0.0
KP,Fogars de la Selva,2026-05-31,0.0
KX,la Roca del Vallès - ETAP Cardedeu,2026-05-31,0.0
M6,Sant Joan de les Abadesses,2026-05-31,1.0
MQ,Cardona,2026-05-31,0.0
MR,Pantà de Siurana,2026-05-31,0.0
MS,Castellar de n'Hug - el Clot del Moro,2026-05-31,0.1
MV,Guixers - Valls,2026-05-31,27.9
MW,Navès,2026-05-31,12.6
U2,Sant Pere Pescador,2026-05-31,0.1
U3,Sant Martí Sarroca,2026-05-31,0.0
U4,Castellnou de Bages,2026-05-31,0.0
U6,Vinyols i els Arcs - Cambrils,2026-05-31,0.0
U7,Aldover,2026-05-31,0.0
U9,l'Aldea,2026-05-31,0.0
UA,l'Ametlla de Mar,2026-05-31,0.0
UB,la Tallada d'Empordà,2026-05-31,0.0
UE,Torroella de Montgrí,2026-05-31,0.0
UF,PN del Garraf - el Rascler,2026-05-31,0.0
UH,el Montmell,2026-05-31,0.0
UI,Gisclareny,2026-05-31,17.7
UJ,Santa Coloma de Queralt,2026-05-31,0.0
UK,Sant Pere de Ribes - PN del Garraf,2026-05-31,0.0
UM,la Granadella,2026-05-31,0.0
UN,Cassà de la Selva,2026-05-31,0.0
UO,Fornells de la Selva,2026-05-31,0.0
UP,Cabrils,2026-05-31,0.0
UQ,Dosrius - PN Montnegre Corredor,2026-05-31,0.0
US,les Cases d'Alcanar,2026-05-31,0.0
UU,Amposta,2026-05-31,0.0
UW,els Alfacs,2026-05-31,0.0
UX,Ulldecona - els Valentins,2026-05-31,0.0
UY,Os de Balaguer - el Monestir d'Avellanes,2026-05-31,0.0
V1,Vallfogona de Balaguer,2026-05-31,0.0
V4,Montesquiu,2026-05-31,0.0
V5,Perafita,2026-05-31,0.3
V8,el Poal,2026-05-31,0.1
VA,Ascó,2026-05-31,0.0
VB,Benissanet,2026-05-31,0.0
VC,Pantà de Riba-roja,2026-05-31,0.0
VD,el Canós,2026-05-31,0.0
VH,Gimenells,2026-05-31,0.0
VK,Raimat,2026-05-31,0.0
VM,Vilanova de Segrià,2026-05-31,0.0
VO,Lladurs,2026-05-31,0.0
VP,Pinós,2026-05-31,0.0
VQ,Constantí,2026-05-31,0.0
VS,Lac Redon (2.245 m),2026-05-31,0.0
VU,Rellinars,2026-05-31,0.0
VV,Sant Llorenç Savall,2026-05-31,0.0
VX,Tagamanent - PN del Montseny,2026-05-31,0.0
VY,Nulles,2026-05-31,0.0
VZ,Espolla,2026-05-31,0.0
W1,Castelló d'Empúries,2026-05-31,0.0
W4,Vilafranca del Penedès - la Granada,2026-05-31,0.0
W5,Oliana,2026-05-31,0.0
W8,Blancafort,2026-05-31,0.0
W9,la Vall d'en Bas,2026-05-31,0.0
WA,Oliola,2026-05-31,0.0
WB,Albesa,2026-05-31,0.0
WC,Golmés,2026-05-31,0.0
WG,Algerri,2026-05-31,0.0
WI,Maials,2026-05-31,0.0
WJ,el Masroig,2026-05-31,0.0
WK,Alfarràs,2026-05-31,0.0
WL,Sant Martí de Riucorb,2026-05-31,0.0
WM,Santuari de Queralt,2026-05-31,1.7
WN,Montserrat - Sant Dimes,2026-05-31,0.0
WO,la Bisbal del Penedès,2026-05-31,0.0
WP,Canaletes,2026-05-31,0.0
WQ,Montsec d'Ares (1.571 m),2026-05-31,0.0
WR,Torroja del Priorat,2026-05-31,0.0
WS,Viladrau,2026-05-31,0.0
WT,Malgrat de Mar,2026-05-31,0.0
WU,Badalona - Museu,2026-05-31,0.0
WV,Guardiola de Berguedà,2026-05-31,2.0
WW,Artés,2026-05-31,0.5
WX,Camarasa,2026-05-31,0.0
WZ,Cunit,2026-05-31,0.0
X1,Falset,2026-05-31,0.0
X3,Alguaire,2026-05-31,0.0
X4,Barcelona - el Raval,2026-05-31,0.0
X5,PN dels Ports,2026-05-31,0.0
X6,Baldomar,2026-05-31,0.0
X7,Torres de Segre,2026-05-31,0.0
X8,Barcelona - Zona Universitària,2026-05-31,0.0
X9,Caldes de Montbui,2026-05-31,0.0
XA,la Panadella,2026-05-31,0.0
XB,la Llacuna,2026-05-31,0.0
XC,Castellbisbal,2026-05-31,0.0
XD,Ulldemolins,2026-05-31,0.0
XE,Tarragona - Complex Educatiu,2026-05-31,0.0
XF,Sabadell - Parc Agrari,2026-05-31,0.0
XG,Parets del Vallès,2026-05-31,0.0
XH,Sort,2026-05-31,0.0
XI,Mollerussa,2026-05-31,0.0
XJ,Girona,2026-05-31,0.0
XK,Puig Sesolles (1.666 m),2026-05-31,0.0
XL,el Prat de Llobregat,2026-05-31,0.0
XM,els Alamús,2026-05-31,0.0
XN,Seròs,2026-05-31,0.0
XO,Vic,2026-05-31,0.0
XP,Gandesa,2026-05-31,0.0
XQ,Tremp,2026-05-31,0.0
XR,Prades,2026-05-31,0.0
XS,Santa Coloma de Farners,2026-05-31,0.0
XT,Solsona,2026-05-31,0.0
XU,Canyelles,2026-05-31,0.0
XV,Sant Cugat del Vallès - CAR,2026-05-31,0.0
XX,Anglesola - Tornabous,2026-05-31,0.0
XY,Alcarràs,2026-05-31,0.0
XZ,Torroella de Fluvià,2026-05-31,0.0
Y4,Alinyà,2026-05-31,0.0
Y5,Navata,2026-05-31,0.0
Y6,Tivissa,2026-05-31,0.0
YA,Puigcerdà,2026-05-31,0.0
YB,Olot,2026-05-31,0.0
YC,la Pobla de Segur,2026-05-31,0.5
YD,les Borges Blanques,2026-05-31,0.0
YE,Massoteres,2026-05-31,0.0
YF,Miami Platja,2026-05-31,0.0
YG,Tírvia,2026-05-31,0.0
YH,Pujalt,2026-05-31,0.0
YJ,Lleida - la Femosa,2026-05-31,0.0
YK,Terrassa,2026-05-31,0.0
YL,Riudecanyes,2026-05-31,0.0
YM,Granollers,2026-05-31,0.0
YN,Vielha - Elipòrt,2026-05-31,0.0
YO,Sant Sadurní d'Anoia,2026-05-31,0.0
YP,Palafrugell,2026-05-31,0.0
YQ,Port de Barcelona - ZAL Prat,2026-05-31,0.0
YR,Vilanova i la Geltrú,2026-05-31,0.0
YS,Cabanes,2026-05-31,0.0
YT,Bonabé (1.691 m),2026-05-31,0.0
YU,Cantonigròs,2026-05-31,0.0
YV,Mataró,2026-05-31,0.0
YX,Batea,2026-05-31,0.0
YY,Viladecans - les Filipines,2026-05-31,0.0
Z1,Bonaigua (2.262 m),2026-05-31,0.0
Z2,Boí (2.537 m),2026-05-31,0.0
Z3,Malniu (2.229 m),2026-05-31,0.0
Z5,Certascan (2.398 m),2026-05-31,0.0
Z6,Sasseuva (2.226 m),2026-05-31,0.0
Z7,Espot (2.519 m),2026-05-31,0.0
Z9,Cadí Nord (2.145 m) - Prat d'Aguiló,2026-05-31,23.0
ZB,Salòria (2.451 m),2026-05-31,0.0
ZC,Ulldeter (2.413 m),2026-05-31,0.0
ZE,el Port del Comte (2.288 m),2026-05-31,12.0
