Codi,Nom,Data,Precipitacio_mm
C6,Castellnou de Seana,2026-09-01,0.0
C7,Tàrrega,2026-09-01,0.0
C8,Cervera,2026-09-01,0.0
C9,Mas de Barberans,2026-09-01,0.1
CC,Orís,2026-09-01,0.0
CD,la Seu d'Urgell - Bellestar,2026-09-01,0.0
CE,els Hostalets de Pierola,2026-09-01,0.0
CG,Molló - Fabert,2026-09-01,0.0
CI,Sant Pau de Segúries,2026-09-01,0.0
CJ,Organyà,2026-09-01,0.0
CL,Sant Salvador de Guardiola,2026-09-01,0.0
CP,Sant Romà d'Abella,2026-09-01,0.0
CQ,Vilanova de Meià,2026-09-01,0.0
CR,la Quar,2026-09-01,0.0
CT,el Pont de Suert,2026-09-01,0.0
CW,l'Espluga de Francolí,2026-09-01,0.0
CY,Muntanyola,2026-09-01,0.0
D1,Margalef,2026-09-01,0.0
D2,Vacarisses,2026-09-01,0.0
D3,Vallirana,2026-09-01,0.0
D4,Roses,2026-09-01,0.0
D5,Barcelona - Observatori Fabra,2026-09-01,0.0
D6,Portbou - coll dels Belitres,2026-09-01,0.0
D7,Vinebre,2026-09-01,0.0
D8,Horta de Sant Joan,2026-09-01,0.0
D9,el Vendrell,2026-09-01,0.0
DB,el Perelló,2026-09-01,0.0
DF,la Bisbal d'Empordà,2026-09-01,0.0
DG,Núria (1.971 m),2026-09-01,0.0
DI,Font-rubí,2026-09-01,0.0
DJ,Banyoles,2026-09-01,0.0
DK,Torredembarra,2026-09-01,0.0
DL,Illa de Buda,2026-09-01,0.0
DN,Anglès,2026-09-01,0.0
DO,Castell d'Aro,2026-09-01,0.0
DP,Das - Aeròdrom,2026-09-01,0.0
DQ,Vila-rodona,2026-09-01,0.0
H1,Òdena,2026-09-01,0.0
J5,Pantà de Darnius - Boadella,2026-09-01,0.0
KE,Pantà de Sau,2026-09-01,0.0
KP,Fogars de la Selva,2026-09-01,0.0
KX,la Roca del Vallès - ETAP Cardedeu,2026-09-01,0.0
M6,Sant Joan de les Abadesses,2026-09-01,0.0
MQ,Cardona,2026-09-01,0.0
MR,Pantà de Siurana,2026-09-01,0.0
MS,Castellar de n'Hug - el Clot del Moro,2026-09-01,0.0
MV,Guixers - Valls,2026-09-01,0.0
MW,Navès,2026-09-01,0.0
U2,Sant Pere Pescador,2026-09-01,0.0
U3,Sant Martí Sarroca,2026-09-01,0.0
U4,Castellnou de Bages,2026-09-01,0.0
U6,Vinyols i els Arcs - Cambrils,2026-09-01,0.0
U7,Aldover,2026-09-01,0.0
U9,l'Aldea,2026-09-01,0.0
UA,l'Ametlla de Mar,2026-09-01,0.0
UB,la Tallada d'Empordà,2026-09-01,0.0
UE,Torroella de Montgrí,2026-09-01,0.0
UF,PN del Garraf - el Rascler,2026-09-01,0.0
UH,el Montmell,2026-09-01,0.0
UI,Gisclareny,2026-09-01,0.0
UJ,Santa Coloma de Queralt,2026-09-01,0.0
UK,Sant Pere de Ribes - PN del Garraf,2026-09-01,0.0
UM,la Granadella,2026-09-01,0.0
UN,Cassà de la Selva,2026-09-01,0.0
UO,Fornells de la Selva,2026-09-01,0.0
UP,Cabrils,2026-09-01,0.0
UQ,Dosrius - PN Montnegre Corredor,2026-09-01,0.0
US,les Cases d'Alcanar,2026-09-01,0.0
UU,Amposta,2026-09-01,0.0
UW,els Alfacs,2026-09-01,0.0
UX,Ulldecona - els Valentins,2026-09-01,0.0
UY,Os de Balaguer - el Monestir d'Avellanes,2026-09-01,0.0
V1,Vallfogona de Balaguer,2026-09-01,0.0
V4,Montesquiu,2026-09-01,0.0
V5,Perafita,2026-09-01,0.0
V8,el Poal,2026-09-01,0.0
VA,Ascó,2026-09-01,0.0
VB,Benissanet,2026-09-01,0.0
VC,Pantà de Riba-roja,2026-09-01,0.0
VD,el Canós,2026-09-01,0.0
VH,Gimenells,2026-09-01,0.0
VK,Raimat,2026-09-01,0.0
VM,Vilanova de Segrià,2026-09-01,0.1
VO,Lladurs,2026-09-01,0.3
VP,Pinós,2026-09-01,0.0
VQ,Constantí,2026-09-01,0.0
VS,Lac Redon (2.245 m),2026-09-01,0.0
VU,Rellinars,2026-09-01,0.0
VV,Sant Llorenç Savall,2026-09-01,0.0
VX,Tagamanent - PN del Montseny,2026-09-01,0.0
VY,Nulles,2026-09-01,0.0
VZ,Espolla,2026-09-01,0.0
W1,Castelló d'Empúries,2026-09-01,0.0
W4,Vilafranca del Penedès - la Granada,2026-09-01,0.0
W5,Oliana,2026-09-01,0.0
W8,Blancafort,2026-09-01,0.0
W9,la Vall d'en Bas,2026-09-01,0.0
WA,Oliola,2026-09-01,0.0
WB,Albesa,2026-09-01,0.0
WC,Golmés,2026-09-01,0.0
WG,Algerri,2026-09-01,0.0
WI,Maials,2026-09-01,0.0
WJ,el Masroig,2026-09-01,0.0
WK,Alfarràs,2026-09-01,0.0
WL,Sant Martí de Riucorb,2026-09-01,0.0
WM,Santuari de Queralt,2026-09-01,0.0
WN,Montserrat - Sant Dimes,2026-09-01,0.0
WO,la Bisbal del Penedès,2026-09-01,0.0
WP,Canaletes,2026-09-01,0.0
WQ,Montsec d'Ares (1.571 m),2026-09-01,0.0
WR,Torroja del Priorat,2026-09-01,0.0
WS,Viladrau,2026-09-01,0.0
WT,Malgrat de Mar,2026-09-01,0.0
WU,Badalona - Museu,2026-09-01,0.0
WV,Guardiola de Berguedà,2026-09-01,0.0
WW,Artés,2026-09-01,0.0
WX,Camarasa,2026-09-01,0.0
WZ,Cunit,2026-09-01,0.0
X1,Falset,2026-09-01,0.0
X3,Alguaire,2026-09-01,0.0
X4,Barcelona - el Raval,2026-09-01,0.0
X5,PN dels Ports,2026-09-01,0.0
X6,Baldomar,2026-09-01,0.0
X7,Torres de Segre,2026-09-01,0.0
X8,Barcelona - Zona Universitària,2026-09-01,0.0
X9,Caldes de Montbui,2026-09-01,0.0
XA,la Panadella,2026-09-01,0.1
XB,la Llacuna,2026-09-01,0.0
XC,Castellbisbal,2026-09-01,0.0
XD,Ulldemolins,2026-09-01,0.0
XE,Tarragona - Complex Educatiu,2026-09-01,0.0
XF,Sabadell - Parc Agrari,2026-09-01,0.0
XG,Parets del Vallès,2026-09-01,0.0
XH,Sort,2026-09-01,0.0
XI,Mollerussa,2026-09-01,0.1
XJ,Girona,2026-09-01,0.0
XK,Puig Sesolles (1.666 m),2026-09-01,0.0
XL,el Prat de Llobregat,2026-09-01,0.0
XM,els Alamús,2026-09-01,0.0
XN,Seròs,2026-09-01,0.0
XO,Vic,2026-09-01,0.0
XP,Gandesa,2026-09-01,0.0
XQ,Tremp,2026-09-01,0.0
XR,Prades,2026-09-01,0.0
XS,Santa Coloma de Farners,2026-09-01,0.0
XT,Solsona,2026-09-01,0.0
XU,Canyelles,2026-09-01,0.0
XV,Sant Cugat del Vallès - CAR,2026-09-01,0.0
XX,Anglesola - Tornabous,2026-09-01,0.0
XY,Alcarràs,2026-09-01,0.0
XZ,Torroella de Fluvià,2026-09-01,0.0
Y4,Alinyà,2026-09-01,0.0
Y5,Navata,2026-09-01,0.0
Y6,Tivissa,2026-09-01,0.0
YA,Puigcerdà,2026-09-01,0.0
YB,Olot,2026-09-01,0.0
YC,la Pobla de Segur,2026-09-01,0.0
YD,les Borges Blanques,2026-09-01,0.0
YE,Massoteres,2026-09-01,0.0
YF,Miami Platja,2026-09-01,0.0
YG,Tírvia,2026-09-01,0.0
YH,Pujalt,2026-09-01,0.0
YJ,Lleida - la Femosa,2026-09-01,0.0
YK,Terrassa,2026-09-01,0.0
YL,Riudecanyes,2026-09-01,0.0
YM,Granollers,2026-09-01,0.0
YN,Vielha - Elipòrt,2026-09-01,0.0
YO,Sant Sadurní d'Anoia,2026-09-01,0.0
YP,Palafrugell,2026-09-01,0.0
YQ,Port de Barcelona - ZAL Prat,2026-09-01,0.0
YR,Vilanova i la Geltrú,2026-09-01,0.0
YS,Cabanes,2026-09-01,0.0
YT,Bonabé (1.691 m),2026-09-01,0.0
YU,Cantonigròs,2026-09-01,0.0
YV,Mataró,2026-09-01,0.0
YX,Batea,2026-09-01,0.0
YY,Viladecans - les Filipines,2026-09-01,0.0
Z1,Bonaigua (2.262 m),2026-09-01,0.0
Z2,Boí (2.537 m),2026-09-01,0.0
Z3,Malniu (2.229 m),2026-09-01,0.0
Z5,Certascan (2.398 m),2026-09-01,0.0
Z6,Sasseuva (2.226 m),2026-09-01,0.0
Z7,Espot (2.519 m),2026-09-01,0.0
Z9,Cadí Nord (2.145 m) - Prat d'Aguiló,2026-09-01,0.0
ZB,Salòria (2.451 m),2026-09-01,0.0
ZC,Ulldeter (2.413 m),2026-09-01,0.0
ZE,el Port del Comte (2.288 m),2026-09-01,0.0
C6,Castellnou de Seana,2026-09-02,0.0
C7,Tàrrega,2026-09-02,0.0
C8,Cervera,2026-09-02,0.0
C9,Mas de Barberans,2026-09-02,0.0
CC,Orís,2026-09-02,0.0
CD,la Seu d'Urgell - Bellestar,2026-09-02,0.0
CE,els Hostalets de Pierola,2026-09-02,0.0
CG,Molló - Fabert,2026-09-02,0.0
CI,Sant Pau de Segúries,2026-09-02,0.0
CJ,Organyà,2026-09-02,0.0
CL,Sant Salvador de Guardiola,2026-09-02,0.0
CP,Sant Romà d'Abella,2026-09-02,0.0
CQ,Vilanova de Meià,2026-09-02,0.0
CR,la Quar,2026-09-02,0.0
CT,el Pont de Suert,2026-09-02,0.0
CW,l'Espluga de Francolí,2026-09-02,0.0
CY,Muntanyola,2026-09-02,0.0
D1,Margalef,2026-09-02,0.0
D2,Vacarisses,2026-09-02,0.0
D3,Vallirana,2026-09-02,0.0
D4,Roses,2026-09-02,0.0
D5,Barcelona - Observatori Fabra,2026-09-02,0.0
D6,Portbou - coll dels Belitres,2026-09-02,0.0
D7,Vinebre,2026-09-02,0.0
D8,Horta de Sant Joan,2026-09-02,0.0
D9,el Vendrell,2026-09-02,0.0
DB,el Perelló,2026-09-02,0.0
DF,la Bisbal d'Empordà,2026-09-02,0.0
DG,Núria (1.971 m),2026-09-02,0.0
DI,Font-rubí,2026-09-02,0.0
DJ,Banyoles,2026-09-02,0.0
DK,Torredembarra,2026-09-02,0.0
DL,Illa de Buda,2026-09-02,0.0
DN,Anglès,2026-09-02,0.0
DO,Castell d'Aro,2026-09-02,0.0
DP,Das - Aeròdrom,2026-09-02,0.0
DQ,Vila-rodona,2026-09-02,0.0
H1,Òdena,2026-09-02,0.0
J5,Pantà de Darnius - Boadella,2026-09-02,0.0
KE,Pantà de Sau,2026-09-02,0.0
KP,Fogars de la Selva,2026-09-02,0.0
KX,la Roca del Vallès - ETAP Cardedeu,2026-09-02,0.0
M6,Sant Joan de les Abadesses,2026-09-02,0.0
MQ,Cardona,2026-09-02,0.0
MR,Pantà de Siurana,2026-09-02,0.0
MS,Castellar de n'Hug - el Clot del Moro,2026-09-02,0.0
MV,Guixers - Valls,2026-09-02,0.0
MW,Navès,2026-09-02,0.0
U2,Sant Pere Pescador,2026-09-02,0.0
U3,Sant Martí Sarroca,2026-09-02,0.0
U4,Castellnou de Bages,2026-09-02,0.0
U6,Vinyols i els Arcs - Cambrils,2026-09-02,0.0
U7,Aldover,2026-09-02,0.0
U9,l'Aldea,2026-09-02,0.0
UA,l'Ametlla de Mar,2026-09-02,0.0
UB,la Tallada d'Empordà,2026-09-02,0.0
UE,Torroella de Montgrí,2026-09-02,0.0
UF,PN del Garraf - el Rascler,2026-09-02,0.0
UH,el Montmell,2026-09-02,0.0
UI,Gisclareny,2026-09-02,0.0
UJ,Santa Coloma de Queralt,2026-09-02,0.1
UK,Sant Pere de Ribes - PN del Garraf,2026-09-02,0.0
UM,la Granadella,2026-09-02,0.0
UN,Cassà de la Selva,2026-09-02,0.0
UO,Fornells de la Selva,2026-09-02,0.0
UP,Cabrils,2026-09-02,0.0
UQ,Dosrius - PN Montnegre Corredor,2026-09-02,0.0
US,les Cases d'Alcanar,2026-09-02,0.0
UU,Amposta,2026-09-02,0.0
UW,els Alfacs,2026-09-02,0.0
UX,Ulldecona - els Valentins,2026-09-02,0.0
UY,Os de Balaguer - el Monestir d'Avellanes,2026-09-02,0.0
V1,Vallfogona de Balaguer,2026-09-02,0.0
V4,Montesquiu,2026-09-02,0.0
V5,Perafita,2026-09-02,0.0
V8,el Poal,2026-09-02,0.0
VA,Ascó,2026-09-02,0.0
VB,Benissanet,2026-09-02,0.0
VC,Pantà de Riba-roja,2026-09-02,0.0
VD,el Canós,2026-09-02,0.0
VH,Gimenells,2026-09-02,0.0
VK,Raimat,2026-09-02,0.0
VM,Vilanova de Segrià,2026-09-02,0.0
VO,Lladurs,2026-09-02,0.0
VP,Pinós,2026-09-02,0.0
VQ,Constantí,2026-09-02,0.0
VS,Lac Redon (2.245 m),2026-09-02,0.0
VU,Rellinars,2026-09-02,0.0
VV,Sant Llorenç Savall,2026-09-02,0.0
VX,Tagamanent - PN del Montseny,2026-09-02,0.0
VY,Nulles,2026-09-02,0.0
VZ,Espolla,2026-09-02,0.0
W1,Castelló d'Empúries,2026-09-02,0.0
W4,Vilafranca del Penedès - la Granada,2026-09-02,0.0
W5,Oliana,2026-09-02,0.0
W8,Blancafort,2026-09-02,0.0
W9,la Vall d'en Bas,2026-09-02,0.0
WA,Oliola,2026-09-02,0.0
WB,Albesa,2026-09-02,0.0
WC,Golmés,2026-09-02,0.0
WG,Algerri,2026-09-02,0.0
WI,Maials,2026-09-02,0.0
WJ,el Masroig,2026-09-02,0.0
WK,Alfarràs,2026-09-02,0.0
WL,Sant Martí de Riucorb,2026-09-02,0.0
WM,Santuari de Queralt,2026-09-02,0.0
WN,Montserrat - Sant Dimes,2026-09-02,0.0
WO,la Bisbal del Penedès,2026-09-02,0.0
WP,Canaletes,2026-09-02,0.0
WQ,Montsec d'Ares (1.571 m),2026-09-02,0.0
WR,Torroja del Priorat,2026-09-02,0.0
WS,Viladrau,2026-09-02,0.0
WT,Malgrat de Mar,2026-09-02,0.0
WU,Badalona - Museu,2026-09-02,0.0
WV,Guardiola de Berguedà,2026-09-02,0.0
WW,Artés,2026-09-02,0.0
WX,Camarasa,2026-09-02,0.0
WZ,Cunit,2026-09-02,0.0
X1,Falset,2026-09-02,0.0
X3,Alguaire,2026-09-02,0.0
X4,Barcelona - el Raval,2026-09-02,0.0
X5,PN dels Ports,2026-09-02,0.0
X6,Baldomar,2026-09-02,0.0
X7,Torres de Segre,2026-09-02,0.0
X8,Barcelona - Zona Universitària,2026-09-02,0.0
X9,Caldes de Montbui,2026-09-02,0.0
XA,la Panadella,2026-09-02,0.2
XB,la Llacuna,2026-09-02,0.0
XC,Castellbisbal,2026-09-02,0.0
XD,Ulldemolins,2026-09-02,0.0
XE,Tarragona - Complex Educatiu,2026-09-02,0.0
XF,Sabadell - Parc Agrari,2026-09-02,0.0
XG,Parets del Vallès,2026-09-02,0.0
XH,Sort,2026-09-02,0.0
XI,Mollerussa,2026-09-02,0.0
XJ,Girona,2026-09-02,0.0
XK,Puig Sesolles (1.666 m),2026-09-02,0.0
XL,el Prat de Llobregat,2026-09-02,0.0
XM,els Alamús,2026-09-02,0.0
XN,Seròs,2026-09-02,0.0
XO,Vic,2026-09-02,0.0
XP,Gandesa,2026-09-02,0.0
XQ,Tremp,2026-09-02,0.0
XR,Prades,2026-09-02,0.0
XS,Santa Coloma de Farners,2026-09-02,0.0
XT,Solsona,2026-09-02,0.0
XU,Canyelles,2026-09-02,0.0
XV,Sant Cugat del Vallès - CAR,2026-09-02,0.0
XX,Anglesola - Tornabous,2026-09-02,0.0
XY,Alcarràs,2026-09-02,0.0
XZ,Torroella de Fluvià,2026-09-02,0.0
Y4,Alinyà,2026-09-02,0.0
Y5,Navata,2026-09-02,0.0
Y6,Tivissa,2026-09-02,0.0
YA,Puigcerdà,2026-09-02,0.0
YB,Olot,2026-09-02,0.0
YC,la Pobla de Segur,2026-09-02,0.0
YD,les Borges Blanques,2026-09-02,0.0
YE,Massoteres,2026-09-02,0.0
YF,Miami Platja,2026-09-02,0.0
YG,Tírvia,2026-09-02,0.0
YH,Pujalt,2026-09-02,0.0
YJ,Lleida - la Femosa,2026-09-02,0.0
YK,Terrassa,2026-09-02,0.0
YL,Riudecanyes,2026-09-02,0.0
YM,Granollers,2026-09-02,0.0
YN,Vielha - Elipòrt,2026-09-02,0.0
YO,Sant Sadurní d'Anoia,2026-09-02,0.0
YP,Palafrugell,2026-09-02,0.0
YQ,Port de Barcelona - ZAL Prat,2026-09-02,0.0
YR,Vilanova i la Geltrú,2026-09-02,0.0
YS,Cabanes,2026-09-02,0.0
YT,Bonabé (1.691 m),2026-09-02,0.0
YU,Cantonigròs,2026-09-02,0.0
YV,Mataró,2026-09-02,0.0
YX,Batea,2026-09-02,0.0
YY,Viladecans - les Filipines,2026-09-02,0.0
Z1,Bonaigua (2.262 m),2026-09-02,0.0
Z2,Boí (2.537 m),2026-09-02,0.0
Z3,Malniu (2.229 m),2026-09-02,0.0
Z5,Certascan (2.398 m),2026-09-02,0.0
Z6,Sasseuva (2.226 m),2026-09-02,0.0
Z7,Espot (2.519 m),2026-09-02,0.0
Z9,Cadí Nord (2.145 m) - Prat d'Aguiló,2026-09-02,0.0
ZB,Salòria (2.451 m),2026-09-02,0.0
ZC,Ulldeter (2.413 m),2026-09-02,0.0
ZE,el Port del Comte (2.288 m),2026-09-02,0.0
C6,Castellnou de Seana,2026-09-03,0.0
C7,Tàrrega,2026-09-03,0.0
C8,Cervera,2026-09-03,0.0
C9,Mas de Barberans,2026-09-03,0.0
CC,Orís,2026-09-03,0.0
CD,la Seu d'Urgell - Bellestar,2026-09-03,0.0
CE,els Hostalets de Pierola,2026-09-03,0.0
CG,Molló - Fabert,2026-09-03,0.0
CI,Sant Pau de Segúries,2026-09-03,0.0
CJ,Organyà,2026-09-03,0.0
CL,Sant Salvador de Guardiola,2026-09-03,0.0
CP,Sant Romà d'Abella,2026-09-03,0.0
CQ,Vilanova de Meià,2026-09-03,0.0
CR,la Quar,2026-09-03,0.0
CT,el Pont de Suert,2026-09-03,0.0
CW,l'Espluga de Francolí,2026-09-03,0.0
CY,Muntanyola,2026-09-03,0.0
D1,Margalef,2026-09-03,0.0
D2,Vacarisses,2026-09-03,0.0
D3,Vallirana,2026-09-03,0.0
D4,Roses,2026-09-03,0.0
D5,Barcelona - Observatori Fabra,2026-09-03,0.0
D6,Portbou - coll dels Belitres,2026-09-03,0.0
D7,Vinebre,2026-09-03,0.0
D8,Horta de Sant Joan,2026-09-03,0.0
D9,el Vendrell,2026-09-03,0.0
DB,el Perelló,2026-09-03,0.0
DF,la Bisbal d'Empordà,2026-09-03,0.0
DG,Núria (1.971 m),2026-09-03,0.0
DI,Font-rubí,2026-09-03,0.0
DJ,Banyoles,2026-09-03,0.0
DK,Torredembarra,2026-09-03,0.0
DL,Illa de Buda,2026-09-03,0.0
DN,Anglès,2026-09-03,0.0
DO,Castell d'Aro,2026-09-03,0.0
DP,Das - Aeròdrom,2026-09-03,0.0
DQ,Vila-rodona,2026-09-03,0.0
H1,Òdena,2026-09-03,0.0
J5,Pantà de Darnius - Boadella,2026-09-03,0.0
KE,Pantà de Sau,2026-09-03,0.0
KP,Fogars de la Selva,2026-09-03,0.0
KX,la Roca del Vallès - ETAP Cardedeu,2026-09-03,0.0
M6,Sant Joan de les Abadesses,2026-09-03,0.0
MQ,Cardona,2026-09-03,0.0
MR,Pantà de Siurana,2026-09-03,0.0
MS,Castellar de n'Hug - el Clot del Moro,2026-09-03,0.0
MV,Guixers - Valls,2026-09-03,0.0
MW,Navès,2026-09-03,0.0
U2,Sant Pere Pescador,2026-09-03,0.0
U3,Sant Martí Sarroca,2026-09-03,0.0
U4,Castellnou de Bages,2026-09-03,0.0
U6,Vinyols i els Arcs - Cambrils,2026-09-03,0.0
U7,Aldover,2026-09-03,0.0
U9,l'Aldea,2026-09-03,0.0
UA,l'Ametlla de Mar,2026-09-03,0.0
UB,la Tallada d'Empordà,2026-09-03,0.0
UE,Torroella de Montgrí,2026-09-03,0.0
UF,PN del Garraf - el Rascler,2026-09-03,0.0
UH,el Montmell,2026-09-03,0.0
UI,Gisclareny,2026-09-03,0.0
UJ,Santa Coloma de Queralt,2026-09-03,0.0
UK,Sant Pere de Ribes - PN del Garraf,2026-09-03,0.0
UM,la Granadella,2026-09-03,0.0
UN,Cassà de la Selva,2026-09-03,0.0
UO,Fornells de la Selva,2026-09-03,0.0
UP,Cabrils,2026-09-03,0.0
UQ,Dosrius - PN Montnegre Corredor,2026-09-03,0.0
US,les Cases d'Alcanar,2026-09-03,0.0
UU,Amposta,2026-09-03,0.0
UW,els Alfacs,2026-09-03,0.0
UX,Ulldecona - els Valentins,2026-09-03,0.0
UY,Os de Balaguer - el Monestir d'Avellanes,2026-09-03,0.0
V1,Vallfogona de Balaguer,2026-09-03,0.0
V4,Montesquiu,2026-09-03,0.0
V5,Perafita,2026-09-03,0.0
V8,el Poal,2026-09-03,0.0
VA,Ascó,2026-09-03,0.0
VB,Benissanet,2026-09-03,0.0
VC,Pantà de Riba-roja,2026-09-03,0.0
VD,el Canós,2026-09-03,0.0
VH,Gimenells,2026-09-03,0.0
VK,Raimat,2026-09-03,0.0
VM,Vilanova de Segrià,2026-09-03,0.0
VO,Lladurs,2026-09-03,0.0
VP,Pinós,2026-09-03,0.0
VQ,Constantí,2026-09-03,0.0
VS,Lac Redon (2.245 m),2026-09-03,0.0
VU,Rellinars,2026-09-03,0.0
VV,Sant Llorenç Savall,2026-09-03,0.0
VX,Tagamanent - PN del Montseny,2026-09-03,0.0
VY,Nulles,2026-09-03,0.0
VZ,Espolla,2026-09-03,0.0
W1,Castelló d'Empúries,2026-09-03,0.0
W4,Vilafranca del Penedès - la Granada,2026-09-03,0.0
W5,Oliana,2026-09-03,0.0
W8,Blancafort,2026-09-03,0.0
W9,la Vall d'en Bas,2026-09-03,0.0
WA,Oliola,2026-09-03,0.0
WB,Albesa,2026-09-03,0.0
WC,Golmés,2026-09-03,0.0
WG,Algerri,2026-09-03,0.0
WI,Maials,2026-09-03,0.0
WJ,el Masroig,2026-09-03,0.0
WK,Alfarràs,2026-09-03,0.0
WL,Sant Martí de Riucorb,2026-09-03,0.0
WM,Santuari de Queralt,2026-09-03,0.0
WN,Montserrat - Sant Dimes,2026-09-03,0.0
WO,la Bisbal del Penedès,2026-09-03,0.0
WP,Canaletes,2026-09-03,0.0
WQ,Montsec d'Ares (1.571 m),2026-09-03,0.0
WR,Torroja del Priorat,2026-09-03,0.0
WS,Viladrau,2026-09-03,0.0
WT,Malgrat de Mar,2026-09-03,0.0
WU,Badalona - Museu,2026-09-03,0.0
WV,Guardiola de Berguedà,2026-09-03,0.0
WW,Artés,2026-09-03,0.0
WX,Camarasa,2026-09-03,0.0
WZ,Cunit,2026-09-03,0.0
X1,Falset,2026-09-03,0.0
X3,Alguaire,2026-09-03,0.0
X4,Barcelona - el Raval,2026-09-03,0.0
X5,PN dels Ports,2026-09-03,0.0
X6,Baldomar,2026-09-03,0.0
X7,Torres de Segre,2026-09-03,0.0
X8,Barcelona - Zona Universitària,2026-09-03,0.0
X9,Caldes de Montbui,2026-09-03,0.0
XA,la Panadella,2026-09-03,0.0
XB,la Llacuna,2026-09-03,0.0
XC,Castellbisbal,2026-09-03,0.0
XD,Ulldemolins,2026-09-03,0.0
XE,Tarragona - Complex Educatiu,2026-09-03,0.0
XF,Sabadell - Parc Agrari,2026-09-03,0.0
XG,Parets del Vallès,2026-09-03,0.0
XH,Sort,2026-09-03,0.0
XI,Mollerussa,2026-09-03,0.0
XJ,Girona,2026-09-03,0.0
XK,Puig Sesolles (1.666 m),2026-09-03,0.0
XL,el Prat de Llobregat,2026-09-03,0.0
XM,els Alamús,2026-09-03,0.0
XN,Seròs,2026-09-03,0.0
XO,Vic,2026-09-03,0.0
XP,Gandesa,2026-09-03,0.0
XQ,Tremp,2026-09-03,0.0
XR,Prades,2026-09-03,0.0
XS,Santa Coloma de Farners,2026-09-03,0.0
XT,Solsona,2026-09-03,0.0
XU,Canyelles,2026-09-03,0.0
XV,Sant Cugat del Vallès - CAR,2026-09-03,0.0
XX,Anglesola - Tornabous,2026-09-03,0.0
XY,Alcarràs,2026-09-03,0.0
XZ,Torroella de Fluvià,2026-09-03,0.0
Y4,Alinyà,2026-09-03,0.0
Y5,Navata,2026-09-03,0.0
Y6,Tivissa,2026-09-03,0.0
YA,Puigcerdà,2026-09-03,0.0
YB,Olot,2026-09-03,0.0
YC,la Pobla de Segur,2026-09-03,0.0
YD,les Borges Blanques,2026-09-03,0.0
YE,Massoteres,2026-09-03,0.0
YF,Miami Platja,2026-09-03,0.0
YG,Tírvia,2026-09-03,0.0
YH,Pujalt,2026-09-03,0.0
YJ,Lleida - la Femosa,2026-09-03,0.0
YK,Terrassa,2026-09-03,0.0
YL,Riudecanyes,2026-09-03,0.0
YM,Granollers,2026-09-03,0.0
YN,Vielha - Elipòrt,2026-09-03,0.0
YO,Sant Sadurní d'Anoia,2026-09-03,0.0
YP,Palafrugell,2026-09-03,0.0
YQ,Port de Barcelona - ZAL Prat,2026-09-03,0.0
YR,Vilanova i la Geltrú,2026-09-03,0.0
YS,Cabanes,2026-09-03,0.0
YT,Bonabé (1.691 m),2026-09-03,0.0
YU,Cantonigròs,2026-09-03,0.0
YV,Mataró,2026-09-03,0.0
YX,Batea,2026-09-03,0.0
YY,Viladecans - les Filipines,2026-09-03,0.0
Z1,Bonaigua (2.262 m),2026-09-03,0.0
Z2,Boí (2.537 m),2026-09-03,0.0
Z3,Malniu (2.229 m),2026-09-03,0.0
Z5,Certascan (2.398 m),2026-09-03,0.0
Z6,Sasseuva (2.226 m),2026-09-03,0.0
Z7,Espot (2.519 m),2026-09-03,0.0
Z9,Cadí Nord (2.145 m) - Prat d'Aguiló,2026-09-03,0.0
ZB,Salòria (2.451 m),2026-09-03,0.0
ZC,Ulldeter (2.413 m),2026-09-03,0.0
ZE,el Port del Comte (2.288 m),2026-09-03,0.0
C6,Castellnou de Seana,2026-09-04,0.0
C7,Tàrrega,2026-09-04,0.0
C8,Cervera,2026-09-04,0.0
C9,Mas de Barberans,2026-09-04,0.0
CC,Orís,2026-09-04,0.0
CD,la Seu d'Urgell - Bellestar,2026-09-04,0.0
CE,els Hostalets de Pierola,2026-09-04,0.0
CG,Molló - Fabert,2026-09-04,0.0
CI,Sant Pau de Segúries,2026-09-04,0.0
CJ,Organyà,2026-09-04,0.0
CL,Sant Salvador de Guardiola,2026-09-04,0.0
CP,Sant Romà d'Abella,2026-09-04,0.0
CQ,Vilanova de Meià,2026-09-04,0.0
CR,la Quar,2026-09-04,0.0
CT,el Pont de Suert,2026-09-04,0.0
CW,l'Espluga de Francolí,2026-09-04,0.0
CY,Muntanyola,2026-09-04,0.0
D1,Margalef,2026-09-04,0.0
D2,Vacarisses,2026-09-04,0.0
D3,Vallirana,2026-09-04,0.0
D4,Roses,2026-09-04,0.0
D5,Barcelona - Observatori Fabra,2026-09-04,0.0
D6,Portbou - coll dels Belitres,2026-09-04,0.0
D7,Vinebre,2026-09-04,0.0
D8,Horta de Sant Joan,2026-09-04,0.0
D9,el Vendrell,2026-09-04,0.0
DB,el Perelló,2026-09-04,0.0
DF,la Bisbal d'Empordà,2026-09-04,0.0
DG,Núria (1.971 m),2026-09-04,0.0
DI,Font-rubí,2026-09-04,0.0
DJ,Banyoles,2026-09-04,0.0
DK,Torredembarra,2026-09-04,0.0
DL,Illa de Buda,2026-09-04,0.0
DN,Anglès,2026-09-04,0.0
DO,Castell d'Aro,2026-09-04,0.0
DP,Das - Aeròdrom,2026-09-04,0.0
DQ,Vila-rodona,2026-09-04,0.0
H1,Òdena,2026-09-04,0.0
J5,Pantà de Darnius - Boadella,2026-09-04,0.0
KE,Pantà de Sau,2026-09-04,0.0
KP,Fogars de la Selva,2026-09-04,0.0
KX,la Roca del Vallès - ETAP Cardedeu,2026-09-04,0.0
M6,Sant Joan de les Abadesses,2026-09-04,0.0
MQ,Cardona,2026-09-04,0.0
MR,Pantà de Siurana,2026-09-04,0.0
MS,Castellar de n'Hug - el Clot del Moro,2026-09-04,0.0
MV,Guixers - Valls,2026-09-04,0.0
MW,Navès,2026-09-04,0.0
U2,Sant Pere Pescador,2026-09-04,0.0
U3,Sant Martí Sarroca,2026-09-04,0.0
U4,Castellnou de Bages,2026-09-04,0.0
U6,Vinyols i els Arcs - Cambrils,2026-09-04,0.0
U7,Aldover,2026-09-04,0.0
U9,l'Aldea,2026-09-04,0.0
UA,l'Ametlla de Mar,2026-09-04,0.0
UB,la Tallada d'Empordà,2026-09-04,0.0
UE,Torroella de Montgrí,2026-09-04,0.0
UF,PN del Garraf - el Rascler,2026-09-04,0.0
UH,el Montmell,2026-09-04,0.0
UI,Gisclareny,2026-09-04,0.0
UJ,Santa Coloma de Queralt,2026-09-04,0.1
UK,Sant Pere de Ribes - PN del Garraf,2026-09-04,0.0
UM,la Granadella,2026-09-04,0.0
UN,Cassà de la Selva,2026-09-04,0.0
UO,Fornells de la Selva,2026-09-04,0.0
UP,Cabrils,2026-09-04,0.0
UQ,Dosrius - PN Montnegre Corredor,2026-09-04,0.0
US,les Cases d'Alcanar,2026-09-04,0.0
UU,Amposta,2026-09-04,0.0
UW,els Alfacs,2026-09-04,0.0
UX,Ulldecona - els Valentins,2026-09-04,0.0
UY,Os de Balaguer - el Monestir d'Avellanes,2026-09-04,0.0
V1,Vallfogona de Balaguer,2026-09-04,0.0
V4,Montesquiu,2026-09-04,0.0
V5,Perafita,2026-09-04,0.0
V8,el Poal,2026-09-04,0.0
VA,Ascó,2026-09-04,0.0
VB,Benissanet,2026-09-04,0.0
VC,Pantà de Riba-roja,2026-09-04,0.0
VD,el Canós,2026-09-04,0.0
VH,Gimenells,2026-09-04,0.0
VK,Raimat,2026-09-04,0.0
VM,Vilanova de Segrià,2026-09-04,0.0
VO,Lladurs,2026-09-04,0.0
VP,Pinós,2026-09-04,0.0
VQ,Constantí,2026-09-04,0.0
VS,Lac Redon (2.245 m),2026-09-04,0.0
VU,Rellinars,2026-09-04,0.0
VV,Sant Llorenç Savall,2026-09-04,0.0
VX,Tagamanent - PN del Montseny,2026-09-04,0.0
VY,Nulles,2026-09-04,0.0
VZ,Espolla,2026-09-04,0.0
W1,Castelló d'Empúries,2026-09-04,0.0
W4,Vilafranca del Penedès - la Granada,2026-09-04,0.0
W5,Oliana,2026-09-04,0.0
W8,Blancafort,2026-09-04,0.0
W9,la Vall d'en Bas,2026-09-04,0.0
WA,Oliola,2026-09-04,0.0
WB,Albesa,2026-09-04,0.0
WC,Golmés,2026-09-04,0.0
WG,Algerri,2026-09-04,0.0
WI,Maials,2026-09-04,0.1
WJ,el Masroig,2026-09-04,0.0
WK,Alfarràs,2026-09-04,0.0
WL,Sant Martí de Riucorb,2026-09-04,0.0
WM,Santuari de Queralt,2026-09-04,0.0
WN,Montserrat - Sant Dimes,2026-09-04,0.0
WO,la Bisbal del Penedès,2026-09-04,0.0
WP,Canaletes,2026-09-04,0.0
WQ,Montsec d'Ares (1.571 m),2026-09-04,0.0
WR,Torroja del Priorat,2026-09-04,0.0
WS,Viladrau,2026-09-04,0.0
WT,Malgrat de Mar,2026-09-04,0.0
WU,Badalona - Museu,2026-09-04,0.0
WV,Guardiola de Berguedà,2026-09-04,0.0
WW,Artés,2026-09-04,0.0
WX,Camarasa,2026-09-04,0.0
WZ,Cunit,2026-09-04,0.0
X1,Falset,2026-09-04,0.0
X3,Alguaire,2026-09-04,0.0
X4,Barcelona - el Raval,2026-09-04,0.0
X5,PN dels Ports,2026-09-04,0.0
X6,Baldomar,2026-09-04,0.0
X7,Torres de Segre,2026-09-04,0.0
X8,Barcelona - Zona Universitària,2026-09-04,0.0
X9,Caldes de Montbui,2026-09-04,0.0
XA,la Panadella,2026-09-04,0.0
XB,la Llacuna,2026-09-04,0.0
XC,Castellbisbal,2026-09-04,0.0
XD,Ulldemolins,2026-09-04,0.0
XE,Tarragona - Complex Educatiu,2026-09-04,0.0
XF,Sabadell - Parc Agrari,2026-09-04,0.0
XG,Parets del Vallès,2026-09-04,0.0
XH,Sort,2026-09-04,0.0
XI,Mollerussa,2026-09-04,0.0
XJ,Girona,2026-09-04,0.0
XK,Puig Sesolles (1.666 m),2026-09-04,0.0
XL,el Prat de Llobregat,2026-09-04,0.0
XM,els Alamús,2026-09-04,0.0
XN,Seròs,2026-09-04,0.0
XO,Vic,2026-09-04,0.0
XP,Gandesa,2026-09-04,0.1
XQ,Tremp,2026-09-04,0.0
XR,Prades,2026-09-04,0.0
XS,Santa Coloma de Farners,2026-09-04,0.0
XT,Solsona,2026-09-04,0.0
XU,Canyelles,2026-09-04,0.0
XV,Sant Cugat del Vallès - CAR,2026-09-04,0.0
XX,Anglesola - Tornabous,2026-09-04,0.0
XY,Alcarràs,2026-09-04,0.0
XZ,Torroella de Fluvià,2026-09-04,0.0
Y4,Alinyà,2026-09-04,0.0
Y5,Navata,2026-09-04,0.0
Y6,Tivissa,2026-09-04,0.0
YA,Puigcerdà,2026-09-04,0.0
YB,Olot,2026-09-04,0.0
YC,la Pobla de Segur,2026-09-04,0.0
YD,les Borges Blanques,2026-09-04,0.0
YE,Massoteres,2026-09-04,0.0
YF,Miami Platja,2026-09-04,0.0
YG,Tírvia,2026-09-04,0.0
YH,Pujalt,2026-09-04,0.0
YJ,Lleida - la Femosa,2026-09-04,0.0
YK,Terrassa,2026-09-04,0.0
YL,Riudecanyes,2026-09-04,0.0
YM,Granollers,2026-09-04,0.0
YN,Vielha - Elipòrt,2026-09-04,0.0
YO,Sant Sadurní d'Anoia,2026-09-04,0.0
YP,Palafrugell,2026-09-04,0.0
YQ,Port de Barcelona - ZAL Prat,2026-09-04,0.0
YR,Vilanova i la Geltrú,2026-09-04,0.0
YS,Cabanes,2026-09-04,0.0
YT,Bonabé (1.691 m),2026-09-04,0.0
YU,Cantonigròs,2026-09-04,0.0
YV,Mataró,2026-09-04,0.0
YX,Batea,2026-09-04,0.0
YY,Viladecans - les Filipines,2026-09-04,0.0
Z1,Bonaigua (2.262 m),2026-09-04,0.0
Z2,Boí (2.537 m),2026-09-04,0.0
Z3,Malniu (2.229 m),2026-09-04,0.0
Z5,Certascan (2.398 m),2026-09-04,0.0
Z6,Sasseuva (2.226 m),2026-09-04,0.0
Z7,Espot (2.519 m),2026-09-04,0.0
Z9,Cadí Nord (2.145 m) - Prat d'Aguiló,2026-09-04,0.0
ZB,Salòria (2.451 m),2026-09-04,0.0
ZC,Ulldeter (2.413 m),2026-09-04,0.0
ZE,el Port del Comte (2.288 m),2026-09-04,0.0
C6,Castellnou de Seana,2026-09-05,0.0
C7,Tàrrega,2026-09-05,0.0
C8,Cervera,2026-09-05,0.0
C9,Mas de Barberans,2026-09-05,0.0
CC,Orís,2026-09-05,0.0
CD,la Seu d'Urgell - Bellestar,2026-09-05,0.0
CE,els Hostalets de Pierola,2026-09-05,0.0
CG,Molló - Fabert,2026-09-05,0.0
CI,Sant Pau de Segúries,2026-09-05,0.0
CJ,Organyà,2026-09-05,0.0
CL,Sant Salvador de Guardiola,2026-09-05,0.0
CP,Sant Romà d'Abella,2026-09-05,0.0
CQ,Vilanova de Meià,2026-09-05,0.0
CR,la Quar,2026-09-05,0.0
CT,el Pont de Suert,2026-09-05,0.0
CW,l'Espluga de Francolí,2026-09-05,0.0
CY,Muntanyola,2026-09-05,0.0
D1,Margalef,2026-09-05,0.0
D2,Vacarisses,2026-09-05,0.0
D3,Vallirana,2026-09-05,0.0
D4,Roses,2026-09-05,0.0
D5,Barcelona - Observatori Fabra,2026-09-05,0.0
D6,Portbou - coll dels Belitres,2026-09-05,0.0
D7,Vinebre,2026-09-05,0.0
D8,Horta de Sant Joan,2026-09-05,0.0
D9,el Vendrell,2026-09-05,0.0
DB,el Perelló,2026-09-05,0.0
DF,la Bisbal d'Empordà,2026-09-05,0.0
DG,Núria (1.971 m),2026-09-05,0.0
DI,Font-rubí,2026-09-05,0.0
DJ,Banyoles,2026-09-05,0.0
DK,Torredembarra,2026-09-05,0.0
DL,Illa de Buda,2026-09-05,0.0
DN,Anglès,2026-09-05,0.0
DO,Castell d'Aro,2026-09-05,0.0
DP,Das - Aeròdrom,2026-09-05,0.0
DQ,Vila-rodona,2026-09-05,0.0
H1,Òdena,2026-09-05,0.0
J5,Pantà de Darnius - Boadella,2026-09-05,0.0
KE,Pantà de Sau,2026-09-05,0.0
KP,Fogars de la Selva,2026-09-05,0.0
KX,la Roca del Vallès - ETAP Cardedeu,2026-09-05,0.0
M6,Sant Joan de les Abadesses,2026-09-05,0.0
MQ,Cardona,2026-09-05,0.0
MR,Pantà de Siurana,2026-09-05,0.0
MS,Castellar de n'Hug - el Clot del Moro,2026-09-05,0.0
MV,Guixers - Valls,2026-09-05,0.0
MW,Navès,2026-09-05,0.0
U2,Sant Pere Pescador,2026-09-05,0.0
U3,Sant Martí Sarroca,2026-09-05,0.0
U4,Castellnou de Bages,2026-09-05,0.0
U6,Vinyols i els Arcs - Cambrils,2026-09-05,0.0
U7,Aldover,2026-09-05,0.0
U9,l'Aldea,2026-09-05,0.0
UA,l'Ametlla de Mar,2026-09-05,0.0
UB,la Tallada d'Empordà,2026-09-05,0.0
UE,Torroella de Montgrí,2026-09-05,0.0
UF,PN del Garraf - el Rascler,2026-09-05,0.0
UH,el Montmell,2026-09-05,0.0
UI,Gisclareny,2026-09-05,0.0
UJ,Santa Coloma de Queralt,2026-09-05,0.0
UK,Sant Pere de Ribes - PN del Garraf,2026-09-05,0.0
UM,la Granadella,2026-09-05,0.0
UN,Cassà de la Selva,2026-09-05,0.0
UO,Fornells de la Selva,2026-09-05,0.0
UP,Cabrils,2026-09-05,0.0
UQ,Dosrius - PN Montnegre Corredor,2026-09-05,0.0
US,les Cases d'Alcanar,2026-09-05,0.0
UU,Amposta,2026-09-05,0.0
UW,els Alfacs,2026-09-05,0.0
UX,Ulldecona - els Valentins,2026-09-05,0.0
UY,Os de Balaguer - el Monestir d'Avellanes,2026-09-05,0.0
V1,Vallfogona de Balaguer,2026-09-05,0.0
V4,Montesquiu,2026-09-05,0.0
V5,Perafita,2026-09-05,0.0
V8,el Poal,2026-09-05,0.0
VA,Ascó,2026-09-05,0.0
VB,Benissanet,2026-09-05,0.0
VC,Pantà de Riba-roja,2026-09-05,0.0
VD,el Canós,2026-09-05,0.0
VH,Gimenells,2026-09-05,0.0
VK,Raimat,2026-09-05,0.0
VM,Vilanova de Segrià,2026-09-05,0.0
VO,Lladurs,2026-09-05,0.0
VP,Pinós,2026-09-05,0.0
VQ,Constantí,2026-09-05,0.0
VS,Lac Redon (2.245 m),2026-09-05,0.0
VU,Rellinars,2026-09-05,0.0
VV,Sant Llorenç Savall,2026-09-05,0.0
VX,Tagamanent - PN del Montseny,2026-09-05,0.0
VY,Nulles,2026-09-05,0.1
VZ,Espolla,2026-09-05,0.0
W1,Castelló d'Empúries,2026-09-05,0.0
W4,Vilafranca del Penedès - la Granada,2026-09-05,0.0
W5,Oliana,2026-09-05,0.0
W8,Blancafort,2026-09-05,0.0
W9,la Vall d'en Bas,2026-09-05,0.0
WA,Oliola,2026-09-05,0.0
WB,Albesa,2026-09-05,0.0
WC,Golmés,2026-09-05,0.0
WG,Algerri,2026-09-05,0.0
WI,Maials,2026-09-05,0.0
WJ,el Masroig,2026-09-05,0.0
WK,Alfarràs,2026-09-05,0.0
WL,Sant Martí de Riucorb,2026-09-05,0.0
WM,Santuari de Queralt,2026-09-05,0.0
WN,Montserrat - Sant Dimes,2026-09-05,0.0
WO,la Bisbal del Penedès,2026-09-05,0.0
WP,Canaletes,2026-09-05,0.0
WQ,Montsec d'Ares (1.571 m),2026-09-05,0.0
WR,Torroja del Priorat,2026-09-05,0.0
WS,Viladrau,2026-09-05,0.0
WT,Malgrat de Mar,2026-09-05,0.0
WU,Badalona - Museu,2026-09-05,0.0
WV,Guardiola de Berguedà,2026-09-05,0.0
WW,Artés,2026-09-05,0.0
WX,Camarasa,2026-09-05,0.0
WZ,Cunit,2026-09-05,0.0
X1,Falset,2026-09-05,0.0
X3,Alguaire,2026-09-05,0.0
X4,Barcelona - el Raval,2026-09-05,0.0
X5,PN dels Ports,2026-09-05,0.0
X6,Baldomar,2026-09-05,0.0
X7,Torres de Segre,2026-09-05,0.0
X8,Barcelona - Zona Universitària,2026-09-05,0.0
X9,Caldes de Montbui,2026-09-05,0.0
XA,la Panadella,2026-09-05,0.0
XB,la Llacuna,2026-09-05,0.0
XC,Castellbisbal,2026-09-05,0.0
XD,Ulldemolins,2026-09-05,0.0
XE,Tarragona - Complex Educatiu,2026-09-05,0.0
XF,Sabadell - Parc Agrari,2026-09-05,0.0
XG,Parets del Vallès,2026-09-05,0.0
XH,Sort,2026-09-05,0.0
XI,Mollerussa,2026-09-05,0.0
XJ,Girona,2026-09-05,0.0
XK,Puig Sesolles (1.666 m),2026-09-05,0.0
XL,el Prat de Llobregat,2026-09-05,0.0
XM,els Alamús,2026-09-05,0.0
XN,Seròs,2026-09-05,0.0
XO,Vic,2026-09-05,0.0
XP,Gandesa,2026-09-05,0.0
XQ,Tremp,2026-09-05,0.0
XR,Prades,2026-09-05,0.0
XS,Santa Coloma de Farners,2026-09-05,0.0
XT,Solsona,2026-09-05,0.0
XU,Canyelles,2026-09-05,0.0
XV,Sant Cugat del Vallès - CAR,2026-09-05,0.0
XX,Anglesola - Tornabous,2026-09-05,0.0
XY,Alcarràs,2026-09-05,0.0
XZ,Torroella de Fluvià,2026-09-05,0.0
Y4,Alinyà,2026-09-05,0.0
Y5,Navata,2026-09-05,0.0
Y6,Tivissa,2026-09-05,0.0
YA,Puigcerdà,2026-09-05,0.0
YB,Olot,2026-09-05,0.0
YC,la Pobla de Segur,2026-09-05,0.0
YD,les Borges Blanques,2026-09-05,0.0
YE,Massoteres,2026-09-05,0.0
YF,Miami Platja,2026-09-05,0.0
YG,Tírvia,2026-09-05,0.0
YH,Pujalt,2026-09-05,0.0
YJ,Lleida - la Femosa,2026-09-05,0.0
YK,Terrassa,2026-09-05,0.0
YL,Riudecanyes,2026-09-05,0.0
YM,Granollers,2026-09-05,0.0
YN,Vielha - Elipòrt,2026-09-05,0.0
YO,Sant Sadurní d'Anoia,2026-09-05,0.0
YP,Palafrugell,2026-09-05,0.0
YQ,Port de Barcelona - ZAL Prat,2026-09-05,0.0
YR,Vilanova i la Geltrú,2026-09-05,0.0
YS,Cabanes,2026-09-05,0.0
YT,Bonabé (1.691 m),2026-09-05,0.0
YU,Cantonigròs,2026-09-05,0.0
YV,Mataró,2026-09-05,0.0
YX,Batea,2026-09-05,0.0
YY,Viladecans - les Filipines,2026-09-05,0.0
Z1,Bonaigua (2.262 m),2026-09-05,0.0
Z2,Boí (2.537 m),2026-09-05,0.0
Z3,Malniu (2.229 m),2026-09-05,0.0
Z5,Certascan (2.398 m),2026-09-05,0.0
Z6,Sasseuva (2.226 m),2026-09-05,0.0
Z7,Espot (2.519 m),2026-09-05,0.0
Z9,Cadí Nord (2.145 m) - Prat d'Aguiló,2026-09-05,0.0
ZB,Salòria (2.451 m),2026-09-05,0.0
ZC,Ulldeter (2.413 m),2026-09-05,0.0
ZE,el Port del Comte (2.288 m),2026-09-05,0.0
C6,Castellnou de Seana,2026-09-06,0.0
C7,Tàrrega,2026-09-06,0.0
C8,Cervera,2026-09-06,0.0
C9,Mas de Barberans,2026-09-06,0.0
CC,Orís,2026-09-06,0.0
CD,la Seu d'Urgell - Bellestar,2026-09-06,0.0
CE,els Hostalets de Pierola,2026-09-06,0.0
CG,Molló - Fabert,2026-09-06,0.0
CI,Sant Pau de Segúries,2026-09-06,0.0
CJ,Organyà,2026-09-06,0.0
CL,Sant Salvador de Guardiola,2026-09-06,0.0
CP,Sant Romà d'Abella,2026-09-06,0.0
CQ,Vilanova de Meià,2026-09-06,0.0
CR,la Quar,2026-09-06,0.0
CT,el Pont de Suert,2026-09-06,0.0
CW,l'Espluga de Francolí,2026-09-06,0.0
CY,Muntanyola,2026-09-06,0.0
D1,Margalef,2026-09-06,0.0
D2,Vacarisses,2026-09-06,0.0
D3,Vallirana,2026-09-06,0.0
D4,Roses,2026-09-06,0.0
D5,Barcelona - Observatori Fabra,2026-09-06,0.0
D6,Portbou - coll dels Belitres,2026-09-06,0.0
D7,Vinebre,2026-09-06,0.0
D8,Horta de Sant Joan,2026-09-06,0.0
D9,el Vendrell,2026-09-06,0.0
DB,el Perelló,2026-09-06,0.0
DF,la Bisbal d'Empordà,2026-09-06,0.0
DG,Núria (1.971 m),2026-09-06,0.0
DI,Font-rubí,2026-09-06,0.0
DJ,Banyoles,2026-09-06,0.0
DK,Torredembarra,2026-09-06,0.0
DL,Illa de Buda,2026-09-06,0.2
DN,Anglès,2026-09-06,0.0
DO,Castell d'Aro,2026-09-06,0.0
DP,Das - Aeròdrom,2026-09-06,0.0
DQ,Vila-rodona,2026-09-06,0.0
H1,Òdena,2026-09-06,0.0
J5,Pantà de Darnius - Boadella,2026-09-06,0.0
KE,Pantà de Sau,2026-09-06,0.0
KP,Fogars de la Selva,2026-09-06,0.0
KX,la Roca del Vallès - ETAP Cardedeu,2026-09-06,0.0
M6,Sant Joan de les Abadesses,2026-09-06,0.0
MQ,Cardona,2026-09-06,0.0
MR,Pantà de Siurana,2026-09-06,0.0
MS,Castellar de n'Hug - el Clot del Moro,2026-09-06,0.0
MV,Guixers - Valls,2026-09-06,0.0
MW,Navès,2026-09-06,0.0
U2,Sant Pere Pescador,2026-09-06,0.0
U3,Sant Martí Sarroca,2026-09-06,0.0
U4,Castellnou de Bages,2026-09-06,0.0
U6,Vinyols i els Arcs - Cambrils,2026-09-06,0.0
U7,Aldover,2026-09-06,0.0
U9,l'Aldea,2026-09-06,0.0
UA,l'Ametlla de Mar,2026-09-06,0.0
UB,la Tallada d'Empordà,2026-09-06,0.0
UE,Torroella de Montgrí,2026-09-06,0.0
UF,PN del Garraf - el Rascler,2026-09-06,0.0
UH,el Montmell,2026-09-06,0.0
UI,Gisclareny,2026-09-06,0.0
UJ,Santa Coloma de Queralt,2026-09-06,0.0
UK,Sant Pere de Ribes - PN del Garraf,2026-09-06,0.0
UM,la Granadella,2026-09-06,0.0
UN,Cassà de la Selva,2026-09-06,0.0
UO,Fornells de la Selva,2026-09-06,0.0
UP,Cabrils,2026-09-06,0.0
UQ,Dosrius - PN Montnegre Corredor,2026-09-06,0.0
US,les Cases d'Alcanar,2026-09-06,0.0
UU,Amposta,2026-09-06,0.1
UW,els Alfacs,2026-09-06,0.0
UX,Ulldecona - els Valentins,2026-09-06,0.0
UY,Os de Balaguer - el Monestir d'Avellanes,2026-09-06,0.0
V1,Vallfogona de Balaguer,2026-09-06,0.0
V4,Montesquiu,2026-09-06,0.0
V5,Perafita,2026-09-06,0.0
V8,el Poal,2026-09-06,0.0
VA,Ascó,2026-09-06,0.0
VB,Benissanet,2026-09-06,0.0
VC,Pantà de Riba-roja,2026-09-06,0.0
VD,el Canós,2026-09-06,0.0
VH,Gimenells,2026-09-06,0.0
VK,Raimat,2026-09-06,0.0
VM,Vilanova de Segrià,2026-09-06,0.0
VO,Lladurs,2026-09-06,0.0
VP,Pinós,2026-09-06,0.0
VQ,Constantí,2026-09-06,0.0
VS,Lac Redon (2.245 m),2026-09-06,0.0
VU,Rellinars,2026-09-06,0.0
VV,Sant Llorenç Savall,2026-09-06,0.0
VX,Tagamanent - PN del Montseny,2026-09-06,0.0
VY,Nulles,2026-09-06,0.0
VZ,Espolla,2026-09-06,0.0
W1,Castelló d'Empúries,2026-09-06,0.0
W4,Vilafranca del Penedès - la Granada,2026-09-06,0.0
W5,Oliana,2026-09-06,0.0
W8,Blancafort,2026-09-06,0.0
W9,la Vall d'en Bas,2026-09-06,0.0
WA,Oliola,2026-09-06,0.0
WB,Albesa,2026-09-06,0.0
WC,Golmés,2026-09-06,0.0
WG,Algerri,2026-09-06,0.0
WI,Maials,2026-09-06,0.0
WJ,el Masroig,2026-09-06,0.0
WK,Alfarràs,2026-09-06,0.0
WL,Sant Martí de Riucorb,2026-09-06,0.0
WM,Santuari de Queralt,2026-09-06,0.0
WN,Montserrat - Sant Dimes,2026-09-06,0.0
WO,la Bisbal del Penedès,2026-09-06,0.0
WP,Canaletes,2026-09-06,0.0
WQ,Montsec d'Ares (1.571 m),2026-09-06,0.0
WR,Torroja del Priorat,2026-09-06,0.0
WS,Viladrau,2026-09-06,0.0
WT,Malgrat de Mar,2026-09-06,0.0
WU,Badalona - Museu,2026-09-06,0.0
WV,Guardiola de Berguedà,2026-09-06,0.0
WW,Artés,2026-09-06,0.0
WX,Camarasa,2026-09-06,0.0
WZ,Cunit,2026-09-06,0.0
X1,Falset,2026-09-06,0.0
X3,Alguaire,2026-09-06,0.0
X4,Barcelona - el Raval,2026-09-06,0.0
X5,PN dels Ports,2026-09-06,0.0
X6,Baldomar,2026-09-06,0.0
X7,Torres de Segre,2026-09-06,0.0
X8,Barcelona - Zona Universitària,2026-09-06,0.0
X9,Caldes de Montbui,2026-09-06,0.0
XA,la Panadella,2026-09-06,0.0
XB,la Llacuna,2026-09-06,0.0
XC,Castellbisbal,2026-09-06,0.0
XD,Ulldemolins,2026-09-06,0.0
XE,Tarragona - Complex Educatiu,2026-09-06,0.0
XF,Sabadell - Parc Agrari,2026-09-06,0.0
XG,Parets del Vallès,2026-09-06,0.0
XH,Sort,2026-09-06,0.0
XI,Mollerussa,2026-09-06,0.0
XJ,Girona,2026-09-06,0.0
XK,Puig Sesolles (1.666 m),2026-09-06,0.0
XL,el Prat de Llobregat,2026-09-06,0.0
XM,els Alamús,2026-09-06,0.0
XN,Seròs,2026-09-06,0.0
XO,Vic,2026-09-06,0.0
XP,Gandesa,2026-09-06,0.0
XQ,Tremp,2026-09-06,0.0
XR,Prades,2026-09-06,0.0
XS,Santa Coloma de Farners,2026-09-06,0.0
XT,Solsona,2026-09-06,0.0
XU,Canyelles,2026-09-06,0.0
XV,Sant Cugat del Vallès - CAR,2026-09-06,0.0
XX,Anglesola - Tornabous,2026-09-06,0.0
XY,Alcarràs,2026-09-06,0.0
XZ,Torroella de Fluvià,2026-09-06,0.0
Y4,Alinyà,2026-09-06,0.0
Y5,Navata,2026-09-06,0.0
Y6,Tivissa,2026-09-06,0.0
YA,Puigcerdà,2026-09-06,0.0
YB,Olot,2026-09-06,0.0
YC,la Pobla de Segur,2026-09-06,0.0
YD,les Borges Blanques,2026-09-06,0.0
YE,Massoteres,2026-09-06,0.0
YF,Miami Platja,2026-09-06,0.0
YG,Tírvia,2026-09-06,0.0
YH,Pujalt,2026-09-06,0.0
YJ,Lleida - la Femosa,2026-09-06,0.0
YK,Terrassa,2026-09-06,0.0
YL,Riudecanyes,2026-09-06,0.0
YM,Granollers,2026-09-06,0.0
YN,Vielha - Elipòrt,2026-09-06,0.0
YO,Sant Sadurní d'Anoia,2026-09-06,0.0
YP,Palafrugell,2026-09-06,0.0
YQ,Port de Barcelona - ZAL Prat,2026-09-06,0.0
YR,Vilanova i la Geltrú,2026-09-06,0.0
YS,Cabanes,2026-09-06,0.0
YT,Bonabé (1.691 m),2026-09-06,0.0
YU,Cantonigròs,2026-09-06,0.0
YV,Mataró,2026-09-06,0.0
YX,Batea,2026-09-06,0.0
YY,Viladecans - les Filipines,2026-09-06,0.0
Z1,Bonaigua (2.262 m),2026-09-06,0.0
Z2,Boí (2.537 m),2026-09-06,0.0
Z3,Malniu (2.229 m),2026-09-06,0.0
Z5,Certascan (2.398 m),2026-09-06,0.0
Z6,Sasseuva (2.226 m),2026-09-06,0.0
Z7,Espot (2.519 m),2026-09-06,0.0
Z9,Cadí Nord (2.145 m) - Prat d'Aguiló,2026-09-06,0.0
ZB,Salòria (2.451 m),2026-09-06,0.0
ZC,Ulldeter (2.413 m),2026-09-06,0.0
ZE,el Port del Comte (2.288 m),2026-09-06,0.0
C6,Castellnou de Seana,2026-09-07,0.0
C7,Tàrrega,2026-09-07,0.0
C8,Cervera,2026-09-07,0.0
C9,Mas de Barberans,2026-09-07,0.0
CC,Orís,2026-09-07,0.0
CD,la Seu d'Urgell - Bellestar,2026-09-07,0.0
CE,els Hostalets de Pierola,2026-09-07,0.0
CG,Molló - Fabert,2026-09-07,0.0
CI,Sant Pau de Segúries,2026-09-07,0.0
CJ,Organyà,2026-09-07,0.0
CL,Sant Salvador de Guardiola,2026-09-07,0.0
CP,Sant Romà d'Abella,2026-09-07,0.0
CQ,Vilanova de Meià,2026-09-07,0.0
CR,la Quar,2026-09-07,0.0
CT,el Pont de Suert,2026-09-07,0.0
CW,l'Espluga de Francolí,2026-09-07,0.0
CY,Muntanyola,2026-09-07,0.0
D1,Margalef,2026-09-07,0.0
D2,Vacarisses,2026-09-07,0.0
D3,Vallirana,2026-09-07,0.0
D4,Roses,2026-09-07,0.0
D5,Barcelona - Observatori Fabra,2026-09-07,0.0
D6,Portbou - coll dels Belitres,2026-09-07,0.0
D7,Vinebre,2026-09-07,0.0
D8,Horta de Sant Joan,2026-09-07,0.0
D9,el Vendrell,2026-09-07,0.0
DB,el Perelló,2026-09-07,0.0
DF,la Bisbal d'Empordà,2026-09-07,0.0
DG,Núria (1.971 m),2026-09-07,0.0
DI,Font-rubí,2026-09-07,0.0
DJ,Banyoles,2026-09-07,0.0
DK,Torredembarra,2026-09-07,0.0
DL,Illa de Buda,2026-09-07,0.0
DN,Anglès,2026-09-07,0.0
DO,Castell d'Aro,2026-09-07,0.0
DP,Das - Aeròdrom,2026-09-07,0.0
DQ,Vila-rodona,2026-09-07,0.0
H1,Òdena,2026-09-07,0.0
J5,Pantà de Darnius - Boadella,2026-09-07,0.0
KE,Pantà de Sau,2026-09-07,0.0
KP,Fogars de la Selva,2026-09-07,0.0
KX,la Roca del Vallès - ETAP Cardedeu,2026-09-07,0.0
M6,Sant Joan de les Abadesses,2026-09-07,0.0
MQ,Cardona,2026-09-07,0.0
MR,Pantà de Siurana,2026-09-07,0.0
MS,Castellar de n'Hug - el Clot del Moro,2026-09-07,0.0
MV,Guixers - Valls,2026-09-07,0.0
MW,Navès,2026-09-07,0.0
U2,Sant Pere Pescador,2026-09-07,0.0
U3,Sant Martí Sarroca,2026-09-07,0.0
U4,Castellnou de Bages,2026-09-07,0.0
U6,Vinyols i els Arcs - Cambrils,2026-09-07,0.0
U7,Aldover,2026-09-07,0.0
U9,l'Aldea,2026-09-07,0.0
UA,l'Ametlla de Mar,2026-09-07,0.0
UB,la Tallada d'Empordà,2026-09-07,0.0
UE,Torroella de Montgrí,2026-09-07,0.0
UF,PN del Garraf - el Rascler,2026-09-07,0.0
UH,el Montmell,2026-09-07,0.0
UI,Gisclareny,2026-09-07,0.0
UJ,Santa Coloma de Queralt,2026-09-07,0.0
UK,Sant Pere de Ribes - PN del Garraf,2026-09-07,0.0
UM,la Granadella,2026-09-07,0.0
UN,Cassà de la Selva,2026-09-07,0.0
UO,Fornells de la Selva,2026-09-07,0.0
UP,Cabrils,2026-09-07,0.0
UQ,Dosrius - PN Montnegre Corredor,2026-09-07,0.0
US,les Cases d'Alcanar,2026-09-07,0.0
UU,Amposta,2026-09-07,0.0
UW,els Alfacs,2026-09-07,0.0
UX,Ulldecona - els Valentins,2026-09-07,0.0
UY,Os de Balaguer - el Monestir d'Avellanes,2026-09-07,0.0
V1,Vallfogona de Balaguer,2026-09-07,0.0
V4,Montesquiu,2026-09-07,0.0
V5,Perafita,2026-09-07,0.0
V8,el Poal,2026-09-07,0.0
VA,Ascó,2026-09-07,0.0
VB,Benissanet,2026-09-07,0.0
VC,Pantà de Riba-roja,2026-09-07,0.0
VD,el Canós,2026-09-07,0.0
VH,Gimenells,2026-09-07,0.0
VK,Raimat,2026-09-07,0.0
VM,Vilanova de Segrià,2026-09-07,0.0
VO,Lladurs,2026-09-07,0.0
VP,Pinós,2026-09-07,0.0
VQ,Constantí,2026-09-07,0.0
VS,Lac Redon (2.245 m),2026-09-07,0.0
VU,Rellinars,2026-09-07,0.0
VV,Sant Llorenç Savall,2026-09-07,0.0
VX,Tagamanent - PN del Montseny,2026-09-07,0.0
VY,Nulles,2026-09-07,0.0
VZ,Espolla,2026-09-07,0.0
W1,Castelló d'Empúries,2026-09-07,0.0
W4,Vilafranca del Penedès - la Granada,2026-09-07,0.0
W5,Oliana,2026-09-07,0.0
W8,Blancafort,2026-09-07,0.0
W9,la Vall d'en Bas,2026-09-07,0.0
WA,Oliola,2026-09-07,0.0
WB,Albesa,2026-09-07,0.0
WC,Golmés,2026-09-07,0.0
WG,Algerri,2026-09-07,0.0
WI,Maials,2026-09-07,0.0
WJ,el Masroig,2026-09-07,0.0
WK,Alfarràs,2026-09-07,0.0
WL,Sant Martí de Riucorb,2026-09-07,0.0
WM,Santuari de Queralt,2026-09-07,0.0
WN,Montserrat - Sant Dimes,2026-09-07,0.0
WO,la Bisbal del Penedès,2026-09-07,0.0
WP,Canaletes,2026-09-07,0.0
WQ,Montsec d'Ares (1.571 m),2026-09-07,0.0
WR,Torroja del Priorat,2026-09-07,0.0
WS,Viladrau,2026-09-07,0.0
WT,Malgrat de Mar,2026-09-07,0.0
WU,Badalona - Museu,2026-09-07,0.0
WV,Guardiola de Berguedà,2026-09-07,0.0
WW,Artés,2026-09-07,0.0
WX,Camarasa,2026-09-07,0.0
WZ,Cunit,2026-09-07,0.0
X1,Falset,2026-09-07,0.0
X3,Alguaire,2026-09-07,0.0
X4,Barcelona - el Raval,2026-09-07,0.0
X5,PN dels Ports,2026-09-07,0.0
X6,Baldomar,2026-09-07,0.0
X7,Torres de Segre,2026-09-07,0.0
X8,Barcelona - Zona Universitària,2026-09-07,0.0
X9,Caldes de Montbui,2026-09-07,0.0
XA,la Panadella,2026-09-07,0.0
XB,la Llacuna,2026-09-07,0.0
XC,Castellbisbal,2026-09-07,0.0
XD,Ulldemolins,2026-09-07,0.0
XE,Tarragona - Complex Educatiu,2026-09-07,0.0
XF,Sabadell - Parc Agrari,2026-09-07,0.0
XG,Parets del Vallès,2026-09-07,0.0
XH,Sort,2026-09-07,0.0
XI,Mollerussa,2026-09-07,0.0
XJ,Girona,2026-09-07,0.0
XK,Puig Sesolles (1.666 m),2026-09-07,0.0
XL,el Prat de Llobregat,2026-09-07,0.0
XM,els Alamús,2026-09-07,0.0
XN,Seròs,2026-09-07,0.0
XO,Vic,2026-09-07,0.0
XP,Gandesa,2026-09-07,0.0
XQ,Tremp,2026-09-07,0.0
XR,Prades,2026-09-07,0.0
XS,Santa Coloma de Farners,2026-09-07,0.0
XT,Solsona,2026-09-07,0.0
XU,Canyelles,2026-09-07,0.0
XV,Sant Cugat del Vallès - CAR,2026-09-07,0.0
XX,Anglesola - Tornabous,2026-09-07,0.0
XY,Alcarràs,2026-09-07,0.0
XZ,Torroella de Fluvià,2026-09-07,0.0
Y4,Alinyà,2026-09-07,0.0
Y5,Navata,2026-09-07,0.0
Y6,Tivissa,2026-09-07,0.0
YA,Puigcerdà,2026-09-07,0.0
YB,Olot,2026-09-07,0.0
YC,la Pobla de Segur,2026-09-07,0.0
YD,les Borges Blanques,2026-09-07,0.0
YE,Massoteres,2026-09-07,0.0
YF,Miami Platja,2026-09-07,0.0
YG,Tírvia,2026-09-07,0.0
YH,Pujalt,2026-09-07,0.0
YJ,Lleida - la Femosa,2026-09-07,0.0
YK,Terrassa,2026-09-07,0.0
YL,Riudecanyes,2026-09-07,0.0
YM,Granollers,2026-09-07,0.0
YN,Vielha - Elipòrt,2026-09-07,0.0
YO,Sant Sadurní d'Anoia,2026-09-07,0.0
YP,Palafrugell,2026-09-07,0.0
YQ,Port de Barcelona - ZAL Prat,2026-09-07,0.0
YR,Vilanova i la Geltrú,2026-09-07,0.0
YS,Cabanes,2026-09-07,0.0
YT,Bonabé (1.691 m),2026-09-07,0.0
YU,Cantonigròs,2026-09-07,0.0
YV,Mataró,2026-09-07,0.0
YX,Batea,2026-09-07,0.0
YY,Viladecans - les Filipines,2026-09-07,0.0
Z1,Bonaigua (2.262 m),2026-09-07,0.0
Z2,Boí (2.537 m),2026-09-07,0.0
Z3,Malniu (2.229 m),2026-09-07,0.0
Z5,Certascan (2.398 m),2026-09-07,0.0
Z6,Sasseuva (2.226 m),2026-09-07,0.0
Z7,Espot (2.519 m),2026-09-07,0.0
Z9,Cadí Nord (2.145 m) - Prat d'Aguiló,2026-09-07,0.0
ZB,Salòria (2.451 m),2026-09-07,0.0
ZC,Ulldeter (2.413 m),2026-09-07,0.0
ZE,el Port del Comte (2.288 m),2026-09-07,0.0
C6,Castellnou de Seana,2026-09-08,0.1
C7,Tàrrega,2026-09-08,0.0
C8,Cervera,2026-09-08,0.7
C9,Mas de Barberans,2026-09-08,0.0
CC,Orís,2026-09-08,0.0
CD,la Seu d'Urgell - Bellestar,2026-09-08,0.0
CE,els Hostalets de Pierola,2026-09-08,0.0
CG,Molló - Fabert,2026-09-08,0.3
CI,Sant Pau de Segúries,2026-09-08,0.6
CJ,Organyà,2026-09-08,0.6
CL,Sant Salvador de Guardiola,2026-09-08,0.2
CP,Sant Romà d'Abella,2026-09-08,0.7
CQ,Vilanova de Meià,2026-09-08,0.0
CR,la Quar,2026-09-08,0.3
CT,el Pont de Suert,2026-09-08,0.0
CW,l'Espluga de Francolí,2026-09-08,3.5
CY,Muntanyola,2026-09-08,0.2
D1,Margalef,2026-09-08,0.2
D2,Vacarisses,2026-09-08,0.0
D3,Vallirana,2026-09-08,0.0
D4,Roses,2026-09-08,3.6
D5,Barcelona - Observatori Fabra,2026-09-08,0.0
D6,Portbou - coll dels Belitres,2026-09-08,0.0
D7,Vinebre,2026-09-08,0.0
D8,Horta de Sant Joan,2026-09-08,0.0
D9,el Vendrell,2026-09-08,0.0
DB,el Perelló,2026-09-08,0.0
DF,la Bisbal d'Empordà,2026-09-08,0.0
DG,Núria (1.971 m),2026-09-08,6.7
DI,Font-rubí,2026-09-08,0.0
DJ,Banyoles,2026-09-08,5.3
DK,Torredembarra,2026-09-08,0.0
DL,Illa de Buda,2026-09-08,0.0
DN,Anglès,2026-09-08,0.0
DO,Castell d'Aro,2026-09-08,0.0
DP,Das - Aeròdrom,2026-09-08,1.1
DQ,Vila-rodona,2026-09-08,0.0
H1,Òdena,2026-09-08,0.0
J5,Pantà de Darnius - Boadella,2026-09-08,0.8
KE,Pantà de Sau,2026-09-08,0.4
KP,Fogars de la Selva,2026-09-08,0.0
KX,la Roca del Vallès - ETAP Cardedeu,2026-09-08,0.0
M6,Sant Joan de les Abadesses,2026-09-08,0.7
MQ,Cardona,2026-09-08,0.5
MR,Pantà de Siurana,2026-09-08,0.8
MS,Castellar de n'Hug - el Clot del Moro,2026-09-08,5.6
MV,Guixers - Valls,2026-09-08,1.0
MW,Navès,2026-09-08,0.4
U2,Sant Pere Pescador,2026-09-08,1.5
U3,Sant Martí Sarroca,2026-09-08,0.0
U4,Castellnou de Bages,2026-09-08,0.2
U6,Vinyols i els Arcs - Cambrils,2026-09-08,0.0
U7,Aldover,2026-09-08,0.0
U9,l'Aldea,2026-09-08,0.6
UA,l'Ametlla de Mar,2026-09-08,0.3
UB,la Tallada d'Empordà,2026-09-08,0.0
UE,Torroella de Montgrí,2026-09-08,0.0
UF,PN del Garraf - el Rascler,2026-09-08,0.0
UH,el Montmell,2026-09-08,0.0
UI,Gisclareny,2026-09-08,3.1
UJ,Santa Coloma de Queralt,2026-09-08,1.1
UK,Sant Pere de Ribes - PN del Garraf,2026-09-08,0.0
UM,la Granadella,2026-09-08,5.5
UN,Cassà de la Selva,2026-09-08,0.0
UO,Fornells de la Selva,2026-09-08,0.0
UP,Cabrils,2026-09-08,0.0
UQ,Dosrius - PN Montnegre Corredor,2026-09-08,0.0
US,les Cases d'Alcanar,2026-09-08,0.0
UU,Amposta,2026-09-08,0.3
UW,els Alfacs,2026-09-08,0.0
UX,Ulldecona - els Valentins,2026-09-08,0.0
UY,Os de Balaguer - el Monestir d'Avellanes,2026-09-08,0.3
V1,Vallfogona de Balaguer,2026-09-08,0.0
V4,Montesquiu,2026-09-08,0.4
V5,Perafita,2026-09-08,0.7
V8,el Poal,2026-09-08,0.3
VA,Ascó,2026-09-08,0.0
VB,Benissanet,2026-09-08,0.0
VC,Pantà de Riba-roja,2026-09-08,1.5
VD,el Canós,2026-09-08,0.0
VH,Gimenells,2026-09-08,0.0
VK,Raimat,2026-09-08,0.0
VM,Vilanova de Segrià,2026-09-08,0.0
VO,Lladurs,2026-09-08,0.8
VP,Pinós,2026-09-08,0.0
VQ,Constantí,2026-09-08,0.0
VS,Lac Redon (2.245 m),2026-09-08,0.0
VU,Rellinars,2026-09-08,0.0
VV,Sant Llorenç Savall,2026-09-08,0.0
VX,Tagamanent - PN del Montseny,2026-09-08,0.0
VY,Nulles,2026-09-08,0.0
VZ,Espolla,2026-09-08,0.1
W1,Castelló d'Empúries,2026-09-08,3.5
W4,Vilafranca del Penedès - la Granada,2026-09-08,0.0
W5,Oliana,2026-09-08,1.0
W8,Blancafort,2026-09-08,4.3
W9,la Vall d'en Bas,2026-09-08,3.1
WA,Oliola,2026-09-08,0.0
WB,Albesa,2026-09-08,0.0
WC,Golmés,2026-09-08,0.0
WG,Algerri,2026-09-08,0.0
WI,Maials,2026-09-08,1.2
WJ,el Masroig,2026-09-08,0.0
WK,Alfarràs,2026-09-08,0.0
WL,Sant Martí de Riucorb,2026-09-08,0.9
WM,Santuari de Queralt,2026-09-08,0.2
WN,Montserrat - Sant Dimes,2026-09-08,0.0
WO,la Bisbal del Penedès,2026-09-08,0.0
WP,Canaletes,2026-09-08,0.0
WQ,Montsec d'Ares (1.571 m),2026-09-08,1.2
WR,Torroja del Priorat,2026-09-08,0.4
WS,Viladrau,2026-09-08,0.1
WT,Malgrat de Mar,2026-09-08,0.0
WU,Badalona - Museu,2026-09-08,0.0
WV,Guardiola de Berguedà,2026-09-08,0.5
WW,Artés,2026-09-08,0.8
WX,Camarasa,2026-09-08,0.3
WZ,Cunit,2026-09-08,0.0
X1,Falset,2026-09-08,0.0
X3,Alguaire,2026-09-08,0.0
X4,Barcelona - el Raval,2026-09-08,0.0
X5,PN dels Ports,2026-09-08,0.0
X6,Baldomar,2026-09-08,0.0
X7,Torres de Segre,2026-09-08,0.0
X8,Barcelona - Zona Universitària,2026-09-08,0.0
X9,Caldes de Montbui,2026-09-08,0.0
XA,la Panadella,2026-09-08,3.1
XB,la Llacuna,2026-09-08,0.0
XC,Castellbisbal,2026-09-08,0.3
XD,Ulldemolins,2026-09-08,0.2
XE,Tarragona - Complex Educatiu,2026-09-08,0.0
XF,Sabadell - Parc Agrari,2026-09-08,0.0
XG,Parets del Vallès,2026-09-08,0.0
XH,Sort,2026-09-08,0.0
XI,Mollerussa,2026-09-08,0.0
XJ,Girona,2026-09-08,0.0
XK,Puig Sesolles (1.666 m),2026-09-08,0.0
XL,el Prat de Llobregat,2026-09-08,0.0
XM,els Alamús,2026-09-08,0.0
XN,Seròs,2026-09-08,0.0
XO,Vic,2026-09-08,0.8
XP,Gandesa,2026-09-08,0.0
XQ,Tremp,2026-09-08,0.0
XR,Prades,2026-09-08,0.0
XS,Santa Coloma de Farners,2026-09-08,0.0
XT,Solsona,2026-09-08,0.0
XU,Canyelles,2026-09-08,0.0
XV,Sant Cugat del Vallès - CAR,2026-09-08,0.0
XX,Anglesola - Tornabous,2026-09-08,0.1
XY,Alcarràs,2026-09-08,0.0
XZ,Torroella de Fluvià,2026-09-08,2.9
Y4,Alinyà,2026-09-08,1.1
Y5,Navata,2026-09-08,7.4
Y6,Tivissa,2026-09-08,0.0
YA,Puigcerdà,2026-09-08,0.6
YB,Olot,2026-09-08,0.2
YC,la Pobla de Segur,2026-09-08,0.0
YD,les Borges Blanques,2026-09-08,0.0
YE,Massoteres,2026-09-08,0.0
YF,Miami Platja,2026-09-08,0.0
YG,Tírvia,2026-09-08,0.2
YH,Pujalt,2026-09-08,0.5
YJ,Lleida - la Femosa,2026-09-08,0.0
YK,Terrassa,2026-09-08,0.0
YL,Riudecanyes,2026-09-08,0.2
YM,Granollers,2026-09-08,0.1
YN,Vielha - Elipòrt,2026-09-08,0.8
YO,Sant Sadurní d'Anoia,2026-09-08,0.0
YP,Palafrugell,2026-09-08,0.0
YQ,Port de Barcelona - ZAL Prat,2026-09-08,0.1
YR,Vilanova i la Geltrú,2026-09-08,0.0
YS,Cabanes,2026-09-08,0.2
YT,Bonabé (1.691 m),2026-09-08,0.2
YU,Cantonigròs,2026-09-08,3.2
YV,Mataró,2026-09-08,0.0
YX,Batea,2026-09-08,0.0
YY,Viladecans - les Filipines,2026-09-08,0.2
Z1,Bonaigua (2.262 m),2026-09-08,0.0
Z2,Boí (2.537 m),2026-09-08,0.0
Z3,Malniu (2.229 m),2026-09-08,0.0
Z5,Certascan (2.398 m),2026-09-08,1.8
Z6,Sasseuva (2.226 m),2026-09-08,1.7
Z7,Espot (2.519 m),2026-09-08,0.0
Z9,Cadí Nord (2.145 m) - Prat d'Aguiló,2026-09-08,1.0
ZB,Salòria (2.451 m),2026-09-08,0.5
ZC,Ulldeter (2.413 m),2026-09-08,22.4
ZE,el Port del Comte (2.288 m),2026-09-08,1.7
C6,Castellnou de Seana,2026-09-09,0.0
C7,Tàrrega,2026-09-09,0.0
C8,Cervera,2026-09-09,0.1
C9,Mas de Barberans,2026-09-09,0.0
CC,Orís,2026-09-09,4.2
CD,la Seu d'Urgell - Bellestar,2026-09-09,1.0
CE,els Hostalets de Pierola,2026-09-09,10.9
CG,Molló - Fabert,2026-09-09,37.1
CI,Sant Pau de Segúries,2026-09-09,57.5
CJ,Organyà,2026-09-09,10.0
CL,Sant Salvador de Guardiola,2026-09-09,0.2
CP,Sant Romà d'Abella,2026-09-09,0.2
CQ,Vilanova de Meià,2026-09-09,0.1
CR,la Quar,2026-09-09,64.9
CT,el Pont de Suert,2026-09-09,1.3
CW,l'Espluga de Francolí,2026-09-09,0.0
CY,Muntanyola,2026-09-09,24.6
D1,Margalef,2026-09-09,0.0
D2,Vacarisses,2026-09-09,12.3
D3,Vallirana,2026-09-09,9.2
D4,Roses,2026-09-09,10.9
D5,Barcelona - Observatori Fabra,2026-09-09,51.7
D6,Portbou - coll dels Belitres,2026-09-09,11.8
D7,Vinebre,2026-09-09,0.0
D8,Horta de Sant Joan,2026-09-09,0.0
D9,el Vendrell,2026-09-09,0.0
DB,el Perelló,2026-09-09,0.0
DF,la Bisbal d'Empordà,2026-09-09,1.6
DG,Núria (1.971 m),2026-09-09,6.3
DI,Font-rubí,2026-09-09,7.0
DJ,Banyoles,2026-09-09,14.5
DK,Torredembarra,2026-09-09,5.7
DL,Illa de Buda,2026-09-09,0.0
DN,Anglès,2026-09-09,4.9
DO,Castell d'Aro,2026-09-09,0.7
DP,Das - Aeròdrom,2026-09-09,0.4
DQ,Vila-rodona,2026-09-09,0.0
H1,Òdena,2026-09-09,0.2
J5,Pantà de Darnius - Boadella,2026-09-09,18.8
KE,Pantà de Sau,2026-09-09,18.3
KP,Fogars de la Selva,2026-09-09,3.5
KX,la Roca del Vallès - ETAP Cardedeu,2026-09-09,2.1
M6,Sant Joan de les Abadesses,2026-09-09,80.8
MQ,Cardona,2026-09-09,1.7
MR,Pantà de Siurana,2026-09-09,0.0
MS,Castellar de n'Hug - el Clot del Moro,2026-09-09,52.4
MV,Guixers - Valls,2026-09-09,3.7
MW,Navès,2026-09-09,10.3
U2,Sant Pere Pescador,2026-09-09,7.4
U3,Sant Martí Sarroca,2026-09-09,23.3
U4,Castellnou de Bages,2026-09-09,1.7
U6,Vinyols i els Arcs - Cambrils,2026-09-09,0.0
U7,Aldover,2026-09-09,0.0
U9,l'Aldea,2026-09-09,0.1
UA,l'Ametlla de Mar,2026-09-09,0.0
UB,la Tallada d'Empordà,2026-09-09,1.3
UE,Torroella de Montgrí,2026-09-09,0.7
UF,PN del Garraf - el Rascler,2026-09-09,16.0
UH,el Montmell,2026-09-09,6.1
UI,Gisclareny,2026-09-09,12.1
UJ,Santa Coloma de Queralt,2026-09-09,0.0
UK,Sant Pere de Ribes - PN del Garraf,2026-09-09,16.0
UM,la Granadella,2026-09-09,0.0
UN,Cassà de la Selva,2026-09-09,0.8
UO,Fornells de la Selva,2026-09-09,4.9
UP,Cabrils,2026-09-09,8.6
UQ,Dosrius - PN Montnegre Corredor,2026-09-09,0.6
US,les Cases d'Alcanar,2026-09-09,0.4
UU,Amposta,2026-09-09,0.0
UW,els Alfacs,2026-09-09,0.4
UX,Ulldecona - els Valentins,2026-09-09,0.0
UY,Os de Balaguer - el Monestir d'Avellanes,2026-09-09,0.0
V1,Vallfogona de Balaguer,2026-09-09,0.0
V4,Montesquiu,2026-09-09,25.6
V5,Perafita,2026-09-09,5.1
V8,el Poal,2026-09-09,0.0
VA,Ascó,2026-09-09,0.0
VB,Benissanet,2026-09-09,0.0
VC,Pantà de Riba-roja,2026-09-09,0.0
VD,el Canós,2026-09-09,0.0
VH,Gimenells,2026-09-09,0.0
VK,Raimat,2026-09-09,0.0
VM,Vilanova de Segrià,2026-09-09,0.0
VO,Lladurs,2026-09-09,3.4
VP,Pinós,2026-09-09,0.3
VQ,Constantí,2026-09-09,0.6
VS,Lac Redon (2.245 m),2026-09-09,9.0
VU,Rellinars,2026-09-09,1.4
VV,Sant Llorenç Savall,2026-09-09,4.7
VX,Tagamanent - PN del Montseny,2026-09-09,9.9
VY,Nulles,2026-09-09,0.8
VZ,Espolla,2026-09-09,18.1
W1,Castelló d'Empúries,2026-09-09,17.7
W4,Vilafranca del Penedès - la Granada,2026-09-09,19.9
W5,Oliana,2026-09-09,8.5
W8,Blancafort,2026-09-09,0.0
W9,la Vall d'en Bas,2026-09-09,44.7
WA,Oliola,2026-09-09,0.0
WB,Albesa,2026-09-09,0.0
WC,Golmés,2026-09-09,0.0
WG,Algerri,2026-09-09,0.0
WI,Maials,2026-09-09,0.0
WJ,el Masroig,2026-09-09,0.0
WK,Alfarràs,2026-09-09,0.0
WL,Sant Martí de Riucorb,2026-09-09,0.0
WM,Santuari de Queralt,2026-09-09,11.5
WN,Montserrat - Sant Dimes,2026-09-09,2.1
WO,la Bisbal del Penedès,2026-09-09,1.3
WP,Canaletes,2026-09-09,17.1
WQ,Montsec d'Ares (1.571 m),2026-09-09,0.0
WR,Torroja del Priorat,2026-09-09,0.0
WS,Viladrau,2026-09-09,20.2
WT,Malgrat de Mar,2026-09-09,0.2
WU,Badalona - Museu,2026-09-09,36.3
WV,Guardiola de Berguedà,2026-09-09,33.2
WW,Artés,2026-09-09,0.6
WX,Camarasa,2026-09-09,0.0
WZ,Cunit,2026-09-09,21.4
X1,Falset,2026-09-09,0.0
X3,Alguaire,2026-09-09,0.0
X4,Barcelona - el Raval,2026-09-09,24.5
X5,PN dels Ports,2026-09-09,0.2
X6,Baldomar,2026-09-09,0.0
X7,Torres de Segre,2026-09-09,0.0
X8,Barcelona - Zona Universitària,2026-09-09,15.5
X9,Caldes de Montbui,2026-09-09,9.8
XA,la Panadella,2026-09-09,0.1
XB,la Llacuna,2026-09-09,1.8
XC,Castellbisbal,2026-09-09,47.8
XD,Ulldemolins,2026-09-09,0.0
XE,Tarragona - Complex Educatiu,2026-09-09,0.0
XF,Sabadell - Parc Agrari,2026-09-09,24.9
XG,Parets del Vallès,2026-09-09,7.0
XH,Sort,2026-09-09,8.9
XI,Mollerussa,2026-09-09,0.0
XJ,Girona,2026-09-09,2.3
XK,Puig Sesolles (1.666 m),2026-09-09,17.8
XL,el Prat de Llobregat,2026-09-09,22.7
XM,els Alamús,2026-09-09,0.0
XN,Seròs,2026-09-09,0.0
XO,Vic,2026-09-09,51.9
XP,Gandesa,2026-09-09,0.0
XQ,Tremp,2026-09-09,0.0
XR,Prades,2026-09-09,0.0
XS,Santa Coloma de Farners,2026-09-09,13.3
XT,Solsona,2026-09-09,0.1
XU,Canyelles,2026-09-09,5.6
XV,Sant Cugat del Vallès - CAR,2026-09-09,18.1
XX,Anglesola - Tornabous,2026-09-09,1.2
XY,Alcarràs,2026-09-09,0.0
XZ,Torroella de Fluvià,2026-09-09,6.6
Y4,Alinyà,2026-09-09,3.0
Y5,Navata,2026-09-09,11.8
Y6,Tivissa,2026-09-09,0.0
YA,Puigcerdà,2026-09-09,1.4
YB,Olot,2026-09-09,54.8
YC,la Pobla de Segur,2026-09-09,9.6
YD,les Borges Blanques,2026-09-09,0.0
YE,Massoteres,2026-09-09,0.0
YF,Miami Platja,2026-09-09,0.0
YG,Tírvia,2026-09-09,8.1
YH,Pujalt,2026-09-09,0.2
YJ,Lleida - la Femosa,2026-09-09,0.0
YK,Terrassa,2026-09-09,20.3
YL,Riudecanyes,2026-09-09,0.0
YM,Granollers,2026-09-09,4.5
YN,Vielha - Elipòrt,2026-09-09,6.3
YO,Sant Sadurní d'Anoia,2026-09-09,2.3
YP,Palafrugell,2026-09-09,1.3
YQ,Port de Barcelona - ZAL Prat,2026-09-09,26.5
YR,Vilanova i la Geltrú,2026-09-09,19.8
YS,Cabanes,2026-09-09,25.3
YT,Bonabé (1.691 m),2026-09-09,5.3
YU,Cantonigròs,2026-09-09,5.6
YV,Mataró,2026-09-09,7.3
YX,Batea,2026-09-09,0.0
YY,Viladecans - les Filipines,2026-09-09,25.4
Z1,Bonaigua (2.262 m),2026-09-09,11.7
Z2,Boí (2.537 m),2026-09-09,4.5
Z3,Malniu (2.229 m),2026-09-09,0.3
Z5,Certascan (2.398 m),2026-09-09,2.7
Z6,Sasseuva (2.226 m),2026-09-09,8.8
Z7,Espot (2.519 m),2026-09-09,1.4
Z9,Cadí Nord (2.145 m) - Prat d'Aguiló,2026-09-09,3.2
ZB,Salòria (2.451 m),2026-09-09,26.2
ZC,Ulldeter (2.413 m),2026-09-09,7.2
ZE,el Port del Comte (2.288 m),2026-09-09,11.0
C6,Castellnou de Seana,2026-09-10,0.0
C7,Tàrrega,2026-09-10,0.0
C8,Cervera,2026-09-10,0.0
C9,Mas de Barberans,2026-09-10,0.0
CC,Orís,2026-09-10,0.0
CD,la Seu d'Urgell - Bellestar,2026-09-10,0.0
CE,els Hostalets de Pierola,2026-09-10,0.0
CG,Molló - Fabert,2026-09-10,0.0
CI,Sant Pau de Segúries,2026-09-10,0.0
CJ,Organyà,2026-09-10,0.0
CL,Sant Salvador de Guardiola,2026-09-10,0.0
CP,Sant Romà d'Abella,2026-09-10,0.0
CQ,Vilanova de Meià,2026-09-10,0.0
CR,la Quar,2026-09-10,0.0
CT,el Pont de Suert,2026-09-10,0.0
CW,l'Espluga de Francolí,2026-09-10,0.0
CY,Muntanyola,2026-09-10,0.0
D1,Margalef,2026-09-10,0.0
D2,Vacarisses,2026-09-10,0.0
D3,Vallirana,2026-09-10,0.0
D4,Roses,2026-09-10,0.0
D5,Barcelona - Observatori Fabra,2026-09-10,0.0
D6,Portbou - coll dels Belitres,2026-09-10,0.0
D7,Vinebre,2026-09-10,0.0
D8,Horta de Sant Joan,2026-09-10,0.0
D9,el Vendrell,2026-09-10,0.0
DB,el Perelló,2026-09-10,0.0
DF,la Bisbal d'Empordà,2026-09-10,0.0
DG,Núria (1.971 m),2026-09-10,0.0
DI,Font-rubí,2026-09-10,0.0
DJ,Banyoles,2026-09-10,0.0
DK,Torredembarra,2026-09-10,0.0
DL,Illa de Buda,2026-09-10,0.0
DN,Anglès,2026-09-10,0.1
DO,Castell d'Aro,2026-09-10,0.0
DP,Das - Aeròdrom,2026-09-10,0.0
DQ,Vila-rodona,2026-09-10,0.0
H1,Òdena,2026-09-10,0.0
J5,Pantà de Darnius - Boadella,2026-09-10,0.0
KE,Pantà de Sau,2026-09-10,0.1
KP,Fogars de la Selva,2026-09-10,0.1
KX,la Roca del Vallès - ETAP Cardedeu,2026-09-10,0.0
M6,Sant Joan de les Abadesses,2026-09-10,0.0
MQ,Cardona,2026-09-10,0.0
MR,Pantà de Siurana,2026-09-10,0.0
MS,Castellar de n'Hug - el Clot del Moro,2026-09-10,0.0
MV,Guixers - Valls,2026-09-10,0.0
MW,Navès,2026-09-10,0.0
U2,Sant Pere Pescador,2026-09-10,0.0
U3,Sant Martí Sarroca,2026-09-10,0.0
U4,Castellnou de Bages,2026-09-10,0.0
U6,Vinyols i els Arcs - Cambrils,2026-09-10,0.0
U7,Aldover,2026-09-10,0.0
U9,l'Aldea,2026-09-10,0.0
UA,l'Ametlla de Mar,2026-09-10,0.0
UB,la Tallada d'Empordà,2026-09-10,0.0
UE,Torroella de Montgrí,2026-09-10,0.0
UF,PN del Garraf - el Rascler,2026-09-10,0.0
UH,el Montmell,2026-09-10,0.0
UI,Gisclareny,2026-09-10,0.0
UJ,Santa Coloma de Queralt,2026-09-10,0.0
UK,Sant Pere de Ribes - PN del Garraf,2026-09-10,0.1
UM,la Granadella,2026-09-10,0.0
UN,Cassà de la Selva,2026-09-10,0.0
UO,Fornells de la Selva,2026-09-10,0.1
UP,Cabrils,2026-09-10,0.0
UQ,Dosrius - PN Montnegre Corredor,2026-09-10,0.0
US,les Cases d'Alcanar,2026-09-10,0.0
UU,Amposta,2026-09-10,0.0
UW,els Alfacs,2026-09-10,0.0
UX,Ulldecona - els Valentins,2026-09-10,0.0
UY,Os de Balaguer - el Monestir d'Avellanes,2026-09-10,0.0
V1,Vallfogona de Balaguer,2026-09-10,0.0
V4,Montesquiu,2026-09-10,0.0
V5,Perafita,2026-09-10,0.1
V8,el Poal,2026-09-10,0.0
VA,Ascó,2026-09-10,0.0
VB,Benissanet,2026-09-10,0.0
VC,Pantà de Riba-roja,2026-09-10,0.0
VD,el Canós,2026-09-10,0.0
VH,Gimenells,2026-09-10,0.0
VK,Raimat,2026-09-10,0.0
VM,Vilanova de Segrià,2026-09-10,0.0
VO,Lladurs,2026-09-10,0.0
VP,Pinós,2026-09-10,0.0
VQ,Constantí,2026-09-10,0.0
VS,Lac Redon (2.245 m),2026-09-10,0.0
VU,Rellinars,2026-09-10,0.0
VV,Sant Llorenç Savall,2026-09-10,0.0
VX,Tagamanent - PN del Montseny,2026-09-10,0.0
VY,Nulles,2026-09-10,0.0
VZ,Espolla,2026-09-10,0.0
W1,Castelló d'Empúries,2026-09-10,0.0
W4,Vilafranca del Penedès - la Granada,2026-09-10,0.0
W5,Oliana,2026-09-10,0.0
W8,Blancafort,2026-09-10,0.0
W9,la Vall d'en Bas,2026-09-10,0.0
WA,Oliola,2026-09-10,0.0
WB,Albesa,2026-09-10,0.0
WC,Golmés,2026-09-10,0.0
WG,Algerri,2026-09-10,0.0
WI,Maials,2026-09-10,0.0
WJ,el Masroig,2026-09-10,0.0
WK,Alfarràs,2026-09-10,0.0
WL,Sant Martí de Riucorb,2026-09-10,0.0
WM,Santuari de Queralt,2026-09-10,0.0
WN,Montserrat - Sant Dimes,2026-09-10,0.0
WO,la Bisbal del Penedès,2026-09-10,0.0
WP,Canaletes,2026-09-10,0.0
WQ,Montsec d'Ares (1.571 m),2026-09-10,0.0
WR,Torroja del Priorat,2026-09-10,0.0
WS,Viladrau,2026-09-10,0.0
WT,Malgrat de Mar,2026-09-10,0.0
WU,Badalona - Museu,2026-09-10,0.0
WV,Guardiola de Berguedà,2026-09-10,0.2
WW,Artés,2026-09-10,0.0
WX,Camarasa,2026-09-10,0.0
WZ,Cunit,2026-09-10,0.0
X1,Falset,2026-09-10,0.0
X3,Alguaire,2026-09-10,0.0
X4,Barcelona - el Raval,2026-09-10,0.0
X5,PN dels Ports,2026-09-10,0.0
X6,Baldomar,2026-09-10,0.0
X7,Torres de Segre,2026-09-10,0.0
X8,Barcelona - Zona Universitària,2026-09-10,0.0
X9,Caldes de Montbui,2026-09-10,0.0
XA,la Panadella,2026-09-10,0.0
XB,la Llacuna,2026-09-10,0.0
XC,Castellbisbal,2026-09-10,0.0
XD,Ulldemolins,2026-09-10,0.0
XE,Tarragona - Complex Educatiu,2026-09-10,0.0
XF,Sabadell - Parc Agrari,2026-09-10,0.0
XG,Parets del Vallès,2026-09-10,0.0
XH,Sort,2026-09-10,0.0
XI,Mollerussa,2026-09-10,0.0
XJ,Girona,2026-09-10,0.0
XK,Puig Sesolles (1.666 m),2026-09-10,0.0
XL,el Prat de Llobregat,2026-09-10,0.0
XM,els Alamús,2026-09-10,0.0
XN,Seròs,2026-09-10,0.0
XO,Vic,2026-09-10,0.1
XP,Gandesa,2026-09-10,0.0
XQ,Tremp,2026-09-10,0.0
XR,Prades,2026-09-10,0.0
XS,Santa Coloma de Farners,2026-09-10,0.1
XT,Solsona,2026-09-10,0.0
XU,Canyelles,2026-09-10,0.1
XV,Sant Cugat del Vallès - CAR,2026-09-10,0.0
XX,Anglesola - Tornabous,2026-09-10,0.0
XY,Alcarràs,2026-09-10,0.0
XZ,Torroella de Fluvià,2026-09-10,0.0
Y4,Alinyà,2026-09-10,0.0
Y5,Navata,2026-09-10,0.0
Y6,Tivissa,2026-09-10,0.0
YA,Puigcerdà,2026-09-10,0.0
YB,Olot,2026-09-10,0.0
YC,la Pobla de Segur,2026-09-10,0.0
YD,les Borges Blanques,2026-09-10,0.0
YE,Massoteres,2026-09-10,0.0
YF,Miami Platja,2026-09-10,0.0
YG,Tírvia,2026-09-10,0.0
YH,Pujalt,2026-09-10,0.0
YJ,Lleida - la Femosa,2026-09-10,0.0
YK,Terrassa,2026-09-10,0.0
YL,Riudecanyes,2026-09-10,0.0
YM,Granollers,2026-09-10,0.0
YN,Vielha - Elipòrt,2026-09-10,0.0
YO,Sant Sadurní d'Anoia,2026-09-10,0.0
YP,Palafrugell,2026-09-10,0.0
YQ,Port de Barcelona - ZAL Prat,2026-09-10,0.0
YR,Vilanova i la Geltrú,2026-09-10,0.0
YS,Cabanes,2026-09-10,0.0
YT,Bonabé (1.691 m),2026-09-10,0.0
YU,Cantonigròs,2026-09-10,0.0
YV,Mataró,2026-09-10,0.0
YX,Batea,2026-09-10,0.0
YY,Viladecans - les Filipines,2026-09-10,0.0
Z1,Bonaigua (2.262 m),2026-09-10,0.0
Z2,Boí (2.537 m),2026-09-10,0.0
Z3,Malniu (2.229 m),2026-09-10,0.0
Z5,Certascan (2.398 m),2026-09-10,0.0
Z6,Sasseuva (2.226 m),2026-09-10,0.0
Z7,Espot (2.519 m),2026-09-10,0.0
Z9,Cadí Nord (2.145 m) - Prat d'Aguiló,2026-09-10,0.0
ZB,Salòria (2.451 m),2026-09-10,0.0
ZC,Ulldeter (2.413 m),2026-09-10,0.0
ZE,el Port del Comte (2.288 m),2026-09-10,0.0
C6,Castellnou de Seana,2026-09-11,0.0
C7,Tàrrega,2026-09-11,0.0
C8,Cervera,2026-09-11,0.0
C9,Mas de Barberans,2026-09-11,0.0
CC,Orís,2026-09-11,0.0
CD,la Seu d'Urgell - Bellestar,2026-09-11,0.0
CE,els Hostalets de Pierola,2026-09-11,0.0
CG,Molló - Fabert,2026-09-11,0.0
CI,Sant Pau de Segúries,2026-09-11,0.0
CJ,Organyà,2026-09-11,0.0
CL,Sant Salvador de Guardiola,2026-09-11,0.0
CP,Sant Romà d'Abella,2026-09-11,0.0
CQ,Vilanova de Meià,2026-09-11,0.0
CR,la Quar,2026-09-11,0.0
CT,el Pont de Suert,2026-09-11,0.0
CW,l'Espluga de Francolí,2026-09-11,0.0
CY,Muntanyola,2026-09-11,0.0
D1,Margalef,2026-09-11,0.0
D2,Vacarisses,2026-09-11,0.0
D3,Vallirana,2026-09-11,0.0
D4,Roses,2026-09-11,0.0
D5,Barcelona - Observatori Fabra,2026-09-11,0.0
D6,Portbou - coll dels Belitres,2026-09-11,0.0
D7,Vinebre,2026-09-11,0.0
D8,Horta de Sant Joan,2026-09-11,0.0
D9,el Vendrell,2026-09-11,0.0
DB,el Perelló,2026-09-11,0.0
DF,la Bisbal d'Empordà,2026-09-11,0.0
DG,Núria (1.971 m),2026-09-11,0.0
DI,Font-rubí,2026-09-11,0.0
DJ,Banyoles,2026-09-11,0.0
DK,Torredembarra,2026-09-11,0.0
DL,Illa de Buda,2026-09-11,0.0
DN,Anglès,2026-09-11,0.0
DO,Castell d'Aro,2026-09-11,0.0
DP,Das - Aeròdrom,2026-09-11,0.0
DQ,Vila-rodona,2026-09-11,0.0
H1,Òdena,2026-09-11,0.0
J5,Pantà de Darnius - Boadella,2026-09-11,0.0
KE,Pantà de Sau,2026-09-11,0.0
KP,Fogars de la Selva,2026-09-11,0.0
KX,la Roca del Vallès - ETAP Cardedeu,2026-09-11,0.0
M6,Sant Joan de les Abadesses,2026-09-11,0.0
MQ,Cardona,2026-09-11,0.0
MR,Pantà de Siurana,2026-09-11,0.0
MS,Castellar de n'Hug - el Clot del Moro,2026-09-11,0.0
MV,Guixers - Valls,2026-09-11,0.0
MW,Navès,2026-09-11,0.0
U2,Sant Pere Pescador,2026-09-11,0.0
U3,Sant Martí Sarroca,2026-09-11,0.0
U4,Castellnou de Bages,2026-09-11,0.0
U6,Vinyols i els Arcs - Cambrils,2026-09-11,0.0
U7,Aldover,2026-09-11,0.0
U9,l'Aldea,2026-09-11,0.0
UA,l'Ametlla de Mar,2026-09-11,0.0
UB,la Tallada d'Empordà,2026-09-11,0.0
UE,Torroella de Montgrí,2026-09-11,0.0
UF,PN del Garraf - el Rascler,2026-09-11,0.0
UH,el Montmell,2026-09-11,0.0
UI,Gisclareny,2026-09-11,0.0
UJ,Santa Coloma de Queralt,2026-09-11,0.0
UK,Sant Pere de Ribes - PN del Garraf,2026-09-11,0.0
UM,la Granadella,2026-09-11,0.0
UN,Cassà de la Selva,2026-09-11,0.0
UO,Fornells de la Selva,2026-09-11,0.0
UP,Cabrils,2026-09-11,0.0
UQ,Dosrius - PN Montnegre Corredor,2026-09-11,0.0
US,les Cases d'Alcanar,2026-09-11,0.0
UU,Amposta,2026-09-11,0.0
UW,els Alfacs,2026-09-11,0.0
UX,Ulldecona - els Valentins,2026-09-11,0.0
UY,Os de Balaguer - el Monestir d'Avellanes,2026-09-11,0.0
V1,Vallfogona de Balaguer,2026-09-11,0.0
V4,Montesquiu,2026-09-11,0.0
V5,Perafita,2026-09-11,0.0
V8,el Poal,2026-09-11,0.0
VA,Ascó,2026-09-11,0.0
VB,Benissanet,2026-09-11,0.0
VC,Pantà de Riba-roja,2026-09-11,0.0
VD,el Canós,2026-09-11,0.0
VH,Gimenells,2026-09-11,0.0
VK,Raimat,2026-09-11,0.0
VM,Vilanova de Segrià,2026-09-11,0.0
VO,Lladurs,2026-09-11,0.0
VP,Pinós,2026-09-11,0.0
VQ,Constantí,2026-09-11,0.0
VS,Lac Redon (2.245 m),2026-09-11,0.0
VU,Rellinars,2026-09-11,0.0
VV,Sant Llorenç Savall,2026-09-11,0.0
VX,Tagamanent - PN del Montseny,2026-09-11,0.0
VY,Nulles,2026-09-11,0.0
VZ,Espolla,2026-09-11,0.0
W1,Castelló d'Empúries,2026-09-11,0.0
W4,Vilafranca del Penedès - la Granada,2026-09-11,0.0
W5,Oliana,2026-09-11,0.0
W8,Blancafort,2026-09-11,0.0
W9,la Vall d'en Bas,2026-09-11,0.0
WA,Oliola,2026-09-11,0.0
WB,Albesa,2026-09-11,0.0
WC,Golmés,2026-09-11,0.0
WG,Algerri,2026-09-11,0.0
WI,Maials,2026-09-11,0.0
WJ,el Masroig,2026-09-11,0.0
WK,Alfarràs,2026-09-11,0.0
WL,Sant Martí de Riucorb,2026-09-11,0.0
WM,Santuari de Queralt,2026-09-11,0.0
WN,Montserrat - Sant Dimes,2026-09-11,0.0
WO,la Bisbal del Penedès,2026-09-11,0.0
WP,Canaletes,2026-09-11,0.0
WQ,Montsec d'Ares (1.571 m),2026-09-11,0.0
WR,Torroja del Priorat,2026-09-11,0.0
WS,Viladrau,2026-09-11,0.0
WT,Malgrat de Mar,2026-09-11,0.0
WU,Badalona - Museu,2026-09-11,0.0
WV,Guardiola de Berguedà,2026-09-11,0.1
WW,Artés,2026-09-11,0.0
WX,Camarasa,2026-09-11,0.0
WZ,Cunit,2026-09-11,0.0
X1,Falset,2026-09-11,0.0
X3,Alguaire,2026-09-11,0.0
X4,Barcelona - el Raval,2026-09-11,0.0
X5,PN dels Ports,2026-09-11,0.0
X6,Baldomar,2026-09-11,0.0
X7,Torres de Segre,2026-09-11,0.0
X8,Barcelona - Zona Universitària,2026-09-11,0.0
X9,Caldes de Montbui,2026-09-11,0.0
XA,la Panadella,2026-09-11,0.0
XB,la Llacuna,2026-09-11,0.0
XC,Castellbisbal,2026-09-11,0.0
XD,Ulldemolins,2026-09-11,0.0
XE,Tarragona - Complex Educatiu,2026-09-11,0.0
XF,Sabadell - Parc Agrari,2026-09-11,0.0
XG,Parets del Vallès,2026-09-11,0.0
XH,Sort,2026-09-11,0.0
XI,Mollerussa,2026-09-11,0.0
XJ,Girona,2026-09-11,0.0
XK,Puig Sesolles (1.666 m),2026-09-11,0.0
XL,el Prat de Llobregat,2026-09-11,0.0
XM,els Alamús,2026-09-11,0.0
XN,Seròs,2026-09-11,0.0
XO,Vic,2026-09-11,0.0
XP,Gandesa,2026-09-11,0.0
XQ,Tremp,2026-09-11,0.0
XR,Prades,2026-09-11,0.0
XS,Santa Coloma de Farners,2026-09-11,0.0
XT,Solsona,2026-09-11,0.0
XU,Canyelles,2026-09-11,0.0
XV,Sant Cugat del Vallès - CAR,2026-09-11,0.0
XX,Anglesola - Tornabous,2026-09-11,0.0
XY,Alcarràs,2026-09-11,0.0
XZ,Torroella de Fluvià,2026-09-11,0.0
Y4,Alinyà,2026-09-11,0.0
Y5,Navata,2026-09-11,0.0
Y6,Tivissa,2026-09-11,0.0
YA,Puigcerdà,2026-09-11,0.0
YB,Olot,2026-09-11,0.0
YC,la Pobla de Segur,2026-09-11,0.0
YD,les Borges Blanques,2026-09-11,0.0
YE,Massoteres,2026-09-11,0.0
YF,Miami Platja,2026-09-11,0.0
YG,Tírvia,2026-09-11,0.0
YH,Pujalt,2026-09-11,0.0
YJ,Lleida - la Femosa,2026-09-11,0.0
YK,Terrassa,2026-09-11,0.0
YL,Riudecanyes,2026-09-11,0.0
YM,Granollers,2026-09-11,0.0
YN,Vielha - Elipòrt,2026-09-11,0.0
YO,Sant Sadurní d'Anoia,2026-09-11,0.0
YP,Palafrugell,2026-09-11,0.0
YQ,Port de Barcelona - ZAL Prat,2026-09-11,0.0
YR,Vilanova i la Geltrú,2026-09-11,0.0
YS,Cabanes,2026-09-11,0.0
YT,Bonabé (1.691 m),2026-09-11,0.0
YU,Cantonigròs,2026-09-11,0.0
YV,Mataró,2026-09-11,0.0
YX,Batea,2026-09-11,0.0
YY,Viladecans - les Filipines,2026-09-11,0.0
Z1,Bonaigua (2.262 m),2026-09-11,0.0
Z2,Boí (2.537 m),2026-09-11,0.0
Z3,Malniu (2.229 m),2026-09-11,0.0
Z5,Certascan (2.398 m),2026-09-11,0.0
Z6,Sasseuva (2.226 m),2026-09-11,0.0
Z7,Espot (2.519 m),2026-09-11,0.0
Z9,Cadí Nord (2.145 m) - Prat d'Aguiló,2026-09-11,0.0
ZB,Salòria (2.451 m),2026-09-11,0.0
ZC,Ulldeter (2.413 m),2026-09-11,0.0
ZE,el Port del Comte (2.288 m),2026-09-11,0.0
C6,Castellnou de Seana,2026-09-12,0.0
C7,Tàrrega,2026-09-12,0.0
C8,Cervera,2026-09-12,0.0
C9,Mas de Barberans,2026-09-12,0.0
CC,Orís,2026-09-12,0.0
CD,la Seu d'Urgell - Bellestar,2026-09-12,0.0
CE,els Hostalets de Pierola,2026-09-12,0.0
CG,Molló - Fabert,2026-09-12,0.0
CI,Sant Pau de Segúries,2026-09-12,0.0
CJ,Organyà,2026-09-12,0.0
CL,Sant Salvador de Guardiola,2026-09-12,0.0
CP,Sant Romà d'Abella,2026-09-12,0.0
CQ,Vilanova de Meià,2026-09-12,0.0
CR,la Quar,2026-09-12,0.0
CT,el Pont de Suert,2026-09-12,0.1
CW,l'Espluga de Francolí,2026-09-12,0.0
CY,Muntanyola,2026-09-12,0.0
D1,Margalef,2026-09-12,0.0
D2,Vacarisses,2026-09-12,0.0
D3,Vallirana,2026-09-12,0.0
D4,Roses,2026-09-12,0.0
D5,Barcelona - Observatori Fabra,2026-09-12,0.0
D6,Portbou - coll dels Belitres,2026-09-12,0.0
D7,Vinebre,2026-09-12,0.0
D8,Horta de Sant Joan,2026-09-12,0.0
D9,el Vendrell,2026-09-12,0.0
DB,el Perelló,2026-09-12,0.0
DF,la Bisbal d'Empordà,2026-09-12,0.0
DG,Núria (1.971 m),2026-09-12,0.0
DI,Font-rubí,2026-09-12,0.1
DJ,Banyoles,2026-09-12,0.0
DK,Torredembarra,2026-09-12,0.0
DL,Illa de Buda,2026-09-12,0.0
DN,Anglès,2026-09-12,0.0
DO,Castell d'Aro,2026-09-12,0.0
DP,Das - Aeròdrom,2026-09-12,0.0
DQ,Vila-rodona,2026-09-12,0.0
H1,Òdena,2026-09-12,0.0
J5,Pantà de Darnius - Boadella,2026-09-12,0.0
KE,Pantà de Sau,2026-09-12,0.0
KP,Fogars de la Selva,2026-09-12,0.0
KX,la Roca del Vallès - ETAP Cardedeu,2026-09-12,0.0
M6,Sant Joan de les Abadesses,2026-09-12,0.0
MQ,Cardona,2026-09-12,0.0
MR,Pantà de Siurana,2026-09-12,0.0
MS,Castellar de n'Hug - el Clot del Moro,2026-09-12,0.0
MV,Guixers - Valls,2026-09-12,0.0
MW,Navès,2026-09-12,0.0
U2,Sant Pere Pescador,2026-09-12,0.0
U3,Sant Martí Sarroca,2026-09-12,0.0
U4,Castellnou de Bages,2026-09-12,0.0
U6,Vinyols i els Arcs - Cambrils,2026-09-12,0.0
U7,Aldover,2026-09-12,0.0
U9,l'Aldea,2026-09-12,0.0
UA,l'Ametlla de Mar,2026-09-12,0.0
UB,la Tallada d'Empordà,2026-09-12,0.0
UE,Torroella de Montgrí,2026-09-12,0.0
UF,PN del Garraf - el Rascler,2026-09-12,0.0
UH,el Montmell,2026-09-12,0.1
UI,Gisclareny,2026-09-12,0.0
UJ,Santa Coloma de Queralt,2026-09-12,0.1
UK,Sant Pere de Ribes - PN del Garraf,2026-09-12,0.0
UM,la Granadella,2026-09-12,0.0
UN,Cassà de la Selva,2026-09-12,0.0
UO,Fornells de la Selva,2026-09-12,0.0
UP,Cabrils,2026-09-12,0.0
UQ,Dosrius - PN Montnegre Corredor,2026-09-12,0.0
US,les Cases d'Alcanar,2026-09-12,0.0
UU,Amposta,2026-09-12,0.0
UW,els Alfacs,2026-09-12,0.0
UX,Ulldecona - els Valentins,2026-09-12,0.0
UY,Os de Balaguer - el Monestir d'Avellanes,2026-09-12,0.0
V1,Vallfogona de Balaguer,2026-09-12,0.0
V4,Montesquiu,2026-09-12,0.0
V5,Perafita,2026-09-12,0.0
V8,el Poal,2026-09-12,0.0
VA,Ascó,2026-09-12,0.0
VB,Benissanet,2026-09-12,0.0
VC,Pantà de Riba-roja,2026-09-12,0.0
VD,el Canós,2026-09-12,0.1
VH,Gimenells,2026-09-12,0.0
VK,Raimat,2026-09-12,0.0
VM,Vilanova de Segrià,2026-09-12,0.0
VO,Lladurs,2026-09-12,0.0
VP,Pinós,2026-09-12,0.1
VQ,Constantí,2026-09-12,0.0
VS,Lac Redon (2.245 m),2026-09-12,0.0
VU,Rellinars,2026-09-12,0.0
VV,Sant Llorenç Savall,2026-09-12,0.0
VX,Tagamanent - PN del Montseny,2026-09-12,0.1
VY,Nulles,2026-09-12,0.0
VZ,Espolla,2026-09-12,0.0
W1,Castelló d'Empúries,2026-09-12,0.0
W4,Vilafranca del Penedès - la Granada,2026-09-12,0.0
W5,Oliana,2026-09-12,0.0
W8,Blancafort,2026-09-12,0.0
W9,la Vall d'en Bas,2026-09-12,0.0
WA,Oliola,2026-09-12,0.0
WB,Albesa,2026-09-12,0.0
WC,Golmés,2026-09-12,0.0
WG,Algerri,2026-09-12,0.0
WI,Maials,2026-09-12,0.0
WJ,el Masroig,2026-09-12,0.0
WK,Alfarràs,2026-09-12,0.0
WL,Sant Martí de Riucorb,2026-09-12,0.0
WM,Santuari de Queralt,2026-09-12,0.0
WN,Montserrat - Sant Dimes,2026-09-12,0.0
WO,la Bisbal del Penedès,2026-09-12,0.0
WP,Canaletes,2026-09-12,0.0
WQ,Montsec d'Ares (1.571 m),2026-09-12,0.0
WR,Torroja del Priorat,2026-09-12,0.0
WS,Viladrau,2026-09-12,0.0
WT,Malgrat de Mar,2026-09-12,0.0
WU,Badalona - Museu,2026-09-12,0.0
WV,Guardiola de Berguedà,2026-09-12,0.0
WW,Artés,2026-09-12,0.0
WX,Camarasa,2026-09-12,0.0
WZ,Cunit,2026-09-12,0.0
X1,Falset,2026-09-12,0.0
X3,Alguaire,2026-09-12,0.0
X4,Barcelona - el Raval,2026-09-12,0.0
X5,PN dels Ports,2026-09-12,0.0
X6,Baldomar,2026-09-12,0.0
X7,Torres de Segre,2026-09-12,0.0
X8,Barcelona - Zona Universitària,2026-09-12,0.0
X9,Caldes de Montbui,2026-09-12,0.0
XA,la Panadella,2026-09-12,0.3
XB,la Llacuna,2026-09-12,0.1
XC,Castellbisbal,2026-09-12,0.0
XD,Ulldemolins,2026-09-12,0.0
XE,Tarragona - Complex Educatiu,2026-09-12,0.0
XF,Sabadell - Parc Agrari,2026-09-12,0.0
XG,Parets del Vallès,2026-09-12,0.0
XH,Sort,2026-09-12,0.0
XI,Mollerussa,2026-09-12,0.1
XJ,Girona,2026-09-12,0.1
XK,Puig Sesolles (1.666 m),2026-09-12,0.0
XL,el Prat de Llobregat,2026-09-12,0.0
XM,els Alamús,2026-09-12,0.0
XN,Seròs,2026-09-12,0.0
XO,Vic,2026-09-12,0.0
XP,Gandesa,2026-09-12,0.0
XQ,Tremp,2026-09-12,0.0
XR,Prades,2026-09-12,0.1
XS,Santa Coloma de Farners,2026-09-12,0.0
XT,Solsona,2026-09-12,0.0
XU,Canyelles,2026-09-12,0.0
XV,Sant Cugat del Vallès - CAR,2026-09-12,0.0
XX,Anglesola - Tornabous,2026-09-12,0.0
XY,Alcarràs,2026-09-12,0.0
XZ,Torroella de Fluvià,2026-09-12,0.0
Y4,Alinyà,2026-09-12,0.0
Y5,Navata,2026-09-12,0.0
Y6,Tivissa,2026-09-12,0.0
YA,Puigcerdà,2026-09-12,0.0
YB,Olot,2026-09-12,0.0
YC,la Pobla de Segur,2026-09-12,0.0
YD,les Borges Blanques,2026-09-12,0.0
YE,Massoteres,2026-09-12,0.0
YF,Miami Platja,2026-09-12,0.0
YG,Tírvia,2026-09-12,0.0
YH,Pujalt,2026-09-12,0.1
YJ,Lleida - la Femosa,2026-09-12,0.0
YK,Terrassa,2026-09-12,0.0
YL,Riudecanyes,2026-09-12,0.0
YM,Granollers,2026-09-12,0.0
YN,Vielha - Elipòrt,2026-09-12,0.0
YO,Sant Sadurní d'Anoia,2026-09-12,0.0
YP,Palafrugell,2026-09-12,0.0
YQ,Port de Barcelona - ZAL Prat,2026-09-12,0.0
YR,Vilanova i la Geltrú,2026-09-12,0.0
YS,Cabanes,2026-09-12,0.0
YT,Bonabé (1.691 m),2026-09-12,0.0
YU,Cantonigròs,2026-09-12,0.0
YV,Mataró,2026-09-12,0.0
YX,Batea,2026-09-12,0.0
YY,Viladecans - les Filipines,2026-09-12,0.0
Z1,Bonaigua (2.262 m),2026-09-12,0.0
Z2,Boí (2.537 m),2026-09-12,0.0
Z3,Malniu (2.229 m),2026-09-12,0.0
Z5,Certascan (2.398 m),2026-09-12,0.0
Z6,Sasseuva (2.226 m),2026-09-12,0.0
Z7,Espot (2.519 m),2026-09-12,0.0
Z9,Cadí Nord (2.145 m) - Prat d'Aguiló,2026-09-12,0.0
ZB,Salòria (2.451 m),2026-09-12,0.0
ZC,Ulldeter (2.413 m),2026-09-12,0.0
ZE,el Port del Comte (2.288 m),2026-09-12,0.0
C6,Castellnou de Seana,2026-09-13,0.0
C7,Tàrrega,2026-09-13,0.0
C8,Cervera,2026-09-13,0.0
C9,Mas de Barberans,2026-09-13,0.0
CC,Orís,2026-09-13,0.0
CD,la Seu d'Urgell - Bellestar,2026-09-13,0.0
CE,els Hostalets de Pierola,2026-09-13,0.0
CG,Molló - Fabert,2026-09-13,0.0
CI,Sant Pau de Segúries,2026-09-13,0.0
CJ,Organyà,2026-09-13,0.0
CL,Sant Salvador de Guardiola,2026-09-13,0.0
CP,Sant Romà d'Abella,2026-09-13,0.0
CQ,Vilanova de Meià,2026-09-13,0.0
CR,la Quar,2026-09-13,0.0
CT,el Pont de Suert,2026-09-13,0.0
CW,l'Espluga de Francolí,2026-09-13,0.0
CY,Muntanyola,2026-09-13,0.0
D1,Margalef,2026-09-13,0.0
D2,Vacarisses,2026-09-13,0.0
D3,Vallirana,2026-09-13,0.0
D4,Roses,2026-09-13,0.0
D5,Barcelona - Observatori Fabra,2026-09-13,0.0
D6,Portbou - coll dels Belitres,2026-09-13,0.0
D7,Vinebre,2026-09-13,0.0
D8,Horta de Sant Joan,2026-09-13,0.0
D9,el Vendrell,2026-09-13,0.0
DB,el Perelló,2026-09-13,0.0
DF,la Bisbal d'Empordà,2026-09-13,0.0
DG,Núria (1.971 m),2026-09-13,0.0
DI,Font-rubí,2026-09-13,0.0
DJ,Banyoles,2026-09-13,0.0
DK,Torredembarra,2026-09-13,0.0
DL,Illa de Buda,2026-09-13,0.0
DN,Anglès,2026-09-13,0.0
DO,Castell d'Aro,2026-09-13,0.0
DP,Das - Aeròdrom,2026-09-13,0.0
DQ,Vila-rodona,2026-09-13,0.0
H1,Òdena,2026-09-13,0.0
J5,Pantà de Darnius - Boadella,2026-09-13,0.0
KE,Pantà de Sau,2026-09-13,0.0
KP,Fogars de la Selva,2026-09-13,0.0
KX,la Roca del Vallès - ETAP Cardedeu,2026-09-13,0.0
M6,Sant Joan de les Abadesses,2026-09-13,0.0
MQ,Cardona,2026-09-13,0.0
MR,Pantà de Siurana,2026-09-13,0.0
MS,Castellar de n'Hug - el Clot del Moro,2026-09-13,0.0
MV,Guixers - Valls,2026-09-13,0.0
MW,Navès,2026-09-13,0.0
U2,Sant Pere Pescador,2026-09-13,0.0
U3,Sant Martí Sarroca,2026-09-13,0.0
U4,Castellnou de Bages,2026-09-13,0.0
U6,Vinyols i els Arcs - Cambrils,2026-09-13,0.0
U7,Aldover,2026-09-13,0.0
U9,l'Aldea,2026-09-13,0.0
UA,l'Ametlla de Mar,2026-09-13,0.0
UB,la Tallada d'Empordà,2026-09-13,0.0
UE,Torroella de Montgrí,2026-09-13,0.0
UF,PN del Garraf - el Rascler,2026-09-13,0.0
UH,el Montmell,2026-09-13,0.0
UI,Gisclareny,2026-09-13,0.0
UJ,Santa Coloma de Queralt,2026-09-13,0.2
UK,Sant Pere de Ribes - PN del Garraf,2026-09-13,0.0
UM,la Granadella,2026-09-13,0.0
UN,Cassà de la Selva,2026-09-13,0.0
UO,Fornells de la Selva,2026-09-13,0.0
UP,Cabrils,2026-09-13,0.0
UQ,Dosrius - PN Montnegre Corredor,2026-09-13,0.0
US,les Cases d'Alcanar,2026-09-13,0.0
UU,Amposta,2026-09-13,0.0
UW,els Alfacs,2026-09-13,0.0
UX,Ulldecona - els Valentins,2026-09-13,0.0
UY,Os de Balaguer - el Monestir d'Avellanes,2026-09-13,0.0
V1,Vallfogona de Balaguer,2026-09-13,0.0
V4,Montesquiu,2026-09-13,0.0
V5,Perafita,2026-09-13,0.0
V8,el Poal,2026-09-13,0.0
VA,Ascó,2026-09-13,0.0
VB,Benissanet,2026-09-13,0.0
VC,Pantà de Riba-roja,2026-09-13,0.0
VD,el Canós,2026-09-13,0.0
VH,Gimenells,2026-09-13,0.0
VK,Raimat,2026-09-13,0.0
VM,Vilanova de Segrià,2026-09-13,0.0
VO,Lladurs,2026-09-13,0.0
VP,Pinós,2026-09-13,0.1
VQ,Constantí,2026-09-13,0.0
VS,Lac Redon (2.245 m),2026-09-13,0.0
VU,Rellinars,2026-09-13,0.0
VV,Sant Llorenç Savall,2026-09-13,0.0
VX,Tagamanent - PN del Montseny,2026-09-13,0.0
VY,Nulles,2026-09-13,0.0
VZ,Espolla,2026-09-13,0.0
W1,Castelló d'Empúries,2026-09-13,0.0
W4,Vilafranca del Penedès - la Granada,2026-09-13,0.0
W5,Oliana,2026-09-13,0.0
W8,Blancafort,2026-09-13,0.0
W9,la Vall d'en Bas,2026-09-13,0.0
WA,Oliola,2026-09-13,0.0
WB,Albesa,2026-09-13,0.0
WC,Golmés,2026-09-13,0.0
WG,Algerri,2026-09-13,0.0
WI,Maials,2026-09-13,0.0
WJ,el Masroig,2026-09-13,0.0
WK,Alfarràs,2026-09-13,0.0
WL,Sant Martí de Riucorb,2026-09-13,0.0
WM,Santuari de Queralt,2026-09-13,0.0
WN,Montserrat - Sant Dimes,2026-09-13,0.0
WO,la Bisbal del Penedès,2026-09-13,0.0
WP,Canaletes,2026-09-13,0.0
WQ,Montsec d'Ares (1.571 m),2026-09-13,0.0
WR,Torroja del Priorat,2026-09-13,0.0
WS,Viladrau,2026-09-13,0.0
WT,Malgrat de Mar,2026-09-13,0.0
WU,Badalona - Museu,2026-09-13,0.0
WV,Guardiola de Berguedà,2026-09-13,0.0
WW,Artés,2026-09-13,0.0
WX,Camarasa,2026-09-13,0.0
WZ,Cunit,2026-09-13,0.0
X1,Falset,2026-09-13,0.0
X3,Alguaire,2026-09-13,0.0
X4,Barcelona - el Raval,2026-09-13,0.0
X5,PN dels Ports,2026-09-13,0.0
X6,Baldomar,2026-09-13,0.0
X7,Torres de Segre,2026-09-13,0.0
X8,Barcelona - Zona Universitària,2026-09-13,0.0
X9,Caldes de Montbui,2026-09-13,0.0
XA,la Panadella,2026-09-13,0.0
XB,la Llacuna,2026-09-13,0.0
XC,Castellbisbal,2026-09-13,0.0
XD,Ulldemolins,2026-09-13,0.0
XE,Tarragona - Complex Educatiu,2026-09-13,0.0
XF,Sabadell - Parc Agrari,2026-09-13,0.0
XG,Parets del Vallès,2026-09-13,0.0
XH,Sort,2026-09-13,0.0
XI,Mollerussa,2026-09-13,0.0
XJ,Girona,2026-09-13,0.0
XK,Puig Sesolles (1.666 m),2026-09-13,0.0
XL,el Prat de Llobregat,2026-09-13,0.0
XM,els Alamús,2026-09-13,0.0
XN,Seròs,2026-09-13,0.0
XO,Vic,2026-09-13,0.0
XP,Gandesa,2026-09-13,0.0
XQ,Tremp,2026-09-13,0.0
XR,Prades,2026-09-13,0.0
XS,Santa Coloma de Farners,2026-09-13,0.0
XT,Solsona,2026-09-13,0.0
XU,Canyelles,2026-09-13,0.0
XV,Sant Cugat del Vallès - CAR,2026-09-13,0.0
XX,Anglesola - Tornabous,2026-09-13,0.0
XY,Alcarràs,2026-09-13,0.0
XZ,Torroella de Fluvià,2026-09-13,0.0
Y4,Alinyà,2026-09-13,0.0
Y5,Navata,2026-09-13,0.0
Y6,Tivissa,2026-09-13,0.0
YA,Puigcerdà,2026-09-13,0.0
YB,Olot,2026-09-13,0.0
YC,la Pobla de Segur,2026-09-13,0.0
YD,les Borges Blanques,2026-09-13,0.0
YE,Massoteres,2026-09-13,0.0
YF,Miami Platja,2026-09-13,0.0
YG,Tírvia,2026-09-13,0.0
YH,Pujalt,2026-09-13,0.0
YJ,Lleida - la Femosa,2026-09-13,0.0
YK,Terrassa,2026-09-13,0.0
YL,Riudecanyes,2026-09-13,0.0
YM,Granollers,2026-09-13,0.0
YN,Vielha - Elipòrt,2026-09-13,0.0
YO,Sant Sadurní d'Anoia,2026-09-13,0.0
YP,Palafrugell,2026-09-13,0.0
YQ,Port de Barcelona - ZAL Prat,2026-09-13,0.0
YR,Vilanova i la Geltrú,2026-09-13,0.0
YS,Cabanes,2026-09-13,0.0
YT,Bonabé (1.691 m),2026-09-13,0.0
YU,Cantonigròs,2026-09-13,0.0
YV,Mataró,2026-09-13,0.0
YX,Batea,2026-09-13,0.0
YY,Viladecans - les Filipines,2026-09-13,0.0
Z1,Bonaigua (2.262 m),2026-09-13,0.0
Z2,Boí (2.537 m),2026-09-13,0.0
Z3,Malniu (2.229 m),2026-09-13,0.0
Z5,Certascan (2.398 m),2026-09-13,0.0
Z6,Sasseuva (2.226 m),2026-09-13,0.0
Z7,Espot (2.519 m),2026-09-13,0.0
Z9,Cadí Nord (2.145 m) - Prat d'Aguiló,2026-09-13,0.0
ZB,Salòria (2.451 m),2026-09-13,0.0
ZC,Ulldeter (2.413 m),2026-09-13,0.0
ZE,el Port del Comte (2.288 m),2026-09-13,0.0
C6,Castellnou de Seana,2026-09-14,0.0
C7,Tàrrega,2026-09-14,0.0
C8,Cervera,2026-09-14,0.0
C9,Mas de Barberans,2026-09-14,0.0
CC,Orís,2026-09-14,0.0
CD,la Seu d'Urgell - Bellestar,2026-09-14,0.0
CE,els Hostalets de Pierola,2026-09-14,0.0
CG,Molló - Fabert,2026-09-14,0.0
CI,Sant Pau de Segúries,2026-09-14,0.0
CJ,Organyà,2026-09-14,0.0
CL,Sant Salvador de Guardiola,2026-09-14,0.0
CP,Sant Romà d'Abella,2026-09-14,0.0
CQ,Vilanova de Meià,2026-09-14,0.0
CR,la Quar,2026-09-14,0.0
CT,el Pont de Suert,2026-09-14,0.0
CW,l'Espluga de Francolí,2026-09-14,0.0
CY,Muntanyola,2026-09-14,0.0
D1,Margalef,2026-09-14,0.0
D2,Vacarisses,2026-09-14,0.0
D3,Vallirana,2026-09-14,0.0
D4,Roses,2026-09-14,0.0
D5,Barcelona - Observatori Fabra,2026-09-14,0.0
D6,Portbou - coll dels Belitres,2026-09-14,0.0
D7,Vinebre,2026-09-14,0.0
D8,Horta de Sant Joan,2026-09-14,0.0
D9,el Vendrell,2026-09-14,0.0
DB,el Perelló,2026-09-14,0.0
DF,la Bisbal d'Empordà,2026-09-14,0.0
DG,Núria (1.971 m),2026-09-14,0.0
DI,Font-rubí,2026-09-14,0.0
DJ,Banyoles,2026-09-14,0.0
DK,Torredembarra,2026-09-14,0.0
DL,Illa de Buda,2026-09-14,0.0
DN,Anglès,2026-09-14,0.0
DO,Castell d'Aro,2026-09-14,0.0
DP,Das - Aeròdrom,2026-09-14,0.0
DQ,Vila-rodona,2026-09-14,0.0
H1,Òdena,2026-09-14,0.0
J5,Pantà de Darnius - Boadella,2026-09-14,0.0
KE,Pantà de Sau,2026-09-14,0.0
KP,Fogars de la Selva,2026-09-14,0.0
KX,la Roca del Vallès - ETAP Cardedeu,2026-09-14,0.0
M6,Sant Joan de les Abadesses,2026-09-14,0.0
MQ,Cardona,2026-09-14,0.0
MR,Pantà de Siurana,2026-09-14,0.0
MS,Castellar de n'Hug - el Clot del Moro,2026-09-14,0.0
MV,Guixers - Valls,2026-09-14,0.0
MW,Navès,2026-09-14,0.0
U2,Sant Pere Pescador,2026-09-14,0.0
U3,Sant Martí Sarroca,2026-09-14,0.0
U4,Castellnou de Bages,2026-09-14,0.0
U6,Vinyols i els Arcs - Cambrils,2026-09-14,0.0
U7,Aldover,2026-09-14,0.0
U9,l'Aldea,2026-09-14,0.0
UA,l'Ametlla de Mar,2026-09-14,0.0
UB,la Tallada d'Empordà,2026-09-14,0.0
UE,Torroella de Montgrí,2026-09-14,0.0
UF,PN del Garraf - el Rascler,2026-09-14,0.0
UH,el Montmell,2026-09-14,0.0
UI,Gisclareny,2026-09-14,0.0
UJ,Santa Coloma de Queralt,2026-09-14,0.0
UK,Sant Pere de Ribes - PN del Garraf,2026-09-14,0.0
UM,la Granadella,2026-09-14,0.0
UN,Cassà de la Selva,2026-09-14,0.0
UO,Fornells de la Selva,2026-09-14,0.0
UP,Cabrils,2026-09-14,0.0
UQ,Dosrius - PN Montnegre Corredor,2026-09-14,0.0
US,les Cases d'Alcanar,2026-09-14,0.0
UU,Amposta,2026-09-14,0.0
UW,els Alfacs,2026-09-14,0.0
UX,Ulldecona - els Valentins,2026-09-14,0.0
UY,Os de Balaguer - el Monestir d'Avellanes,2026-09-14,0.0
V1,Vallfogona de Balaguer,2026-09-14,0.0
V4,Montesquiu,2026-09-14,0.0
V5,Perafita,2026-09-14,0.0
V8,el Poal,2026-09-14,0.0
VA,Ascó,2026-09-14,0.0
VB,Benissanet,2026-09-14,0.0
VC,Pantà de Riba-roja,2026-09-14,0.0
VD,el Canós,2026-09-14,0.0
VH,Gimenells,2026-09-14,0.0
VK,Raimat,2026-09-14,0.0
VM,Vilanova de Segrià,2026-09-14,0.0
VO,Lladurs,2026-09-14,0.0
VP,Pinós,2026-09-14,0.0
VQ,Constantí,2026-09-14,0.0
VS,Lac Redon (2.245 m),2026-09-14,0.0
VU,Rellinars,2026-09-14,0.0
VV,Sant Llorenç Savall,2026-09-14,0.0
VX,Tagamanent - PN del Montseny,2026-09-14,0.0
VY,Nulles,2026-09-14,0.0
VZ,Espolla,2026-09-14,0.0
W1,Castelló d'Empúries,2026-09-14,0.0
W4,Vilafranca del Penedès - la Granada,2026-09-14,0.0
W5,Oliana,2026-09-14,0.0
W8,Blancafort,2026-09-14,0.0
W9,la Vall d'en Bas,2026-09-14,0.0
WA,Oliola,2026-09-14,0.0
WB,Albesa,2026-09-14,0.0
WC,Golmés,2026-09-14,0.0
WG,Algerri,2026-09-14,0.0
WI,Maials,2026-09-14,0.0
WJ,el Masroig,2026-09-14,0.0
WK,Alfarràs,2026-09-14,0.0
WL,Sant Martí de Riucorb,2026-09-14,0.0
WM,Santuari de Queralt,2026-09-14,0.0
WN,Montserrat - Sant Dimes,2026-09-14,0.0
WO,la Bisbal del Penedès,2026-09-14,0.0
WP,Canaletes,2026-09-14,0.0
WQ,Montsec d'Ares (1.571 m),2026-09-14,0.0
WR,Torroja del Priorat,2026-09-14,0.0
WS,Viladrau,2026-09-14,0.0
WT,Malgrat de Mar,2026-09-14,0.0
WU,Badalona - Museu,2026-09-14,0.0
WV,Guardiola de Berguedà,2026-09-14,0.0
WW,Artés,2026-09-14,0.0
WX,Camarasa,2026-09-14,0.0
WZ,Cunit,2026-09-14,0.0
X1,Falset,2026-09-14,0.0
X3,Alguaire,2026-09-14,0.0
X4,Barcelona - el Raval,2026-09-14,0.0
X5,PN dels Ports,2026-09-14,0.0
X6,Baldomar,2026-09-14,0.0
X7,Torres de Segre,2026-09-14,0.0
X8,Barcelona - Zona Universitària,2026-09-14,0.0
X9,Caldes de Montbui,2026-09-14,0.0
XA,la Panadella,2026-09-14,0.0
XB,la Llacuna,2026-09-14,0.0
XC,Castellbisbal,2026-09-14,0.0
XD,Ulldemolins,2026-09-14,0.0
XE,Tarragona - Complex Educatiu,2026-09-14,0.0
XF,Sabadell - Parc Agrari,2026-09-14,0.0
XG,Parets del Vallès,2026-09-14,0.0
XH,Sort,2026-09-14,0.0
XI,Mollerussa,2026-09-14,0.0
XJ,Girona,2026-09-14,0.0
XK,Puig Sesolles (1.666 m),2026-09-14,0.0
XL,el Prat de Llobregat,2026-09-14,0.0
XM,els Alamús,2026-09-14,0.0
XN,Seròs,2026-09-14,0.0
XO,Vic,2026-09-14,0.0
XP,Gandesa,2026-09-14,0.0
XQ,Tremp,2026-09-14,0.0
XR,Prades,2026-09-14,0.0
XS,Santa Coloma de Farners,2026-09-14,0.0
XT,Solsona,2026-09-14,0.0
XU,Canyelles,2026-09-14,0.0
XV,Sant Cugat del Vallès - CAR,2026-09-14,0.0
XX,Anglesola - Tornabous,2026-09-14,0.0
XY,Alcarràs,2026-09-14,0.0
XZ,Torroella de Fluvià,2026-09-14,0.0
Y4,Alinyà,2026-09-14,0.0
Y5,Navata,2026-09-14,0.0
Y6,Tivissa,2026-09-14,0.0
YA,Puigcerdà,2026-09-14,0.0
YB,Olot,2026-09-14,0.0
YC,la Pobla de Segur,2026-09-14,0.0
YD,les Borges Blanques,2026-09-14,0.0
YE,Massoteres,2026-09-14,0.0
YF,Miami Platja,2026-09-14,0.0
YG,Tírvia,2026-09-14,0.0
YH,Pujalt,2026-09-14,0.0
YJ,Lleida - la Femosa,2026-09-14,0.0
YK,Terrassa,2026-09-14,0.0
YL,Riudecanyes,2026-09-14,0.0
YM,Granollers,2026-09-14,0.0
YN,Vielha - Elipòrt,2026-09-14,0.0
YO,Sant Sadurní d'Anoia,2026-09-14,0.0
YP,Palafrugell,2026-09-14,0.0
YQ,Port de Barcelona - ZAL Prat,2026-09-14,0.0
YR,Vilanova i la Geltrú,2026-09-14,0.0
YS,Cabanes,2026-09-14,0.0
YT,Bonabé (1.691 m),2026-09-14,0.0
YU,Cantonigròs,2026-09-14,0.0
YV,Mataró,2026-09-14,0.0
YX,Batea,2026-09-14,0.0
YY,Viladecans - les Filipines,2026-09-14,0.0
Z1,Bonaigua (2.262 m),2026-09-14,0.0
Z2,Boí (2.537 m),2026-09-14,0.0
Z3,Malniu (2.229 m),2026-09-14,0.0
Z5,Certascan (2.398 m),2026-09-14,0.0
Z6,Sasseuva (2.226 m),2026-09-14,0.0
Z7,Espot (2.519 m),2026-09-14,0.0
Z9,Cadí Nord (2.145 m) - Prat d'Aguiló,2026-09-14,0.0
ZB,Salòria (2.451 m),2026-09-14,0.0
ZC,Ulldeter (2.413 m),2026-09-14,0.0
ZE,el Port del Comte (2.288 m),2026-09-14,0.0
C6,Castellnou de Seana,2026-09-15,0.0
C7,Tàrrega,2026-09-15,0.0
C8,Cervera,2026-09-15,0.0
C9,Mas de Barberans,2026-09-15,0.0
CC,Orís,2026-09-15,0.0
CD,la Seu d'Urgell - Bellestar,2026-09-15,0.0
CE,els Hostalets de Pierola,2026-09-15,0.0
CG,Molló - Fabert,2026-09-15,0.0
CI,Sant Pau de Segúries,2026-09-15,0.0
CJ,Organyà,2026-09-15,0.0
CL,Sant Salvador de Guardiola,2026-09-15,0.0
CP,Sant Romà d'Abella,2026-09-15,0.0
CQ,Vilanova de Meià,2026-09-15,0.0
CR,la Quar,2026-09-15,0.0
CT,el Pont de Suert,2026-09-15,0.0
CW,l'Espluga de Francolí,2026-09-15,0.0
CY,Muntanyola,2026-09-15,0.0
D1,Margalef,2026-09-15,0.0
D2,Vacarisses,2026-09-15,0.0
D3,Vallirana,2026-09-15,0.0
D4,Roses,2026-09-15,0.0
D5,Barcelona - Observatori Fabra,2026-09-15,0.0
D6,Portbou - coll dels Belitres,2026-09-15,0.0
D7,Vinebre,2026-09-15,0.0
D8,Horta de Sant Joan,2026-09-15,0.0
D9,el Vendrell,2026-09-15,0.0
DB,el Perelló,2026-09-15,0.0
DF,la Bisbal d'Empordà,2026-09-15,0.0
DG,Núria (1.971 m),2026-09-15,0.0
DI,Font-rubí,2026-09-15,0.0
DJ,Banyoles,2026-09-15,0.0
DK,Torredembarra,2026-09-15,0.0
DL,Illa de Buda,2026-09-15,0.0
DN,Anglès,2026-09-15,0.0
DO,Castell d'Aro,2026-09-15,0.0
DP,Das - Aeròdrom,2026-09-15,0.0
DQ,Vila-rodona,2026-09-15,0.0
H1,Òdena,2026-09-15,0.0
J5,Pantà de Darnius - Boadella,2026-09-15,0.0
KE,Pantà de Sau,2026-09-15,0.0
KP,Fogars de la Selva,2026-09-15,0.0
KX,la Roca del Vallès - ETAP Cardedeu,2026-09-15,0.0
M6,Sant Joan de les Abadesses,2026-09-15,0.0
MQ,Cardona,2026-09-15,0.0
MR,Pantà de Siurana,2026-09-15,0.0
MS,Castellar de n'Hug - el Clot del Moro,2026-09-15,0.0
MV,Guixers - Valls,2026-09-15,0.0
MW,Navès,2026-09-15,0.0
U2,Sant Pere Pescador,2026-09-15,0.0
U3,Sant Martí Sarroca,2026-09-15,0.0
U4,Castellnou de Bages,2026-09-15,0.0
U6,Vinyols i els Arcs - Cambrils,2026-09-15,0.0
U7,Aldover,2026-09-15,0.0
U9,l'Aldea,2026-09-15,0.0
UA,l'Ametlla de Mar,2026-09-15,0.0
UB,la Tallada d'Empordà,2026-09-15,0.0
UE,Torroella de Montgrí,2026-09-15,0.0
UF,PN del Garraf - el Rascler,2026-09-15,0.0
UH,el Montmell,2026-09-15,0.0
UI,Gisclareny,2026-09-15,0.0
UJ,Santa Coloma de Queralt,2026-09-15,0.0
UK,Sant Pere de Ribes - PN del Garraf,2026-09-15,0.0
UM,la Granadella,2026-09-15,0.0
UN,Cassà de la Selva,2026-09-15,0.0
UO,Fornells de la Selva,2026-09-15,0.0
UP,Cabrils,2026-09-15,0.0
UQ,Dosrius - PN Montnegre Corredor,2026-09-15,0.0
US,les Cases d'Alcanar,2026-09-15,0.0
UU,Amposta,2026-09-15,0.0
UW,els Alfacs,2026-09-15,0.0
UX,Ulldecona - els Valentins,2026-09-15,0.0
UY,Os de Balaguer - el Monestir d'Avellanes,2026-09-15,0.0
V1,Vallfogona de Balaguer,2026-09-15,0.0
V4,Montesquiu,2026-09-15,0.0
V5,Perafita,2026-09-15,0.0
V8,el Poal,2026-09-15,0.0
VA,Ascó,2026-09-15,0.0
VB,Benissanet,2026-09-15,0.0
VC,Pantà de Riba-roja,2026-09-15,0.0
VD,el Canós,2026-09-15,0.0
VH,Gimenells,2026-09-15,0.0
VK,Raimat,2026-09-15,0.0
VM,Vilanova de Segrià,2026-09-15,0.0
VO,Lladurs,2026-09-15,0.0
VP,Pinós,2026-09-15,0.0
VQ,Constantí,2026-09-15,0.0
VS,Lac Redon (2.245 m),2026-09-15,0.0
VU,Rellinars,2026-09-15,0.0
VV,Sant Llorenç Savall,2026-09-15,0.0
VX,Tagamanent - PN del Montseny,2026-09-15,0.0
VY,Nulles,2026-09-15,0.0
VZ,Espolla,2026-09-15,0.0
W1,Castelló d'Empúries,2026-09-15,0.0
W4,Vilafranca del Penedès - la Granada,2026-09-15,0.0
W5,Oliana,2026-09-15,0.0
W8,Blancafort,2026-09-15,0.0
W9,la Vall d'en Bas,2026-09-15,0.0
WA,Oliola,2026-09-15,0.0
WB,Albesa,2026-09-15,0.0
WC,Golmés,2026-09-15,0.0
WG,Algerri,2026-09-15,0.0
WI,Maials,2026-09-15,0.0
WJ,el Masroig,2026-09-15,0.0
WK,Alfarràs,2026-09-15,0.0
WL,Sant Martí de Riucorb,2026-09-15,0.0
WM,Santuari de Queralt,2026-09-15,0.0
WN,Montserrat - Sant Dimes,2026-09-15,0.0
WO,la Bisbal del Penedès,2026-09-15,0.0
WP,Canaletes,2026-09-15,0.0
WQ,Montsec d'Ares (1.571 m),2026-09-15,0.0
WR,Torroja del Priorat,2026-09-15,0.0
WS,Viladrau,2026-09-15,0.0
WT,Malgrat de Mar,2026-09-15,0.0
WU,Badalona - Museu,2026-09-15,0.0
WV,Guardiola de Berguedà,2026-09-15,0.0
WW,Artés,2026-09-15,0.0
WX,Camarasa,2026-09-15,0.0
WZ,Cunit,2026-09-15,0.0
X1,Falset,2026-09-15,0.0
X3,Alguaire,2026-09-15,0.0
X4,Barcelona - el Raval,2026-09-15,0.0
X5,PN dels Ports,2026-09-15,0.0
X6,Baldomar,2026-09-15,0.0
X7,Torres de Segre,2026-09-15,0.0
X8,Barcelona - Zona Universitària,2026-09-15,0.0
X9,Caldes de Montbui,2026-09-15,0.0
XA,la Panadella,2026-09-15,0.0
XB,la Llacuna,2026-09-15,0.0
XC,Castellbisbal,2026-09-15,0.0
XD,Ulldemolins,2026-09-15,0.0
XE,Tarragona - Complex Educatiu,2026-09-15,0.0
XF,Sabadell - Parc Agrari,2026-09-15,0.0
XG,Parets del Vallès,2026-09-15,0.0
XH,Sort,2026-09-15,0.0
XI,Mollerussa,2026-09-15,0.0
XJ,Girona,2026-09-15,0.0
XK,Puig Sesolles (1.666 m),2026-09-15,0.0
XL,el Prat de Llobregat,2026-09-15,0.0
XM,els Alamús,2026-09-15,0.0
XN,Seròs,2026-09-15,0.0
XO,Vic,2026-09-15,0.0
XP,Gandesa,2026-09-15,0.0
XQ,Tremp,2026-09-15,0.0
XR,Prades,2026-09-15,0.0
XS,Santa Coloma de Farners,2026-09-15,0.0
XT,Solsona,2026-09-15,0.0
XU,Canyelles,2026-09-15,0.0
XV,Sant Cugat del Vallès - CAR,2026-09-15,0.0
XX,Anglesola - Tornabous,2026-09-15,0.0
XY,Alcarràs,2026-09-15,0.0
XZ,Torroella de Fluvià,2026-09-15,0.0
Y4,Alinyà,2026-09-15,0.0
Y5,Navata,2026-09-15,0.0
Y6,Tivissa,2026-09-15,0.0
YA,Puigcerdà,2026-09-15,0.0
YB,Olot,2026-09-15,0.0
YC,la Pobla de Segur,2026-09-15,0.0
YD,les Borges Blanques,2026-09-15,0.0
YE,Massoteres,2026-09-15,0.0
YF,Miami Platja,2026-09-15,0.0
YG,Tírvia,2026-09-15,0.0
YH,Pujalt,2026-09-15,0.0
YJ,Lleida - la Femosa,2026-09-15,0.0
YK,Terrassa,2026-09-15,0.0
YL,Riudecanyes,2026-09-15,0.0
YM,Granollers,2026-09-15,0.0
YN,Vielha - Elipòrt,2026-09-15,0.0
YO,Sant Sadurní d'Anoia,2026-09-15,0.0
YP,Palafrugell,2026-09-15,0.0
YQ,Port de Barcelona - ZAL Prat,2026-09-15,0.0
YR,Vilanova i la Geltrú,2026-09-15,0.0
YS,Cabanes,2026-09-15,0.0
YT,Bonabé (1.691 m),2026-09-15,0.0
YU,Cantonigròs,2026-09-15,0.0
YV,Mataró,2026-09-15,0.0
YX,Batea,2026-09-15,0.0
YY,Viladecans - les Filipines,2026-09-15,0.0
Z1,Bonaigua (2.262 m),2026-09-15,0.0
Z2,Boí (2.537 m),2026-09-15,0.0
Z3,Malniu (2.229 m),2026-09-15,0.0
Z5,Certascan (2.398 m),2026-09-15,0.0
Z6,Sasseuva (2.226 m),2026-09-15,0.0
Z7,Espot (2.519 m),2026-09-15,0.0
Z9,Cadí Nord (2.145 m) - Prat d'Aguiló,2026-09-15,0.0
ZB,Salòria (2.451 m),2026-09-15,0.0
ZC,Ulldeter (2.413 m),2026-09-15,0.0
ZE,el Port del Comte (2.288 m),2026-09-15,0.0
C6,Castellnou de Seana,2026-09-16,0.0
C7,Tàrrega,2026-09-16,0.2
C8,Cervera,2026-09-16,0.2
C9,Mas de Barberans,2026-09-16,0.9
CC,Orís,2026-09-16,3.4
CD,la Seu d'Urgell - Bellestar,2026-09-16,0.5
CE,els Hostalets de Pierola,2026-09-16,32.4
CG,Molló - Fabert,2026-09-16,8.0
CI,Sant Pau de Segúries,2026-09-16,7.1
CJ,Organyà,2026-09-16,0.0
CL,Sant Salvador de Guardiola,2026-09-16,10.4
CP,Sant Romà d'Abella,2026-09-16,0.2
CQ,Vilanova de Meià,2026-09-16,0.0
CR,la Quar,2026-09-16,1.8
CT,el Pont de Suert,2026-09-16,4.5
CW,l'Espluga de Francolí,2026-09-16,0.3
CY,Muntanyola,2026-09-16,33.7
D1,Margalef,2026-09-16,0.3
D2,Vacarisses,2026-09-16,69.4
D3,Vallirana,2026-09-16,48.8
D4,Roses,2026-09-16,5.7
D5,Barcelona - Observatori Fabra,2026-09-16,24.7
D6,Portbou - coll dels Belitres,2026-09-16,3.5
D7,Vinebre,2026-09-16,2.6
D8,Horta de Sant Joan,2026-09-16,2.6
D9,el Vendrell,2026-09-16,0.2
DB,el Perelló,2026-09-16,0.3
DF,la Bisbal d'Empordà,2026-09-16,42.8
DG,Núria (1.971 m),2026-09-16,0.0
DI,Font-rubí,2026-09-16,2.5
DJ,Banyoles,2026-09-16,50.6
DK,Torredembarra,2026-09-16,0.3
DL,Illa de Buda,2026-09-16,0.9
DN,Anglès,2026-09-16,9.8
DO,Castell d'Aro,2026-09-16,2.2
DP,Das - Aeròdrom,2026-09-16,0.0
DQ,Vila-rodona,2026-09-16,0.0
H1,Òdena,2026-09-16,1.4
J5,Pantà de Darnius - Boadella,2026-09-16,3.3
KE,Pantà de Sau,2026-09-16,6.9
KP,Fogars de la Selva,2026-09-16,21.1
KX,la Roca del Vallès - ETAP Cardedeu,2026-09-16,19.0
M6,Sant Joan de les Abadesses,2026-09-16,7.4
MQ,Cardona,2026-09-16,0.0
MR,Pantà de Siurana,2026-09-16,0.7
MS,Castellar de n'Hug - el Clot del Moro,2026-09-16,0.9
MV,Guixers - Valls,2026-09-16,0.9
MW,Navès,2026-09-16,0.0
U2,Sant Pere Pescador,2026-09-16,2.6
U3,Sant Martí Sarroca,2026-09-16,5.5
U4,Castellnou de Bages,2026-09-16,5.3
U6,Vinyols i els Arcs - Cambrils,2026-09-16,0.3
U7,Aldover,2026-09-16,1.5
U9,l'Aldea,2026-09-16,0.9
UA,l'Ametlla de Mar,2026-09-16,1.5
UB,la Tallada d'Empordà,2026-09-16,7.5
UE,Torroella de Montgrí,2026-09-16,4.4
UF,PN del Garraf - el Rascler,2026-09-16,72.9
UH,el Montmell,2026-09-16,0.5
UI,Gisclareny,2026-09-16,0.9
UJ,Santa Coloma de Queralt,2026-09-16,0.0
UK,Sant Pere de Ribes - PN del Garraf,2026-09-16,76.2
UM,la Granadella,2026-09-16,0.5
UN,Cassà de la Selva,2026-09-16,53.0
UO,Fornells de la Selva,2026-09-16,60.9
UP,Cabrils,2026-09-16,12.1
UQ,Dosrius - PN Montnegre Corredor,2026-09-16,19.0
US,les Cases d'Alcanar,2026-09-16,0.3
UU,Amposta,2026-09-16,0.0
UW,els Alfacs,2026-09-16,0.0
UX,Ulldecona - els Valentins,2026-09-16,2.4
UY,Os de Balaguer - el Monestir d'Avellanes,2026-09-16,0.0
V1,Vallfogona de Balaguer,2026-09-16,0.0
V4,Montesquiu,2026-09-16,5.4
V5,Perafita,2026-09-16,2.4
V8,el Poal,2026-09-16,0.2
VA,Ascó,2026-09-16,1.8
VB,Benissanet,2026-09-16,2.0
VC,Pantà de Riba-roja,2026-09-16,1.0
VD,el Canós,2026-09-16,0.0
VH,Gimenells,2026-09-16,0.1
VK,Raimat,2026-09-16,0.1
VM,Vilanova de Segrià,2026-09-16,0.1
VO,Lladurs,2026-09-16,0.0
VP,Pinós,2026-09-16,0.0
VQ,Constantí,2026-09-16,0.0
VS,Lac Redon (2.245 m),2026-09-16,10.1
VU,Rellinars,2026-09-16,27.9
VV,Sant Llorenç Savall,2026-09-16,41.1
VX,Tagamanent - PN del Montseny,2026-09-16,35.3
VY,Nulles,2026-09-16,0.7
VZ,Espolla,2026-09-16,3.3
W1,Castelló d'Empúries,2026-09-16,3.4
W4,Vilafranca del Penedès - la Granada,2026-09-16,38.7
W5,Oliana,2026-09-16,0.0
W8,Blancafort,2026-09-16,0.0
W9,la Vall d'en Bas,2026-09-16,14.5
WA,Oliola,2026-09-16,0.0
WB,Albesa,2026-09-16,0.0
WC,Golmés,2026-09-16,0.0
WG,Algerri,2026-09-16,0.0
WI,Maials,2026-09-16,0.7
WJ,el Masroig,2026-09-16,2.6
WK,Alfarràs,2026-09-16,0.0
WL,Sant Martí de Riucorb,2026-09-16,0.2
WM,Santuari de Queralt,2026-09-16,0.1
WN,Montserrat - Sant Dimes,2026-09-16,33.6
WO,la Bisbal del Penedès,2026-09-16,0.4
WP,Canaletes,2026-09-16,15.4
WQ,Montsec d'Ares (1.571 m),2026-09-16,0.6
WR,Torroja del Priorat,2026-09-16,1.0
WS,Viladrau,2026-09-16,7.6
WT,Malgrat de Mar,2026-09-16,4.0
WU,Badalona - Museu,2026-09-16,25.2
WV,Guardiola de Berguedà,2026-09-16,0.3
WW,Artés,2026-09-16,28.6
WX,Camarasa,2026-09-16,0.0
WZ,Cunit,2026-09-16,8.9
X1,Falset,2026-09-16,1.9
X3,Alguaire,2026-09-16,0.0
X4,Barcelona - el Raval,2026-09-16,33.8
X5,PN dels Ports,2026-09-16,4.9
X6,Baldomar,2026-09-16,0.0
X7,Torres de Segre,2026-09-16,0.1
X8,Barcelona - Zona Universitària,2026-09-16,16.4
X9,Caldes de Montbui,2026-09-16,45.5
XA,la Panadella,2026-09-16,0.0
XB,la Llacuna,2026-09-16,0.0
XC,Castellbisbal,2026-09-16,18.8
XD,Ulldemolins,2026-09-16,0.7
XE,Tarragona - Complex Educatiu,2026-09-16,0.4
XF,Sabadell - Parc Agrari,2026-09-16,31.1
XG,Parets del Vallès,2026-09-16,30.3
XH,Sort,2026-09-16,0.0
XI,Mollerussa,2026-09-16,0.0
XJ,Girona,2026-09-16,20.6
XK,Puig Sesolles (1.666 m),2026-09-16,28.0
XL,el Prat de Llobregat,2026-09-16,16.1
XM,els Alamús,2026-09-16,0.0
XN,Seròs,2026-09-16,0.3
XO,Vic,2026-09-16,40.7
XP,Gandesa,2026-09-16,2.5
XQ,Tremp,2026-09-16,0.3
XR,Prades,2026-09-16,0.5
XS,Santa Coloma de Farners,2026-09-16,18.2
XT,Solsona,2026-09-16,0.0
XU,Canyelles,2026-09-16,86.4
XV,Sant Cugat del Vallès - CAR,2026-09-16,16.9
XX,Anglesola - Tornabous,2026-09-16,0.0
XY,Alcarràs,2026-09-16,0.0
XZ,Torroella de Fluvià,2026-09-16,1.9
Y4,Alinyà,2026-09-16,0.0
Y5,Navata,2026-09-16,12.1
Y6,Tivissa,2026-09-16,3.0
YA,Puigcerdà,2026-09-16,0.0
YB,Olot,2026-09-16,7.1
YC,la Pobla de Segur,2026-09-16,0.0
YD,les Borges Blanques,2026-09-16,0.0
YE,Massoteres,2026-09-16,0.5
YF,Miami Platja,2026-09-16,0.3
YG,Tírvia,2026-09-16,0.1
YH,Pujalt,2026-09-16,0.0
YJ,Lleida - la Femosa,2026-09-16,0.0
YK,Terrassa,2026-09-16,33.7
YL,Riudecanyes,2026-09-16,0.4
YM,Granollers,2026-09-16,27.1
YN,Vielha - Elipòrt,2026-09-16,22.9
YO,Sant Sadurní d'Anoia,2026-09-16,27.9
YP,Palafrugell,2026-09-16,0.2
YQ,Port de Barcelona - ZAL Prat,2026-09-16,18.9
YR,Vilanova i la Geltrú,2026-09-16,14.9
YS,Cabanes,2026-09-16,2.4
YT,Bonabé (1.691 m),2026-09-16,5.8
YU,Cantonigròs,2026-09-16,3.7
YV,Mataró,2026-09-16,30.2
YX,Batea,2026-09-16,6.6
YY,Viladecans - les Filipines,2026-09-16,39.2
Z1,Bonaigua (2.262 m),2026-09-16,5.2
Z2,Boí (2.537 m),2026-09-16,2.7
Z3,Malniu (2.229 m),2026-09-16,0.0
Z5,Certascan (2.398 m),2026-09-16,3.8
Z6,Sasseuva (2.226 m),2026-09-16,6.3
Z7,Espot (2.519 m),2026-09-16,4.0
Z9,Cadí Nord (2.145 m) - Prat d'Aguiló,2026-09-16,0.0
ZB,Salòria (2.451 m),2026-09-16,1.3
ZC,Ulldeter (2.413 m),2026-09-16,0.0
ZE,el Port del Comte (2.288 m),2026-09-16,0.0
C6,Castellnou de Seana,2026-09-17,0.0
C7,Tàrrega,2026-09-17,0.0
C8,Cervera,2026-09-17,0.0
C9,Mas de Barberans,2026-09-17,0.1
CC,Orís,2026-09-17,0.0
CD,la Seu d'Urgell - Bellestar,2026-09-17,0.0
CE,els Hostalets de Pierola,2026-09-17,0.3
CG,Molló - Fabert,2026-09-17,0.2
CI,Sant Pau de Segúries,2026-09-17,0.0
CJ,Organyà,2026-09-17,0.0
CL,Sant Salvador de Guardiola,2026-09-17,0.0
CP,Sant Romà d'Abella,2026-09-17,0.0
CQ,Vilanova de Meià,2026-09-17,0.0
CR,la Quar,2026-09-17,0.0
CT,el Pont de Suert,2026-09-17,0.0
CW,l'Espluga de Francolí,2026-09-17,0.0
CY,Muntanyola,2026-09-17,0.0
D1,Margalef,2026-09-17,0.0
D2,Vacarisses,2026-09-17,0.0
D3,Vallirana,2026-09-17,1.1
D4,Roses,2026-09-17,0.0
D5,Barcelona - Observatori Fabra,2026-09-17,0.0
D6,Portbou - coll dels Belitres,2026-09-17,0.0
D7,Vinebre,2026-09-17,0.0
D8,Horta de Sant Joan,2026-09-17,0.0
D9,el Vendrell,2026-09-17,13.0
DB,el Perelló,2026-09-17,0.4
DF,la Bisbal d'Empordà,2026-09-17,4.0
DG,Núria (1.971 m),2026-09-17,0.0
DI,Font-rubí,2026-09-17,0.7
DJ,Banyoles,2026-09-17,0.1
DK,Torredembarra,2026-09-17,0.6
DL,Illa de Buda,2026-09-17,1.5
DN,Anglès,2026-09-17,0.3
DO,Castell d'Aro,2026-09-17,0.0
DP,Das - Aeròdrom,2026-09-17,0.0
DQ,Vila-rodona,2026-09-17,0.0
H1,Òdena,2026-09-17,0.0
J5,Pantà de Darnius - Boadella,2026-09-17,0.0
KE,Pantà de Sau,2026-09-17,0.0
KP,Fogars de la Selva,2026-09-17,0.2
KX,la Roca del Vallès - ETAP Cardedeu,2026-09-17,0.1
M6,Sant Joan de les Abadesses,2026-09-17,0.0
MQ,Cardona,2026-09-17,0.0
MR,Pantà de Siurana,2026-09-17,0.0
MS,Castellar de n'Hug - el Clot del Moro,2026-09-17,0.0
MV,Guixers - Valls,2026-09-17,0.0
MW,Navès,2026-09-17,0.0
U2,Sant Pere Pescador,2026-09-17,0.0
U3,Sant Martí Sarroca,2026-09-17,3.0
U4,Castellnou de Bages,2026-09-17,0.0
U6,Vinyols i els Arcs - Cambrils,2026-09-17,0.0
U7,Aldover,2026-09-17,0.1
U9,l'Aldea,2026-09-17,0.5
UA,l'Ametlla de Mar,2026-09-17,0.2
UB,la Tallada d'Empordà,2026-09-17,0.0
UE,Torroella de Montgrí,2026-09-17,0.1
UF,PN del Garraf - el Rascler,2026-09-17,0.9
UH,el Montmell,2026-09-17,0.8
UI,Gisclareny,2026-09-17,0.0
UJ,Santa Coloma de Queralt,2026-09-17,0.0
UK,Sant Pere de Ribes - PN del Garraf,2026-09-17,6.6
UM,la Granadella,2026-09-17,0.0
UN,Cassà de la Selva,2026-09-17,0.1
UO,Fornells de la Selva,2026-09-17,0.0
UP,Cabrils,2026-09-17,0.1
UQ,Dosrius - PN Montnegre Corredor,2026-09-17,0.2
US,les Cases d'Alcanar,2026-09-17,0.3
UU,Amposta,2026-09-17,0.7
UW,els Alfacs,2026-09-17,0.9
UX,Ulldecona - els Valentins,2026-09-17,0.1
UY,Os de Balaguer - el Monestir d'Avellanes,2026-09-17,0.0
V1,Vallfogona de Balaguer,2026-09-17,0.0
V4,Montesquiu,2026-09-17,0.0
V5,Perafita,2026-09-17,0.0
V8,el Poal,2026-09-17,0.0
VA,Ascó,2026-09-17,0.0
VB,Benissanet,2026-09-17,0.1
VC,Pantà de Riba-roja,2026-09-17,0.0
VD,el Canós,2026-09-17,0.0
VH,Gimenells,2026-09-17,0.0
VK,Raimat,2026-09-17,0.0
VM,Vilanova de Segrià,2026-09-17,0.0
VO,Lladurs,2026-09-17,0.0
VP,Pinós,2026-09-17,0.0
VQ,Constantí,2026-09-17,0.0
VS,Lac Redon (2.245 m),2026-09-17,0.0
VU,Rellinars,2026-09-17,0.0
VV,Sant Llorenç Savall,2026-09-17,0.1
VX,Tagamanent - PN del Montseny,2026-09-17,0.7
VY,Nulles,2026-09-17,0.3
VZ,Espolla,2026-09-17,0.0
W1,Castelló d'Empúries,2026-09-17,0.0
W4,Vilafranca del Penedès - la Granada,2026-09-17,1.4
W5,Oliana,2026-09-17,0.0
W8,Blancafort,2026-09-17,0.0
W9,la Vall d'en Bas,2026-09-17,0.1
WA,Oliola,2026-09-17,0.0
WB,Albesa,2026-09-17,0.0
WC,Golmés,2026-09-17,0.0
WG,Algerri,2026-09-17,0.0
WI,Maials,2026-09-17,0.0
WJ,el Masroig,2026-09-17,0.0
WK,Alfarràs,2026-09-17,0.0
WL,Sant Martí de Riucorb,2026-09-17,0.0
WM,Santuari de Queralt,2026-09-17,0.1
WN,Montserrat - Sant Dimes,2026-09-17,0.0
WO,la Bisbal del Penedès,2026-09-17,0.1
WP,Canaletes,2026-09-17,1.0
WQ,Montsec d'Ares (1.571 m),2026-09-17,0.0
WR,Torroja del Priorat,2026-09-17,0.0
WS,Viladrau,2026-09-17,0.0
WT,Malgrat de Mar,2026-09-17,0.1
WU,Badalona - Museu,2026-09-17,0.0
WV,Guardiola de Berguedà,2026-09-17,0.0
WW,Artés,2026-09-17,0.1
WX,Camarasa,2026-09-17,0.0
WZ,Cunit,2026-09-17,10.9
X1,Falset,2026-09-17,0.0
X3,Alguaire,2026-09-17,0.0
X4,Barcelona - el Raval,2026-09-17,0.0
X5,PN dels Ports,2026-09-17,0.1
X6,Baldomar,2026-09-17,0.0
X7,Torres de Segre,2026-09-17,0.0
X8,Barcelona - Zona Universitària,2026-09-17,0.1
X9,Caldes de Montbui,2026-09-17,1.0
XA,la Panadella,2026-09-17,0.0
XB,la Llacuna,2026-09-17,0.3
XC,Castellbisbal,2026-09-17,3.9
XD,Ulldemolins,2026-09-17,0.0
XE,Tarragona - Complex Educatiu,2026-09-17,0.0
XF,Sabadell - Parc Agrari,2026-09-17,2.9
XG,Parets del Vallès,2026-09-17,0.0
XH,Sort,2026-09-17,0.0
XI,Mollerussa,2026-09-17,0.0
XJ,Girona,2026-09-17,0.3
XK,Puig Sesolles (1.666 m),2026-09-17,0.0
XL,el Prat de Llobregat,2026-09-17,0.1
XM,els Alamús,2026-09-17,0.0
XN,Seròs,2026-09-17,0.0
XO,Vic,2026-09-17,0.1
XP,Gandesa,2026-09-17,0.1
XQ,Tremp,2026-09-17,0.0
XR,Prades,2026-09-17,0.0
XS,Santa Coloma de Farners,2026-09-17,0.0
XT,Solsona,2026-09-17,0.0
XU,Canyelles,2026-09-17,5.4
XV,Sant Cugat del Vallès - CAR,2026-09-17,0.4
XX,Anglesola - Tornabous,2026-09-17,0.0
XY,Alcarràs,2026-09-17,0.0
XZ,Torroella de Fluvià,2026-09-17,0.0
Y4,Alinyà,2026-09-17,0.0
Y5,Navata,2026-09-17,0.0
Y6,Tivissa,2026-09-17,0.1
YA,Puigcerdà,2026-09-17,0.0
YB,Olot,2026-09-17,0.0
YC,la Pobla de Segur,2026-09-17,0.0
YD,les Borges Blanques,2026-09-17,0.0
YE,Massoteres,2026-09-17,0.0
YF,Miami Platja,2026-09-17,0.0
YG,Tírvia,2026-09-17,0.0
YH,Pujalt,2026-09-17,0.0
YJ,Lleida - la Femosa,2026-09-17,0.0
YK,Terrassa,2026-09-17,5.8
YL,Riudecanyes,2026-09-17,0.0
YM,Granollers,2026-09-17,0.1
YN,Vielha - Elipòrt,2026-09-17,0.0
YO,Sant Sadurní d'Anoia,2026-09-17,0.5
YP,Palafrugell,2026-09-17,2.3
YQ,Port de Barcelona - ZAL Prat,2026-09-17,0.1
YR,Vilanova i la Geltrú,2026-09-17,5.6
YS,Cabanes,2026-09-17,0.0
YT,Bonabé (1.691 m),2026-09-17,0.0
YU,Cantonigròs,2026-09-17,0.1
YV,Mataró,2026-09-17,0.1
YX,Batea,2026-09-17,0.0
YY,Viladecans - les Filipines,2026-09-17,0.0
Z1,Bonaigua (2.262 m),2026-09-17,0.6
Z2,Boí (2.537 m),2026-09-17,0.0
Z3,Malniu (2.229 m),2026-09-17,0.0
Z5,Certascan (2.398 m),2026-09-17,0.0
Z6,Sasseuva (2.226 m),2026-09-17,0.1
Z7,Espot (2.519 m),2026-09-17,0.0
Z9,Cadí Nord (2.145 m) - Prat d'Aguiló,2026-09-17,0.0
ZB,Salòria (2.451 m),2026-09-17,0.0
ZC,Ulldeter (2.413 m),2026-09-17,0.0
ZE,el Port del Comte (2.288 m),2026-09-17,0.0
C6,Castellnou de Seana,2026-09-18,0.0
C7,Tàrrega,2026-09-18,0.0
C8,Cervera,2026-09-18,0.0
C9,Mas de Barberans,2026-09-18,0.0
CC,Orís,2026-09-18,0.0
CD,la Seu d'Urgell - Bellestar,2026-09-18,0.0
CE,els Hostalets de Pierola,2026-09-18,0.0
CG,Molló - Fabert,2026-09-18,0.0
CI,Sant Pau de Segúries,2026-09-18,2.6
CJ,Organyà,2026-09-18,0.0
CL,Sant Salvador de Guardiola,2026-09-18,0.0
CP,Sant Romà d'Abella,2026-09-18,0.0
CQ,Vilanova de Meià,2026-09-18,0.0
CR,la Quar,2026-09-18,0.0
CT,el Pont de Suert,2026-09-18,0.0
CW,l'Espluga de Francolí,2026-09-18,0.0
CY,Muntanyola,2026-09-18,0.0
D1,Margalef,2026-09-18,0.0
D2,Vacarisses,2026-09-18,0.0
D3,Vallirana,2026-09-18,0.0
D4,Roses,2026-09-18,0.0
D5,Barcelona - Observatori Fabra,2026-09-18,0.8
D6,Portbou - coll dels Belitres,2026-09-18,0.0
D7,Vinebre,2026-09-18,0.0
D8,Horta de Sant Joan,2026-09-18,0.0
D9,el Vendrell,2026-09-18,0.0
DB,el Perelló,2026-09-18,0.0
DF,la Bisbal d'Empordà,2026-09-18,0.0
DG,Núria (1.971 m),2026-09-18,0.0
DI,Font-rubí,2026-09-18,0.0
DJ,Banyoles,2026-09-18,0.0
DK,Torredembarra,2026-09-18,0.0
DL,Illa de Buda,2026-09-18,0.0
DN,Anglès,2026-09-18,0.0
DO,Castell d'Aro,2026-09-18,0.0
DP,Das - Aeròdrom,2026-09-18,0.0
DQ,Vila-rodona,2026-09-18,0.0
H1,Òdena,2026-09-18,0.0
J5,Pantà de Darnius - Boadella,2026-09-18,0.0
KE,Pantà de Sau,2026-09-18,0.0
KP,Fogars de la Selva,2026-09-18,0.0
KX,la Roca del Vallès - ETAP Cardedeu,2026-09-18,0.0
M6,Sant Joan de les Abadesses,2026-09-18,0.4
MQ,Cardona,2026-09-18,0.0
MR,Pantà de Siurana,2026-09-18,0.0
MS,Castellar de n'Hug - el Clot del Moro,2026-09-18,0.0
MV,Guixers - Valls,2026-09-18,0.0
MW,Navès,2026-09-18,0.0
U2,Sant Pere Pescador,2026-09-18,0.0
U3,Sant Martí Sarroca,2026-09-18,0.0
U4,Castellnou de Bages,2026-09-18,0.0
U6,Vinyols i els Arcs - Cambrils,2026-09-18,0.0
U7,Aldover,2026-09-18,0.0
U9,l'Aldea,2026-09-18,0.0
UA,l'Ametlla de Mar,2026-09-18,0.0
UB,la Tallada d'Empordà,2026-09-18,0.0
UE,Torroella de Montgrí,2026-09-18,0.0
UF,PN del Garraf - el Rascler,2026-09-18,2.9
UH,el Montmell,2026-09-18,0.0
UI,Gisclareny,2026-09-18,0.0
UJ,Santa Coloma de Queralt,2026-09-18,0.0
UK,Sant Pere de Ribes - PN del Garraf,2026-09-18,0.0
UM,la Granadella,2026-09-18,0.0
UN,Cassà de la Selva,2026-09-18,0.0
UO,Fornells de la Selva,2026-09-18,0.0
UP,Cabrils,2026-09-18,0.0
UQ,Dosrius - PN Montnegre Corredor,2026-09-18,0.0
US,les Cases d'Alcanar,2026-09-18,0.0
UU,Amposta,2026-09-18,0.0
UW,els Alfacs,2026-09-18,0.0
UX,Ulldecona - els Valentins,2026-09-18,0.0
UY,Os de Balaguer - el Monestir d'Avellanes,2026-09-18,0.0
V1,Vallfogona de Balaguer,2026-09-18,0.0
V4,Montesquiu,2026-09-18,0.0
V5,Perafita,2026-09-18,0.0
V8,el Poal,2026-09-18,0.0
VA,Ascó,2026-09-18,0.0
VB,Benissanet,2026-09-18,0.0
VC,Pantà de Riba-roja,2026-09-18,0.0
VD,el Canós,2026-09-18,0.0
VH,Gimenells,2026-09-18,0.0
VK,Raimat,2026-09-18,0.0
VM,Vilanova de Segrià,2026-09-18,0.0
VO,Lladurs,2026-09-18,0.0
VP,Pinós,2026-09-18,0.0
VQ,Constantí,2026-09-18,0.0
VS,Lac Redon (2.245 m),2026-09-18,0.0
VU,Rellinars,2026-09-18,0.0
VV,Sant Llorenç Savall,2026-09-18,0.0
VX,Tagamanent - PN del Montseny,2026-09-18,0.0
VY,Nulles,2026-09-18,0.0
VZ,Espolla,2026-09-18,0.0
W1,Castelló d'Empúries,2026-09-18,0.0
W4,Vilafranca del Penedès - la Granada,2026-09-18,0.0
W5,Oliana,2026-09-18,0.0
W8,Blancafort,2026-09-18,0.0
W9,la Vall d'en Bas,2026-09-18,0.2
WA,Oliola,2026-09-18,0.0
WB,Albesa,2026-09-18,0.0
WC,Golmés,2026-09-18,0.0
WG,Algerri,2026-09-18,0.0
WI,Maials,2026-09-18,0.0
WJ,el Masroig,2026-09-18,0.0
WK,Alfarràs,2026-09-18,0.0
WL,Sant Martí de Riucorb,2026-09-18,0.0
WM,Santuari de Queralt,2026-09-18,0.0
WN,Montserrat - Sant Dimes,2026-09-18,0.0
WO,la Bisbal del Penedès,2026-09-18,0.0
WP,Canaletes,2026-09-18,0.0
WQ,Montsec d'Ares (1.571 m),2026-09-18,0.0
WR,Torroja del Priorat,2026-09-18,0.0
WS,Viladrau,2026-09-18,0.0
WT,Malgrat de Mar,2026-09-18,0.0
WU,Badalona - Museu,2026-09-18,0.2
WV,Guardiola de Berguedà,2026-09-18,0.0
WW,Artés,2026-09-18,0.0
WX,Camarasa,2026-09-18,0.0
WZ,Cunit,2026-09-18,4.5
X1,Falset,2026-09-18,0.0
X3,Alguaire,2026-09-18,0.0
X4,Barcelona - el Raval,2026-09-18,5.9
X5,PN dels Ports,2026-09-18,0.0
X6,Baldomar,2026-09-18,0.0
X7,Torres de Segre,2026-09-18,0.0
X8,Barcelona - Zona Universitària,2026-09-18,0.3
X9,Caldes de Montbui,2026-09-18,0.0
XA,la Panadella,2026-09-18,0.0
XB,la Llacuna,2026-09-18,0.0
XC,Castellbisbal,2026-09-18,0.0
XD,Ulldemolins,2026-09-18,0.0
XE,Tarragona - Complex Educatiu,2026-09-18,0.0
XF,Sabadell - Parc Agrari,2026-09-18,0.1
XG,Parets del Vallès,2026-09-18,0.1
XH,Sort,2026-09-18,0.0
XI,Mollerussa,2026-09-18,0.0
XJ,Girona,2026-09-18,0.0
XK,Puig Sesolles (1.666 m),2026-09-18,0.0
XL,el Prat de Llobregat,2026-09-18,1.7
XM,els Alamús,2026-09-18,0.0
XN,Seròs,2026-09-18,0.0
XO,Vic,2026-09-18,0.0
XP,Gandesa,2026-09-18,0.0
XQ,Tremp,2026-09-18,0.0
XR,Prades,2026-09-18,0.0
XS,Santa Coloma de Farners,2026-09-18,0.0
XT,Solsona,2026-09-18,0.0
XU,Canyelles,2026-09-18,0.1
XV,Sant Cugat del Vallès - CAR,2026-09-18,0.0
XX,Anglesola - Tornabous,2026-09-18,0.0
XY,Alcarràs,2026-09-18,0.0
XZ,Torroella de Fluvià,2026-09-18,0.0
Y4,Alinyà,2026-09-18,0.0
Y5,Navata,2026-09-18,0.0
Y6,Tivissa,2026-09-18,0.0
YA,Puigcerdà,2026-09-18,0.0
YB,Olot,2026-09-18,0.2
YC,la Pobla de Segur,2026-09-18,0.0
YD,les Borges Blanques,2026-09-18,0.0
YE,Massoteres,2026-09-18,0.0
YF,Miami Platja,2026-09-18,0.0
YG,Tírvia,2026-09-18,0.0
YH,Pujalt,2026-09-18,0.0
YJ,Lleida - la Femosa,2026-09-18,0.0
YK,Terrassa,2026-09-18,0.0
YL,Riudecanyes,2026-09-18,0.0
YM,Granollers,2026-09-18,0.0
YN,Vielha - Elipòrt,2026-09-18,0.0
YO,Sant Sadurní d'Anoia,2026-09-18,0.0
YP,Palafrugell,2026-09-18,0.0
YQ,Port de Barcelona - ZAL Prat,2026-09-18,1.0
YR,Vilanova i la Geltrú,2026-09-18,0.4
YS,Cabanes,2026-09-18,0.0
YT,Bonabé (1.691 m),2026-09-18,0.0
YU,Cantonigròs,2026-09-18,0.0
YV,Mataró,2026-09-18,0.0
YX,Batea,2026-09-18,0.0
YY,Viladecans - les Filipines,2026-09-18,0.1
Z1,Bonaigua (2.262 m),2026-09-18,0.0
Z2,Boí (2.537 m),2026-09-18,0.0
Z3,Malniu (2.229 m),2026-09-18,0.0
Z5,Certascan (2.398 m),2026-09-18,0.0
Z6,Sasseuva (2.226 m),2026-09-18,0.0
Z7,Espot (2.519 m),2026-09-18,0.0
Z9,Cadí Nord (2.145 m) - Prat d'Aguiló,2026-09-18,0.0
ZB,Salòria (2.451 m),2026-09-18,0.0
ZC,Ulldeter (2.413 m),2026-09-18,0.0
ZE,el Port del Comte (2.288 m),2026-09-18,0.0
C6,Castellnou de Seana,2026-09-19,0.0
C7,Tàrrega,2026-09-19,0.0
C8,Cervera,2026-09-19,0.0
C9,Mas de Barberans,2026-09-19,0.0
CC,Orís,2026-09-19,0.0
CD,la Seu d'Urgell - Bellestar,2026-09-19,0.0
CE,els Hostalets de Pierola,2026-09-19,0.0
CG,Molló - Fabert,2026-09-19,0.0
CI,Sant Pau de Segúries,2026-09-19,0.0
CJ,Organyà,2026-09-19,0.0
CL,Sant Salvador de Guardiola,2026-09-19,0.0
CP,Sant Romà d'Abella,2026-09-19,0.0
CQ,Vilanova de Meià,2026-09-19,0.0
CR,la Quar,2026-09-19,0.0
CT,el Pont de Suert,2026-09-19,0.0
CW,l'Espluga de Francolí,2026-09-19,0.0
CY,Muntanyola,2026-09-19,0.0
D1,Margalef,2026-09-19,0.0
D2,Vacarisses,2026-09-19,0.0
D3,Vallirana,2026-09-19,0.0
D4,Roses,2026-09-19,0.0
D5,Barcelona - Observatori Fabra,2026-09-19,0.0
D6,Portbou - coll dels Belitres,2026-09-19,0.0
D7,Vinebre,2026-09-19,0.0
D8,Horta de Sant Joan,2026-09-19,0.0
D9,el Vendrell,2026-09-19,0.0
DB,el Perelló,2026-09-19,0.0
DF,la Bisbal d'Empordà,2026-09-19,0.0
DG,Núria (1.971 m),2026-09-19,0.0
DI,Font-rubí,2026-09-19,0.0
DJ,Banyoles,2026-09-19,0.1
DK,Torredembarra,2026-09-19,0.0
DL,Illa de Buda,2026-09-19,0.0
DN,Anglès,2026-09-19,0.0
DO,Castell d'Aro,2026-09-19,0.0
DP,Das - Aeròdrom,2026-09-19,0.0
DQ,Vila-rodona,2026-09-19,0.0
H1,Òdena,2026-09-19,0.0
J5,Pantà de Darnius - Boadella,2026-09-19,0.0
KE,Pantà de Sau,2026-09-19,0.0
KP,Fogars de la Selva,2026-09-19,0.0
KX,la Roca del Vallès - ETAP Cardedeu,2026-09-19,0.0
M6,Sant Joan de les Abadesses,2026-09-19,0.0
MQ,Cardona,2026-09-19,0.0
MR,Pantà de Siurana,2026-09-19,0.0
MS,Castellar de n'Hug - el Clot del Moro,2026-09-19,0.0
MV,Guixers - Valls,2026-09-19,0.0
MW,Navès,2026-09-19,0.0
U2,Sant Pere Pescador,2026-09-19,0.0
U3,Sant Martí Sarroca,2026-09-19,0.0
U4,Castellnou de Bages,2026-09-19,0.1
U6,Vinyols i els Arcs - Cambrils,2026-09-19,0.0
U7,Aldover,2026-09-19,0.0
U9,l'Aldea,2026-09-19,0.0
UA,l'Ametlla de Mar,2026-09-19,0.0
UB,la Tallada d'Empordà,2026-09-19,0.0
UE,Torroella de Montgrí,2026-09-19,0.0
UF,PN del Garraf - el Rascler,2026-09-19,0.0
UH,el Montmell,2026-09-19,0.0
UI,Gisclareny,2026-09-19,0.0
UJ,Santa Coloma de Queralt,2026-09-19,0.0
UK,Sant Pere de Ribes - PN del Garraf,2026-09-19,0.0
UM,la Granadella,2026-09-19,0.0
UN,Cassà de la Selva,2026-09-19,0.1
UO,Fornells de la Selva,2026-09-19,0.0
UP,Cabrils,2026-09-19,0.0
UQ,Dosrius - PN Montnegre Corredor,2026-09-19,0.0
US,les Cases d'Alcanar,2026-09-19,0.0
UU,Amposta,2026-09-19,0.0
UW,els Alfacs,2026-09-19,0.0
UX,Ulldecona - els Valentins,2026-09-19,0.0
UY,Os de Balaguer - el Monestir d'Avellanes,2026-09-19,0.0
V1,Vallfogona de Balaguer,2026-09-19,0.0
V4,Montesquiu,2026-09-19,0.0
V5,Perafita,2026-09-19,0.0
V8,el Poal,2026-09-19,0.0
VA,Ascó,2026-09-19,0.0
VB,Benissanet,2026-09-19,0.0
VC,Pantà de Riba-roja,2026-09-19,0.0
VD,el Canós,2026-09-19,0.0
VH,Gimenells,2026-09-19,0.0
VK,Raimat,2026-09-19,0.0
VM,Vilanova de Segrià,2026-09-19,0.0
VO,Lladurs,2026-09-19,0.0
VP,Pinós,2026-09-19,0.0
VQ,Constantí,2026-09-19,0.0
VS,Lac Redon (2.245 m),2026-09-19,0.0
VU,Rellinars,2026-09-19,0.1
VV,Sant Llorenç Savall,2026-09-19,0.0
VX,Tagamanent - PN del Montseny,2026-09-19,0.0
VY,Nulles,2026-09-19,0.0
VZ,Espolla,2026-09-19,0.0
W1,Castelló d'Empúries,2026-09-19,0.0
W4,Vilafranca del Penedès - la Granada,2026-09-19,0.0
W5,Oliana,2026-09-19,0.0
W8,Blancafort,2026-09-19,0.0
W9,la Vall d'en Bas,2026-09-19,0.0
WA,Oliola,2026-09-19,0.0
WB,Albesa,2026-09-19,0.0
WC,Golmés,2026-09-19,0.0
WG,Algerri,2026-09-19,0.0
WI,Maials,2026-09-19,0.0
WJ,el Masroig,2026-09-19,0.0
WK,Alfarràs,2026-09-19,0.0
WL,Sant Martí de Riucorb,2026-09-19,0.0
WM,Santuari de Queralt,2026-09-19,0.0
WN,Montserrat - Sant Dimes,2026-09-19,0.0
WO,la Bisbal del Penedès,2026-09-19,0.0
WP,Canaletes,2026-09-19,0.0
WQ,Montsec d'Ares (1.571 m),2026-09-19,0.0
WR,Torroja del Priorat,2026-09-19,0.0
WS,Viladrau,2026-09-19,0.0
WT,Malgrat de Mar,2026-09-19,0.0
WU,Badalona - Museu,2026-09-19,0.0
WV,Guardiola de Berguedà,2026-09-19,0.0
WW,Artés,2026-09-19,0.0
WX,Camarasa,2026-09-19,0.0
WZ,Cunit,2026-09-19,0.0
X1,Falset,2026-09-19,0.0
X3,Alguaire,2026-09-19,0.0
X4,Barcelona - el Raval,2026-09-19,0.0
X5,PN dels Ports,2026-09-19,0.0
X6,Baldomar,2026-09-19,0.0
X7,Torres de Segre,2026-09-19,0.0
X8,Barcelona - Zona Universitària,2026-09-19,0.0
X9,Caldes de Montbui,2026-09-19,0.0
XA,la Panadella,2026-09-19,0.0
XB,la Llacuna,2026-09-19,0.0
XC,Castellbisbal,2026-09-19,0.1
XD,Ulldemolins,2026-09-19,0.0
XE,Tarragona - Complex Educatiu,2026-09-19,0.0
XF,Sabadell - Parc Agrari,2026-09-19,0.0
XG,Parets del Vallès,2026-09-19,0.0
XH,Sort,2026-09-19,0.0
XI,Mollerussa,2026-09-19,0.0
XJ,Girona,2026-09-19,0.1
XK,Puig Sesolles (1.666 m),2026-09-19,0.0
XL,el Prat de Llobregat,2026-09-19,0.0
XM,els Alamús,2026-09-19,0.0
XN,Seròs,2026-09-19,0.0
XO,Vic,2026-09-19,0.0
XP,Gandesa,2026-09-19,0.0
XQ,Tremp,2026-09-19,0.0
XR,Prades,2026-09-19,0.0
XS,Santa Coloma de Farners,2026-09-19,0.0
XT,Solsona,2026-09-19,0.0
XU,Canyelles,2026-09-19,0.0
XV,Sant Cugat del Vallès - CAR,2026-09-19,0.0
XX,Anglesola - Tornabous,2026-09-19,0.0
XY,Alcarràs,2026-09-19,0.0
XZ,Torroella de Fluvià,2026-09-19,0.0
Y4,Alinyà,2026-09-19,0.0
Y5,Navata,2026-09-19,0.0
Y6,Tivissa,2026-09-19,0.0
YA,Puigcerdà,2026-09-19,0.0
YB,Olot,2026-09-19,0.0
YC,la Pobla de Segur,2026-09-19,0.0
YD,les Borges Blanques,2026-09-19,0.0
YE,Massoteres,2026-09-19,0.0
YF,Miami Platja,2026-09-19,0.0
YG,Tírvia,2026-09-19,0.0
YH,Pujalt,2026-09-19,0.0
YJ,Lleida - la Femosa,2026-09-19,0.0
YK,Terrassa,2026-09-19,0.0
YL,Riudecanyes,2026-09-19,0.0
YM,Granollers,2026-09-19,0.0
YN,Vielha - Elipòrt,2026-09-19,0.0
YO,Sant Sadurní d'Anoia,2026-09-19,0.0
YP,Palafrugell,2026-09-19,0.0
YQ,Port de Barcelona - ZAL Prat,2026-09-19,0.0
YR,Vilanova i la Geltrú,2026-09-19,0.0
YS,Cabanes,2026-09-19,0.0
YT,Bonabé (1.691 m),2026-09-19,0.0
YU,Cantonigròs,2026-09-19,0.0
YV,Mataró,2026-09-19,0.0
YX,Batea,2026-09-19,0.0
YY,Viladecans - les Filipines,2026-09-19,0.0
Z1,Bonaigua (2.262 m),2026-09-19,0.0
Z2,Boí (2.537 m),2026-09-19,0.0
Z3,Malniu (2.229 m),2026-09-19,0.0
Z5,Certascan (2.398 m),2026-09-19,0.0
Z6,Sasseuva (2.226 m),2026-09-19,0.0
Z7,Espot (2.519 m),2026-09-19,0.0
Z9,Cadí Nord (2.145 m) - Prat d'Aguiló,2026-09-19,0.0
ZB,Salòria (2.451 m),2026-09-19,0.0
ZC,Ulldeter (2.413 m),2026-09-19,0.0
ZE,el Port del Comte (2.288 m),2026-09-19,0.0
C6,Castellnou de Seana,2026-09-20,0.0
C7,Tàrrega,2026-09-20,0.0
C8,Cervera,2026-09-20,0.0
C9,Mas de Barberans,2026-09-20,0.0
CC,Orís,2026-09-20,0.0
CD,la Seu d'Urgell - Bellestar,2026-09-20,0.0
CE,els Hostalets de Pierola,2026-09-20,0.0
CG,Molló - Fabert,2026-09-20,0.0
CI,Sant Pau de Segúries,2026-09-20,0.0
CJ,Organyà,2026-09-20,0.0
CL,Sant Salvador de Guardiola,2026-09-20,0.0
CP,Sant Romà d'Abella,2026-09-20,0.0
CQ,Vilanova de Meià,2026-09-20,0.0
CR,la Quar,2026-09-20,0.0
CT,el Pont de Suert,2026-09-20,0.0
CW,l'Espluga de Francolí,2026-09-20,0.0
CY,Muntanyola,2026-09-20,0.0
D1,Margalef,2026-09-20,0.0
D2,Vacarisses,2026-09-20,0.0
D3,Vallirana,2026-09-20,0.0
D4,Roses,2026-09-20,0.0
D5,Barcelona - Observatori Fabra,2026-09-20,0.0
D6,Portbou - coll dels Belitres,2026-09-20,0.0
D7,Vinebre,2026-09-20,0.0
D8,Horta de Sant Joan,2026-09-20,0.0
D9,el Vendrell,2026-09-20,0.0
DB,el Perelló,2026-09-20,0.0
DF,la Bisbal d'Empordà,2026-09-20,0.0
DG,Núria (1.971 m),2026-09-20,0.0
DI,Font-rubí,2026-09-20,0.0
DJ,Banyoles,2026-09-20,0.0
DK,Torredembarra,2026-09-20,0.0
DL,Illa de Buda,2026-09-20,0.0
DN,Anglès,2026-09-20,0.0
DO,Castell d'Aro,2026-09-20,0.0
DP,Das - Aeròdrom,2026-09-20,0.0
DQ,Vila-rodona,2026-09-20,0.0
H1,Òdena,2026-09-20,0.0
J5,Pantà de Darnius - Boadella,2026-09-20,0.0
KE,Pantà de Sau,2026-09-20,0.0
KP,Fogars de la Selva,2026-09-20,0.0
KX,la Roca del Vallès - ETAP Cardedeu,2026-09-20,0.0
M6,Sant Joan de les Abadesses,2026-09-20,0.0
MQ,Cardona,2026-09-20,0.0
MR,Pantà de Siurana,2026-09-20,0.0
MS,Castellar de n'Hug - el Clot del Moro,2026-09-20,0.0
MV,Guixers - Valls,2026-09-20,0.0
MW,Navès,2026-09-20,0.0
U2,Sant Pere Pescador,2026-09-20,0.0
U3,Sant Martí Sarroca,2026-09-20,0.0
U4,Castellnou de Bages,2026-09-20,0.0
U6,Vinyols i els Arcs - Cambrils,2026-09-20,0.0
U7,Aldover,2026-09-20,0.0
U9,l'Aldea,2026-09-20,0.0
UA,l'Ametlla de Mar,2026-09-20,0.0
UB,la Tallada d'Empordà,2026-09-20,0.0
UE,Torroella de Montgrí,2026-09-20,0.0
UF,PN del Garraf - el Rascler,2026-09-20,0.0
UH,el Montmell,2026-09-20,0.0
UI,Gisclareny,2026-09-20,0.0
UJ,Santa Coloma de Queralt,2026-09-20,0.1
UK,Sant Pere de Ribes - PN del Garraf,2026-09-20,0.0
UM,la Granadella,2026-09-20,0.0
UN,Cassà de la Selva,2026-09-20,0.1
UO,Fornells de la Selva,2026-09-20,0.0
UP,Cabrils,2026-09-20,0.0
UQ,Dosrius - PN Montnegre Corredor,2026-09-20,0.0
US,les Cases d'Alcanar,2026-09-20,0.0
UU,Amposta,2026-09-20,0.0
UW,els Alfacs,2026-09-20,0.0
UX,Ulldecona - els Valentins,2026-09-20,0.0
UY,Os de Balaguer - el Monestir d'Avellanes,2026-09-20,0.0
V1,Vallfogona de Balaguer,2026-09-20,0.0
V4,Montesquiu,2026-09-20,0.0
V5,Perafita,2026-09-20,0.1
V8,el Poal,2026-09-20,0.0
VA,Ascó,2026-09-20,0.0
VB,Benissanet,2026-09-20,0.0
VC,Pantà de Riba-roja,2026-09-20,0.0
VD,el Canós,2026-09-20,0.0
VH,Gimenells,2026-09-20,0.0
VK,Raimat,2026-09-20,0.0
VM,Vilanova de Segrià,2026-09-20,0.0
VO,Lladurs,2026-09-20,0.0
VP,Pinós,2026-09-20,0.1
VQ,Constantí,2026-09-20,0.0
VS,Lac Redon (2.245 m),2026-09-20,0.0
VU,Rellinars,2026-09-20,0.0
VV,Sant Llorenç Savall,2026-09-20,0.0
VX,Tagamanent - PN del Montseny,2026-09-20,0.0
VY,Nulles,2026-09-20,0.0
VZ,Espolla,2026-09-20,0.0
W1,Castelló d'Empúries,2026-09-20,0.0
W4,Vilafranca del Penedès - la Granada,2026-09-20,0.0
W5,Oliana,2026-09-20,0.0
W8,Blancafort,2026-09-20,0.0
W9,la Vall d'en Bas,2026-09-20,0.0
WA,Oliola,2026-09-20,0.0
WB,Albesa,2026-09-20,0.0
WC,Golmés,2026-09-20,0.0
WG,Algerri,2026-09-20,0.0
WI,Maials,2026-09-20,0.0
WJ,el Masroig,2026-09-20,0.0
WK,Alfarràs,2026-09-20,0.0
WL,Sant Martí de Riucorb,2026-09-20,0.0
WM,Santuari de Queralt,2026-09-20,0.0
WN,Montserrat - Sant Dimes,2026-09-20,0.0
WO,la Bisbal del Penedès,2026-09-20,0.0
WP,Canaletes,2026-09-20,0.0
WQ,Montsec d'Ares (1.571 m),2026-09-20,0.0
WR,Torroja del Priorat,2026-09-20,0.0
WS,Viladrau,2026-09-20,0.1
WT,Malgrat de Mar,2026-09-20,0.0
WU,Badalona - Museu,2026-09-20,0.0
WV,Guardiola de Berguedà,2026-09-20,0.0
WW,Artés,2026-09-20,0.0
WX,Camarasa,2026-09-20,0.0
WZ,Cunit,2026-09-20,0.0
X1,Falset,2026-09-20,0.0
X3,Alguaire,2026-09-20,0.0
X4,Barcelona - el Raval,2026-09-20,0.0
X5,PN dels Ports,2026-09-20,0.0
X6,Baldomar,2026-09-20,0.0
X7,Torres de Segre,2026-09-20,0.0
X8,Barcelona - Zona Universitària,2026-09-20,0.0
X9,Caldes de Montbui,2026-09-20,0.0
XA,la Panadella,2026-09-20,0.0
XB,la Llacuna,2026-09-20,0.0
XC,Castellbisbal,2026-09-20,0.0
XD,Ulldemolins,2026-09-20,0.0
XE,Tarragona - Complex Educatiu,2026-09-20,0.0
XF,Sabadell - Parc Agrari,2026-09-20,0.0
XG,Parets del Vallès,2026-09-20,0.0
XH,Sort,2026-09-20,0.0
XI,Mollerussa,2026-09-20,0.0
XJ,Girona,2026-09-20,0.0
XK,Puig Sesolles (1.666 m),2026-09-20,0.0
XL,el Prat de Llobregat,2026-09-20,0.0
XM,els Alamús,2026-09-20,0.0
XN,Seròs,2026-09-20,0.0
XO,Vic,2026-09-20,0.0
XP,Gandesa,2026-09-20,0.0
XQ,Tremp,2026-09-20,0.0
XR,Prades,2026-09-20,0.0
XS,Santa Coloma de Farners,2026-09-20,0.0
XT,Solsona,2026-09-20,0.0
XU,Canyelles,2026-09-20,0.0
XV,Sant Cugat del Vallès - CAR,2026-09-20,0.0
XX,Anglesola - Tornabous,2026-09-20,0.0
XY,Alcarràs,2026-09-20,0.0
XZ,Torroella de Fluvià,2026-09-20,0.0
Y4,Alinyà,2026-09-20,0.0
Y5,Navata,2026-09-20,0.0
Y6,Tivissa,2026-09-20,0.0
YA,Puigcerdà,2026-09-20,0.0
YB,Olot,2026-09-20,0.0
YC,la Pobla de Segur,2026-09-20,0.0
YD,les Borges Blanques,2026-09-20,0.0
YE,Massoteres,2026-09-20,0.0
YF,Miami Platja,2026-09-20,0.0
YG,Tírvia,2026-09-20,0.0
YH,Pujalt,2026-09-20,0.0
YJ,Lleida - la Femosa,2026-09-20,0.0
YK,Terrassa,2026-09-20,0.0
YL,Riudecanyes,2026-09-20,0.0
YM,Granollers,2026-09-20,0.0
YN,Vielha - Elipòrt,2026-09-20,0.0
YO,Sant Sadurní d'Anoia,2026-09-20,0.0
YP,Palafrugell,2026-09-20,0.0
YQ,Port de Barcelona - ZAL Prat,2026-09-20,0.0
YR,Vilanova i la Geltrú,2026-09-20,0.0
YS,Cabanes,2026-09-20,0.0
YT,Bonabé (1.691 m),2026-09-20,0.0
YU,Cantonigròs,2026-09-20,0.0
YV,Mataró,2026-09-20,0.0
YX,Batea,2026-09-20,0.0
YY,Viladecans - les Filipines,2026-09-20,0.0
Z1,Bonaigua (2.262 m),2026-09-20,0.0
Z2,Boí (2.537 m),2026-09-20,0.0
Z3,Malniu (2.229 m),2026-09-20,0.0
Z5,Certascan (2.398 m),2026-09-20,0.0
Z6,Sasseuva (2.226 m),2026-09-20,0.0
Z7,Espot (2.519 m),2026-09-20,0.0
Z9,Cadí Nord (2.145 m) - Prat d'Aguiló,2026-09-20,0.0
ZB,Salòria (2.451 m),2026-09-20,0.0
ZC,Ulldeter (2.413 m),2026-09-20,0.0
ZE,el Port del Comte (2.288 m),2026-09-20,0.0
C6,Castellnou de Seana,2026-09-21,0.0
C7,Tàrrega,2026-09-21,0.0
C8,Cervera,2026-09-21,0.0
C9,Mas de Barberans,2026-09-21,0.0
CC,Orís,2026-09-21,0.0
CD,la Seu d'Urgell - Bellestar,2026-09-21,0.0
CE,els Hostalets de Pierola,2026-09-21,0.0
CG,Molló - Fabert,2026-09-21,0.0
CI,Sant Pau de Segúries,2026-09-21,0.0
CJ,Organyà,2026-09-21,0.0
CL,Sant Salvador de Guardiola,2026-09-21,0.0
CP,Sant Romà d'Abella,2026-09-21,0.0
CQ,Vilanova de Meià,2026-09-21,0.0
CR,la Quar,2026-09-21,0.0
CT,el Pont de Suert,2026-09-21,0.0
CW,l'Espluga de Francolí,2026-09-21,0.0
CY,Muntanyola,2026-09-21,0.0
D1,Margalef,2026-09-21,0.0
D2,Vacarisses,2026-09-21,0.0
D3,Vallirana,2026-09-21,0.0
D4,Roses,2026-09-21,0.0
D5,Barcelona - Observatori Fabra,2026-09-21,0.0
D6,Portbou - coll dels Belitres,2026-09-21,0.0
D7,Vinebre,2026-09-21,0.0
D8,Horta de Sant Joan,2026-09-21,0.0
D9,el Vendrell,2026-09-21,0.0
DB,el Perelló,2026-09-21,0.0
DF,la Bisbal d'Empordà,2026-09-21,0.0
DG,Núria (1.971 m),2026-09-21,0.0
DI,Font-rubí,2026-09-21,0.0
DJ,Banyoles,2026-09-21,0.0
DK,Torredembarra,2026-09-21,0.0
DL,Illa de Buda,2026-09-21,0.0
DN,Anglès,2026-09-21,0.0
DO,Castell d'Aro,2026-09-21,0.0
DP,Das - Aeròdrom,2026-09-21,0.0
DQ,Vila-rodona,2026-09-21,0.0
H1,Òdena,2026-09-21,0.0
J5,Pantà de Darnius - Boadella,2026-09-21,0.0
KE,Pantà de Sau,2026-09-21,0.0
KP,Fogars de la Selva,2026-09-21,0.0
KX,la Roca del Vallès - ETAP Cardedeu,2026-09-21,0.0
M6,Sant Joan de les Abadesses,2026-09-21,0.0
MQ,Cardona,2026-09-21,0.0
MR,Pantà de Siurana,2026-09-21,0.0
MS,Castellar de n'Hug - el Clot del Moro,2026-09-21,0.0
MV,Guixers - Valls,2026-09-21,0.0
MW,Navès,2026-09-21,0.0
U2,Sant Pere Pescador,2026-09-21,0.0
U3,Sant Martí Sarroca,2026-09-21,0.0
U4,Castellnou de Bages,2026-09-21,0.0
U6,Vinyols i els Arcs - Cambrils,2026-09-21,0.0
U7,Aldover,2026-09-21,0.0
U9,l'Aldea,2026-09-21,0.0
UA,l'Ametlla de Mar,2026-09-21,0.0
UB,la Tallada d'Empordà,2026-09-21,0.0
UE,Torroella de Montgrí,2026-09-21,0.0
UF,PN del Garraf - el Rascler,2026-09-21,0.0
UH,el Montmell,2026-09-21,0.0
UI,Gisclareny,2026-09-21,0.0
UJ,Santa Coloma de Queralt,2026-09-21,0.0
UK,Sant Pere de Ribes - PN del Garraf,2026-09-21,0.0
UM,la Granadella,2026-09-21,0.0
UN,Cassà de la Selva,2026-09-21,0.0
UO,Fornells de la Selva,2026-09-21,0.0
UP,Cabrils,2026-09-21,0.0
UQ,Dosrius - PN Montnegre Corredor,2026-09-21,0.0
US,les Cases d'Alcanar,2026-09-21,0.0
UU,Amposta,2026-09-21,0.0
UW,els Alfacs,2026-09-21,0.0
UX,Ulldecona - els Valentins,2026-09-21,0.0
UY,Os de Balaguer - el Monestir d'Avellanes,2026-09-21,0.0
V1,Vallfogona de Balaguer,2026-09-21,0.0
V4,Montesquiu,2026-09-21,0.0
V5,Perafita,2026-09-21,0.0
V8,el Poal,2026-09-21,0.0
VA,Ascó,2026-09-21,0.0
VB,Benissanet,2026-09-21,0.0
VC,Pantà de Riba-roja,2026-09-21,0.0
VD,el Canós,2026-09-21,0.0
VH,Gimenells,2026-09-21,0.0
VK,Raimat,2026-09-21,0.0
VM,Vilanova de Segrià,2026-09-21,0.0
VO,Lladurs,2026-09-21,0.0
VP,Pinós,2026-09-21,0.0
VQ,Constantí,2026-09-21,0.0
VS,Lac Redon (2.245 m),2026-09-21,0.0
VU,Rellinars,2026-09-21,0.0
VV,Sant Llorenç Savall,2026-09-21,0.0
VX,Tagamanent - PN del Montseny,2026-09-21,0.0
VY,Nulles,2026-09-21,0.0
VZ,Espolla,2026-09-21,0.0
W1,Castelló d'Empúries,2026-09-21,0.0
W4,Vilafranca del Penedès - la Granada,2026-09-21,0.0
W5,Oliana,2026-09-21,0.0
W8,Blancafort,2026-09-21,0.0
W9,la Vall d'en Bas,2026-09-21,0.0
WA,Oliola,2026-09-21,0.0
WB,Albesa,2026-09-21,0.0
WC,Golmés,2026-09-21,0.0
WG,Algerri,2026-09-21,0.0
WI,Maials,2026-09-21,0.0
WJ,el Masroig,2026-09-21,0.0
WK,Alfarràs,2026-09-21,0.0
WL,Sant Martí de Riucorb,2026-09-21,0.0
WM,Santuari de Queralt,2026-09-21,0.0
WN,Montserrat - Sant Dimes,2026-09-21,0.0
WO,la Bisbal del Penedès,2026-09-21,0.0
WP,Canaletes,2026-09-21,0.0
WQ,Montsec d'Ares (1.571 m),2026-09-21,0.0
WR,Torroja del Priorat,2026-09-21,0.0
WS,Viladrau,2026-09-21,0.0
WT,Malgrat de Mar,2026-09-21,0.0
WU,Badalona - Museu,2026-09-21,0.0
WV,Guardiola de Berguedà,2026-09-21,0.0
WW,Artés,2026-09-21,0.0
WX,Camarasa,2026-09-21,0.0
WZ,Cunit,2026-09-21,0.0
X1,Falset,2026-09-21,0.0
X3,Alguaire,2026-09-21,0.0
X4,Barcelona - el Raval,2026-09-21,0.0
X5,PN dels Ports,2026-09-21,0.0
X6,Baldomar,2026-09-21,0.0
X7,Torres de Segre,2026-09-21,0.0
X8,Barcelona - Zona Universitària,2026-09-21,0.0
X9,Caldes de Montbui,2026-09-21,0.0
XA,la Panadella,2026-09-21,0.0
XB,la Llacuna,2026-09-21,0.0
XC,Castellbisbal,2026-09-21,0.0
XD,Ulldemolins,2026-09-21,0.0
XE,Tarragona - Complex Educatiu,2026-09-21,0.0
XF,Sabadell - Parc Agrari,2026-09-21,0.0
XG,Parets del Vallès,2026-09-21,0.0
XH,Sort,2026-09-21,0.0
XI,Mollerussa,2026-09-21,0.0
XJ,Girona,2026-09-21,0.0
XK,Puig Sesolles (1.666 m),2026-09-21,0.0
XL,el Prat de Llobregat,2026-09-21,0.0
XM,els Alamús,2026-09-21,0.0
XN,Seròs,2026-09-21,0.0
XO,Vic,2026-09-21,0.0
XP,Gandesa,2026-09-21,0.0
XQ,Tremp,2026-09-21,0.0
XR,Prades,2026-09-21,0.0
XS,Santa Coloma de Farners,2026-09-21,0.0
XT,Solsona,2026-09-21,0.0
XU,Canyelles,2026-09-21,0.0
XV,Sant Cugat del Vallès - CAR,2026-09-21,0.0
XX,Anglesola - Tornabous,2026-09-21,0.0
XY,Alcarràs,2026-09-21,0.0
XZ,Torroella de Fluvià,2026-09-21,0.0
Y4,Alinyà,2026-09-21,0.0
Y5,Navata,2026-09-21,0.0
Y6,Tivissa,2026-09-21,0.0
YA,Puigcerdà,2026-09-21,0.0
YB,Olot,2026-09-21,0.0
YC,la Pobla de Segur,2026-09-21,0.0
YD,les Borges Blanques,2026-09-21,0.0
YE,Massoteres,2026-09-21,0.0
YF,Miami Platja,2026-09-21,0.0
YG,Tírvia,2026-09-21,0.0
YH,Pujalt,2026-09-21,0.0
YJ,Lleida - la Femosa,2026-09-21,0.0
YK,Terrassa,2026-09-21,0.0
YL,Riudecanyes,2026-09-21,0.0
YM,Granollers,2026-09-21,0.0
YN,Vielha - Elipòrt,2026-09-21,0.0
YO,Sant Sadurní d'Anoia,2026-09-21,0.0
YP,Palafrugell,2026-09-21,0.0
YQ,Port de Barcelona - ZAL Prat,2026-09-21,0.0
YR,Vilanova i la Geltrú,2026-09-21,0.0
YS,Cabanes,2026-09-21,0.0
YT,Bonabé (1.691 m),2026-09-21,0.0
YU,Cantonigròs,2026-09-21,0.0
YV,Mataró,2026-09-21,0.0
YX,Batea,2026-09-21,0.0
YY,Viladecans - les Filipines,2026-09-21,0.0
Z1,Bonaigua (2.262 m),2026-09-21,0.0
Z2,Boí (2.537 m),2026-09-21,0.0
Z3,Malniu (2.229 m),2026-09-21,0.0
Z5,Certascan (2.398 m),2026-09-21,0.0
Z6,Sasseuva (2.226 m),2026-09-21,0.0
Z7,Espot (2.519 m),2026-09-21,0.0
Z9,Cadí Nord (2.145 m) - Prat d'Aguiló,2026-09-21,0.0
ZB,Salòria (2.451 m),2026-09-21,0.0
ZC,Ulldeter (2.413 m),2026-09-21,0.0
ZE,el Port del Comte (2.288 m),2026-09-21,0.0
C6,Castellnou de Seana,2026-09-22,0.0
C7,Tàrrega,2026-09-22,0.0
C8,Cervera,2026-09-22,0.0
C9,Mas de Barberans,2026-09-22,0.0
CC,Orís,2026-09-22,0.0
CD,la Seu d'Urgell - Bellestar,2026-09-22,0.0
CE,els Hostalets de Pierola,2026-09-22,0.0
CG,Molló - Fabert,2026-09-22,0.0
CI,Sant Pau de Segúries,2026-09-22,0.0
CJ,Organyà,2026-09-22,0.0
CL,Sant Salvador de Guardiola,2026-09-22,0.0
CP,Sant Romà d'Abella,2026-09-22,0.0
CQ,Vilanova de Meià,2026-09-22,0.0
CR,la Quar,2026-09-22,0.0
CT,el Pont de Suert,2026-09-22,0.0
CW,l'Espluga de Francolí,2026-09-22,0.0
CY,Muntanyola,2026-09-22,0.0
D1,Margalef,2026-09-22,0.0
D2,Vacarisses,2026-09-22,0.0
D3,Vallirana,2026-09-22,0.0
D4,Roses,2026-09-22,0.0
D5,Barcelona - Observatori Fabra,2026-09-22,0.0
D6,Portbou - coll dels Belitres,2026-09-22,0.0
D7,Vinebre,2026-09-22,0.0
D8,Horta de Sant Joan,2026-09-22,0.0
D9,el Vendrell,2026-09-22,0.0
DB,el Perelló,2026-09-22,0.0
DF,la Bisbal d'Empordà,2026-09-22,0.0
DG,Núria (1.971 m),2026-09-22,0.0
DI,Font-rubí,2026-09-22,0.0
DJ,Banyoles,2026-09-22,0.0
DK,Torredembarra,2026-09-22,0.0
DL,Illa de Buda,2026-09-22,0.0
DN,Anglès,2026-09-22,0.0
DO,Castell d'Aro,2026-09-22,0.0
DP,Das - Aeròdrom,2026-09-22,0.0
DQ,Vila-rodona,2026-09-22,0.0
H1,Òdena,2026-09-22,0.0
J5,Pantà de Darnius - Boadella,2026-09-22,0.0
KE,Pantà de Sau,2026-09-22,0.0
KP,Fogars de la Selva,2026-09-22,0.0
KX,la Roca del Vallès - ETAP Cardedeu,2026-09-22,0.0
M6,Sant Joan de les Abadesses,2026-09-22,0.0
MQ,Cardona,2026-09-22,0.0
MR,Pantà de Siurana,2026-09-22,0.0
MS,Castellar de n'Hug - el Clot del Moro,2026-09-22,0.0
MV,Guixers - Valls,2026-09-22,0.0
MW,Navès,2026-09-22,0.0
U2,Sant Pere Pescador,2026-09-22,0.0
U3,Sant Martí Sarroca,2026-09-22,0.0
U4,Castellnou de Bages,2026-09-22,0.0
U6,Vinyols i els Arcs - Cambrils,2026-09-22,0.0
U7,Aldover,2026-09-22,0.0
U9,l'Aldea,2026-09-22,0.0
UA,l'Ametlla de Mar,2026-09-22,0.0
UB,la Tallada d'Empordà,2026-09-22,0.0
UE,Torroella de Montgrí,2026-09-22,0.0
UF,PN del Garraf - el Rascler,2026-09-22,0.0
UH,el Montmell,2026-09-22,0.0
UI,Gisclareny,2026-09-22,0.0
UJ,Santa Coloma de Queralt,2026-09-22,0.0
UK,Sant Pere de Ribes - PN del Garraf,2026-09-22,0.0
UM,la Granadella,2026-09-22,0.0
UN,Cassà de la Selva,2026-09-22,0.0
UO,Fornells de la Selva,2026-09-22,0.0
UP,Cabrils,2026-09-22,0.0
UQ,Dosrius - PN Montnegre Corredor,2026-09-22,0.0
US,les Cases d'Alcanar,2026-09-22,0.0
UU,Amposta,2026-09-22,0.0
UW,els Alfacs,2026-09-22,0.0
UX,Ulldecona - els Valentins,2026-09-22,0.0
UY,Os de Balaguer - el Monestir d'Avellanes,2026-09-22,0.0
V1,Vallfogona de Balaguer,2026-09-22,0.0
V4,Montesquiu,2026-09-22,0.0
V5,Perafita,2026-09-22,0.0
V8,el Poal,2026-09-22,0.0
VA,Ascó,2026-09-22,0.0
VB,Benissanet,2026-09-22,0.0
VC,Pantà de Riba-roja,2026-09-22,0.0
VD,el Canós,2026-09-22,0.0
VH,Gimenells,2026-09-22,0.0
VK,Raimat,2026-09-22,0.0
VM,Vilanova de Segrià,2026-09-22,0.0
VO,Lladurs,2026-09-22,0.0
VP,Pinós,2026-09-22,0.0
VQ,Constantí,2026-09-22,0.0
VS,Lac Redon (2.245 m),2026-09-22,0.0
VU,Rellinars,2026-09-22,0.0
VV,Sant Llorenç Savall,2026-09-22,0.0
VX,Tagamanent - PN del Montseny,2026-09-22,0.0
VY,Nulles,2026-09-22,0.0
VZ,Espolla,2026-09-22,0.0
W1,Castelló d'Empúries,2026-09-22,0.0
W4,Vilafranca del Penedès - la Granada,2026-09-22,0.0
W5,Oliana,2026-09-22,0.0
W8,Blancafort,2026-09-22,0.0
W9,la Vall d'en Bas,2026-09-22,0.0
WA,Oliola,2026-09-22,0.0
WB,Albesa,2026-09-22,0.0
WC,Golmés,2026-09-22,0.0
WG,Algerri,2026-09-22,0.0
WI,Maials,2026-09-22,0.0
WJ,el Masroig,2026-09-22,0.0
WK,Alfarràs,2026-09-22,0.0
WL,Sant Martí de Riucorb,2026-09-22,0.0
WM,Santuari de Queralt,2026-09-22,0.0
WN,Montserrat - Sant Dimes,2026-09-22,0.0
WO,la Bisbal del Penedès,2026-09-22,0.0
WP,Canaletes,2026-09-22,0.0
WQ,Montsec d'Ares (1.571 m),2026-09-22,0.0
WR,Torroja del Priorat,2026-09-22,0.0
WS,Viladrau,2026-09-22,0.0
WT,Malgrat de Mar,2026-09-22,0.0
WU,Badalona - Museu,2026-09-22,0.0
WV,Guardiola de Berguedà,2026-09-22,0.0
WW,Artés,2026-09-22,0.0
WX,Camarasa,2026-09-22,0.0
WZ,Cunit,2026-09-22,0.0
X1,Falset,2026-09-22,0.0
X3,Alguaire,2026-09-22,0.0
X4,Barcelona - el Raval,2026-09-22,0.0
X5,PN dels Ports,2026-09-22,0.0
X6,Baldomar,2026-09-22,0.0
X7,Torres de Segre,2026-09-22,0.0
X8,Barcelona - Zona Universitària,2026-09-22,0.0
X9,Caldes de Montbui,2026-09-22,0.0
XA,la Panadella,2026-09-22,0.0
XB,la Llacuna,2026-09-22,0.0
XC,Castellbisbal,2026-09-22,0.0
XD,Ulldemolins,2026-09-22,0.0
XE,Tarragona - Complex Educatiu,2026-09-22,0.0
XF,Sabadell - Parc Agrari,2026-09-22,0.0
XG,Parets del Vallès,2026-09-22,0.0
XH,Sort,2026-09-22,0.0
XI,Mollerussa,2026-09-22,0.0
XJ,Girona,2026-09-22,0.0
XK,Puig Sesolles (1.666 m),2026-09-22,0.0
XL,el Prat de Llobregat,2026-09-22,0.0
XM,els Alamús,2026-09-22,0.0
XN,Seròs,2026-09-22,0.0
XO,Vic,2026-09-22,0.0
XP,Gandesa,2026-09-22,0.0
XQ,Tremp,2026-09-22,0.0
XR,Prades,2026-09-22,0.0
XS,Santa Coloma de Farners,2026-09-22,0.0
XT,Solsona,2026-09-22,0.0
XU,Canyelles,2026-09-22,0.0
XV,Sant Cugat del Vallès - CAR,2026-09-22,0.0
XX,Anglesola - Tornabous,2026-09-22,0.0
XY,Alcarràs,2026-09-22,0.0
XZ,Torroella de Fluvià,2026-09-22,0.0
Y4,Alinyà,2026-09-22,0.0
Y5,Navata,2026-09-22,0.0
Y6,Tivissa,2026-09-22,0.0
YA,Puigcerdà,2026-09-22,0.0
YB,Olot,2026-09-22,0.0
YC,la Pobla de Segur,2026-09-22,0.0
YD,les Borges Blanques,2026-09-22,0.0
YE,Massoteres,2026-09-22,0.0
YF,Miami Platja,2026-09-22,0.0
YG,Tírvia,2026-09-22,0.0
YH,Pujalt,2026-09-22,0.0
YJ,Lleida - la Femosa,2026-09-22,0.0
YK,Terrassa,2026-09-22,0.0
YL,Riudecanyes,2026-09-22,0.0
YM,Granollers,2026-09-22,0.0
YN,Vielha - Elipòrt,2026-09-22,0.0
YO,Sant Sadurní d'Anoia,2026-09-22,0.0
YP,Palafrugell,2026-09-22,0.0
YQ,Port de Barcelona - ZAL Prat,2026-09-22,0.0
YR,Vilanova i la Geltrú,2026-09-22,0.0
YS,Cabanes,2026-09-22,0.0
YT,Bonabé (1.691 m),2026-09-22,0.0
YU,Cantonigròs,2026-09-22,0.0
YV,Mataró,2026-09-22,0.0
YX,Batea,2026-09-22,0.0
YY,Viladecans - les Filipines,2026-09-22,0.0
Z1,Bonaigua (2.262 m),2026-09-22,0.0
Z2,Boí (2.537 m),2026-09-22,0.0
Z3,Malniu (2.229 m),2026-09-22,0.0
Z5,Certascan (2.398 m),2026-09-22,0.0
Z6,Sasseuva (2.226 m),2026-09-22,0.0
Z7,Espot (2.519 m),2026-09-22,0.0
Z9,Cadí Nord (2.145 m) - Prat d'Aguiló,2026-09-22,0.0
ZB,Salòria (2.451 m),2026-09-22,0.0
ZC,Ulldeter (2.413 m),2026-09-22,0.0
ZE,el Port del Comte (2.288 m),2026-09-22,0.0
C6,Castellnou de Seana,2026-09-23,0.0
C7,Tàrrega,2026-09-23,0.0
C8,Cervera,2026-09-23,0.0
C9,Mas de Barberans,2026-09-23,0.0
CC,Orís,2026-09-23,0.0
CD,la Seu d'Urgell - Bellestar,2026-09-23,0.0
CE,els Hostalets de Pierola,2026-09-23,0.0
CG,Molló - Fabert,2026-09-23,0.0
CI,Sant Pau de Segúries,2026-09-23,0.0
CJ,Organyà,2026-09-23,0.0
CL,Sant Salvador de Guardiola,2026-09-23,0.0
CP,Sant Romà d'Abella,2026-09-23,0.0
CQ,Vilanova de Meià,2026-09-23,0.0
CR,la Quar,2026-09-23,0.0
CT,el Pont de Suert,2026-09-23,0.0
CW,l'Espluga de Francolí,2026-09-23,0.0
CY,Muntanyola,2026-09-23,0.0
D1,Margalef,2026-09-23,0.0
D2,Vacarisses,2026-09-23,0.0
D3,Vallirana,2026-09-23,0.0
D4,Roses,2026-09-23,0.0
D5,Barcelona - Observatori Fabra,2026-09-23,0.0
D6,Portbou - coll dels Belitres,2026-09-23,0.0
D7,Vinebre,2026-09-23,0.0
D8,Horta de Sant Joan,2026-09-23,0.0
D9,el Vendrell,2026-09-23,0.0
DB,el Perelló,2026-09-23,0.0
DF,la Bisbal d'Empordà,2026-09-23,0.0
DG,Núria (1.971 m),2026-09-23,0.0
DI,Font-rubí,2026-09-23,0.0
DJ,Banyoles,2026-09-23,0.0
DK,Torredembarra,2026-09-23,0.0
DL,Illa de Buda,2026-09-23,0.0
DN,Anglès,2026-09-23,0.0
DO,Castell d'Aro,2026-09-23,0.0
DP,Das - Aeròdrom,2026-09-23,0.0
DQ,Vila-rodona,2026-09-23,0.0
H1,Òdena,2026-09-23,0.0
J5,Pantà de Darnius - Boadella,2026-09-23,0.0
KE,Pantà de Sau,2026-09-23,0.0
KP,Fogars de la Selva,2026-09-23,0.0
KX,la Roca del Vallès - ETAP Cardedeu,2026-09-23,0.0
M6,Sant Joan de les Abadesses,2026-09-23,0.0
MQ,Cardona,2026-09-23,0.0
MR,Pantà de Siurana,2026-09-23,0.0
MS,Castellar de n'Hug - el Clot del Moro,2026-09-23,0.0
MV,Guixers - Valls,2026-09-23,0.0
MW,Navès,2026-09-23,0.0
U2,Sant Pere Pescador,2026-09-23,0.0
U3,Sant Martí Sarroca,2026-09-23,0.0
U4,Castellnou de Bages,2026-09-23,0.0
U6,Vinyols i els Arcs - Cambrils,2026-09-23,0.0
U7,Aldover,2026-09-23,0.0
U9,l'Aldea,2026-09-23,0.0
UA,l'Ametlla de Mar,2026-09-23,0.0
UB,la Tallada d'Empordà,2026-09-23,0.0
UE,Torroella de Montgrí,2026-09-23,0.0
UF,PN del Garraf - el Rascler,2026-09-23,0.0
UH,el Montmell,2026-09-23,0.0
UI,Gisclareny,2026-09-23,0.0
UJ,Santa Coloma de Queralt,2026-09-23,0.0
UK,Sant Pere de Ribes - PN del Garraf,2026-09-23,0.0
UM,la Granadella,2026-09-23,0.0
UN,Cassà de la Selva,2026-09-23,0.0
UO,Fornells de la Selva,2026-09-23,0.0
UP,Cabrils,2026-09-23,0.0
UQ,Dosrius - PN Montnegre Corredor,2026-09-23,0.0
US,les Cases d'Alcanar,2026-09-23,0.0
UU,Amposta,2026-09-23,0.0
UW,els Alfacs,2026-09-23,0.0
UX,Ulldecona - els Valentins,2026-09-23,0.0
UY,Os de Balaguer - el Monestir d'Avellanes,2026-09-23,0.0
V1,Vallfogona de Balaguer,2026-09-23,0.0
V4,Montesquiu,2026-09-23,0.0
V5,Perafita,2026-09-23,0.0
V8,el Poal,2026-09-23,0.0
VA,Ascó,2026-09-23,0.0
VB,Benissanet,2026-09-23,0.0
VC,Pantà de Riba-roja,2026-09-23,0.0
VD,el Canós,2026-09-23,0.0
VH,Gimenells,2026-09-23,0.0
VK,Raimat,2026-09-23,0.0
VM,Vilanova de Segrià,2026-09-23,0.0
VO,Lladurs,2026-09-23,0.0
VP,Pinós,2026-09-23,0.1
VQ,Constantí,2026-09-23,0.0
VS,Lac Redon (2.245 m),2026-09-23,0.0
VU,Rellinars,2026-09-23,0.0
VV,Sant Llorenç Savall,2026-09-23,0.0
VX,Tagamanent - PN del Montseny,2026-09-23,0.0
VY,Nulles,2026-09-23,0.0
VZ,Espolla,2026-09-23,0.0
W1,Castelló d'Empúries,2026-09-23,0.0
W4,Vilafranca del Penedès - la Granada,2026-09-23,0.0
W5,Oliana,2026-09-23,0.0
W8,Blancafort,2026-09-23,0.0
W9,la Vall d'en Bas,2026-09-23,0.0
WA,Oliola,2026-09-23,0.0
WB,Albesa,2026-09-23,0.0
WC,Golmés,2026-09-23,0.0
WG,Algerri,2026-09-23,0.0
WI,Maials,2026-09-23,0.0
WJ,el Masroig,2026-09-23,0.0
WK,Alfarràs,2026-09-23,0.0
WL,Sant Martí de Riucorb,2026-09-23,0.0
WM,Santuari de Queralt,2026-09-23,0.0
WN,Montserrat - Sant Dimes,2026-09-23,0.0
WO,la Bisbal del Penedès,2026-09-23,0.0
WP,Canaletes,2026-09-23,0.0
WQ,Montsec d'Ares (1.571 m),2026-09-23,0.0
WR,Torroja del Priorat,2026-09-23,0.0
WS,Viladrau,2026-09-23,0.0
WT,Malgrat de Mar,2026-09-23,0.0
WU,Badalona - Museu,2026-09-23,0.0
WV,Guardiola de Berguedà,2026-09-23,0.0
WW,Artés,2026-09-23,0.0
WX,Camarasa,2026-09-23,0.0
WZ,Cunit,2026-09-23,0.0
X1,Falset,2026-09-23,0.0
X3,Alguaire,2026-09-23,0.0
X4,Barcelona - el Raval,2026-09-23,0.0
X5,PN dels Ports,2026-09-23,0.0
X6,Baldomar,2026-09-23,0.0
X7,Torres de Segre,2026-09-23,0.0
X8,Barcelona - Zona Universitària,2026-09-23,0.0
X9,Caldes de Montbui,2026-09-23,0.0
XA,la Panadella,2026-09-23,0.0
XB,la Llacuna,2026-09-23,0.0
XC,Castellbisbal,2026-09-23,0.0
XD,Ulldemolins,2026-09-23,0.0
XE,Tarragona - Complex Educatiu,2026-09-23,0.0
XF,Sabadell - Parc Agrari,2026-09-23,0.0
XG,Parets del Vallès,2026-09-23,0.0
XH,Sort,2026-09-23,0.0
XI,Mollerussa,2026-09-23,0.0
XJ,Girona,2026-09-23,0.0
XK,Puig Sesolles (1.666 m),2026-09-23,0.0
XL,el Prat de Llobregat,2026-09-23,0.0
XM,els Alamús,2026-09-23,0.1
XN,Seròs,2026-09-23,0.0
XO,Vic,2026-09-23,0.0
XP,Gandesa,2026-09-23,0.0
XQ,Tremp,2026-09-23,0.0
XR,Prades,2026-09-23,0.0
XS,Santa Coloma de Farners,2026-09-23,0.0
XT,Solsona,2026-09-23,0.0
XU,Canyelles,2026-09-23,0.0
XV,Sant Cugat del Vallès - CAR,2026-09-23,0.0
XX,Anglesola - Tornabous,2026-09-23,0.0
XY,Alcarràs,2026-09-23,0.0
XZ,Torroella de Fluvià,2026-09-23,0.0
Y4,Alinyà,2026-09-23,0.0
Y5,Navata,2026-09-23,0.0
Y6,Tivissa,2026-09-23,0.0
YA,Puigcerdà,2026-09-23,0.0
YB,Olot,2026-09-23,0.0
YC,la Pobla de Segur,2026-09-23,0.0
YD,les Borges Blanques,2026-09-23,0.0
YE,Massoteres,2026-09-23,0.0
YF,Miami Platja,2026-09-23,0.0
YG,Tírvia,2026-09-23,0.0
YH,Pujalt,2026-09-23,0.0
YJ,Lleida - la Femosa,2026-09-23,0.0
YK,Terrassa,2026-09-23,0.0
YL,Riudecanyes,2026-09-23,0.0
YM,Granollers,2026-09-23,0.0
YN,Vielha - Elipòrt,2026-09-23,0.0
YO,Sant Sadurní d'Anoia,2026-09-23,0.0
YP,Palafrugell,2026-09-23,0.0
YQ,Port de Barcelona - ZAL Prat,2026-09-23,0.0
YR,Vilanova i la Geltrú,2026-09-23,0.0
YS,Cabanes,2026-09-23,0.0
YT,Bonabé (1.691 m),2026-09-23,0.0
YU,Cantonigròs,2026-09-23,0.0
YV,Mataró,2026-09-23,0.0
YX,Batea,2026-09-23,0.0
YY,Viladecans - les Filipines,2026-09-23,0.0
Z1,Bonaigua (2.262 m),2026-09-23,0.0
Z2,Boí (2.537 m),2026-09-23,0.0
Z3,Malniu (2.229 m),2026-09-23,0.0
Z5,Certascan (2.398 m),2026-09-23,0.0
Z6,Sasseuva (2.226 m),2026-09-23,0.0
Z7,Espot (2.519 m),2026-09-23,0.0
Z9,Cadí Nord (2.145 m) - Prat d'Aguiló,2026-09-23,0.0
ZB,Salòria (2.451 m),2026-09-23,0.0
ZC,Ulldeter (2.413 m),2026-09-23,0.0
ZE,el Port del Comte (2.288 m),2026-09-23,0.0
C6,Castellnou de Seana,2026-09-24,0.0
C7,Tàrrega,2026-09-24,0.0
C8,Cervera,2026-09-24,0.0
C9,Mas de Barberans,2026-09-24,0.0
CC,Orís,2026-09-24,0.0
CD,la Seu d'Urgell - Bellestar,2026-09-24,0.0
CE,els Hostalets de Pierola,2026-09-24,0.0
CG,Molló - Fabert,2026-09-24,0.0
CI,Sant Pau de Segúries,2026-09-24,0.0
CJ,Organyà,2026-09-24,0.0
CL,Sant Salvador de Guardiola,2026-09-24,0.0
CP,Sant Romà d'Abella,2026-09-24,0.0
CQ,Vilanova de Meià,2026-09-24,0.0
CR,la Quar,2026-09-24,0.0
CT,el Pont de Suert,2026-09-24,0.0
CW,l'Espluga de Francolí,2026-09-24,0.0
CY,Muntanyola,2026-09-24,0.0
D1,Margalef,2026-09-24,0.0
D2,Vacarisses,2026-09-24,0.0
D3,Vallirana,2026-09-24,0.0
D4,Roses,2026-09-24,0.0
D5,Barcelona - Observatori Fabra,2026-09-24,0.0
D6,Portbou - coll dels Belitres,2026-09-24,0.0
D7,Vinebre,2026-09-24,0.0
D8,Horta de Sant Joan,2026-09-24,0.0
D9,el Vendrell,2026-09-24,0.0
DB,el Perelló,2026-09-24,0.0
DF,la Bisbal d'Empordà,2026-09-24,0.0
DG,Núria (1.971 m),2026-09-24,0.0
DI,Font-rubí,2026-09-24,0.0
DJ,Banyoles,2026-09-24,0.0
DK,Torredembarra,2026-09-24,0.0
DL,Illa de Buda,2026-09-24,0.0
DN,Anglès,2026-09-24,0.0
DO,Castell d'Aro,2026-09-24,0.0
DP,Das - Aeròdrom,2026-09-24,0.0
DQ,Vila-rodona,2026-09-24,0.0
H1,Òdena,2026-09-24,0.0
J5,Pantà de Darnius - Boadella,2026-09-24,0.0
KE,Pantà de Sau,2026-09-24,0.0
KP,Fogars de la Selva,2026-09-24,0.0
KX,la Roca del Vallès - ETAP Cardedeu,2026-09-24,0.0
M6,Sant Joan de les Abadesses,2026-09-24,0.0
MQ,Cardona,2026-09-24,0.0
MR,Pantà de Siurana,2026-09-24,0.0
MS,Castellar de n'Hug - el Clot del Moro,2026-09-24,0.0
MV,Guixers - Valls,2026-09-24,0.0
MW,Navès,2026-09-24,0.0
U2,Sant Pere Pescador,2026-09-24,0.1
U3,Sant Martí Sarroca,2026-09-24,0.0
U4,Castellnou de Bages,2026-09-24,0.0
U6,Vinyols i els Arcs - Cambrils,2026-09-24,0.0
U7,Aldover,2026-09-24,0.0
U9,l'Aldea,2026-09-24,0.0
UA,l'Ametlla de Mar,2026-09-24,0.0
UB,la Tallada d'Empordà,2026-09-24,0.1
UE,Torroella de Montgrí,2026-09-24,0.1
UF,PN del Garraf - el Rascler,2026-09-24,0.0
UH,el Montmell,2026-09-24,0.0
UI,Gisclareny,2026-09-24,0.0
UJ,Santa Coloma de Queralt,2026-09-24,0.0
UK,Sant Pere de Ribes - PN del Garraf,2026-09-24,0.0
UM,la Granadella,2026-09-24,0.0
UN,Cassà de la Selva,2026-09-24,0.0
UO,Fornells de la Selva,2026-09-24,0.0
UP,Cabrils,2026-09-24,0.0
UQ,Dosrius - PN Montnegre Corredor,2026-09-24,0.0
US,les Cases d'Alcanar,2026-09-24,0.0
UU,Amposta,2026-09-24,0.0
UW,els Alfacs,2026-09-24,0.0
UX,Ulldecona - els Valentins,2026-09-24,0.0
UY,Os de Balaguer - el Monestir d'Avellanes,2026-09-24,0.0
V1,Vallfogona de Balaguer,2026-09-24,0.0
V4,Montesquiu,2026-09-24,0.0
V5,Perafita,2026-09-24,0.0
V8,el Poal,2026-09-24,0.0
VA,Ascó,2026-09-24,0.0
VB,Benissanet,2026-09-24,0.0
VC,Pantà de Riba-roja,2026-09-24,0.0
VD,el Canós,2026-09-24,0.0
VH,Gimenells,2026-09-24,0.0
VK,Raimat,2026-09-24,0.0
VM,Vilanova de Segrià,2026-09-24,0.0
VO,Lladurs,2026-09-24,0.0
VP,Pinós,2026-09-24,0.0
VQ,Constantí,2026-09-24,0.0
VS,Lac Redon (2.245 m),2026-09-24,0.0
VU,Rellinars,2026-09-24,0.0
VV,Sant Llorenç Savall,2026-09-24,0.0
VX,Tagamanent - PN del Montseny,2026-09-24,0.0
VY,Nulles,2026-09-24,0.0
VZ,Espolla,2026-09-24,0.0
W1,Castelló d'Empúries,2026-09-24,0.0
W4,Vilafranca del Penedès - la Granada,2026-09-24,0.0
W5,Oliana,2026-09-24,0.0
W8,Blancafort,2026-09-24,0.0
W9,la Vall d'en Bas,2026-09-24,0.0
WA,Oliola,2026-09-24,0.0
WB,Albesa,2026-09-24,0.0
WC,Golmés,2026-09-24,0.0
WG,Algerri,2026-09-24,0.0
WI,Maials,2026-09-24,0.0
WJ,el Masroig,2026-09-24,0.0
WK,Alfarràs,2026-09-24,0.0
WL,Sant Martí de Riucorb,2026-09-24,0.0
WM,Santuari de Queralt,2026-09-24,0.0
WN,Montserrat - Sant Dimes,2026-09-24,0.0
WO,la Bisbal del Penedès,2026-09-24,0.0
WP,Canaletes,2026-09-24,0.0
WQ,Montsec d'Ares (1.571 m),2026-09-24,0.0
WR,Torroja del Priorat,2026-09-24,0.0
WS,Viladrau,2026-09-24,0.0
WT,Malgrat de Mar,2026-09-24,0.0
WU,Badalona - Museu,2026-09-24,0.0
WV,Guardiola de Berguedà,2026-09-24,0.0
WW,Artés,2026-09-24,0.0
WX,Camarasa,2026-09-24,0.0
WZ,Cunit,2026-09-24,0.0
X1,Falset,2026-09-24,0.0
X3,Alguaire,2026-09-24,0.0
X4,Barcelona - el Raval,2026-09-24,0.0
X5,PN dels Ports,2026-09-24,0.0
X6,Baldomar,2026-09-24,0.0
X7,Torres de Segre,2026-09-24,0.0
X8,Barcelona - Zona Universitària,2026-09-24,0.0
X9,Caldes de Montbui,2026-09-24,0.0
XA,la Panadella,2026-09-24,0.0
XB,la Llacuna,2026-09-24,0.0
XC,Castellbisbal,2026-09-24,0.0
XD,Ulldemolins,2026-09-24,0.0
XE,Tarragona - Complex Educatiu,2026-09-24,0.0
XF,Sabadell - Parc Agrari,2026-09-24,0.0
XG,Parets del Vallès,2026-09-24,0.0
XH,Sort,2026-09-24,0.0
XI,Mollerussa,2026-09-24,0.0
XJ,Girona,2026-09-24,0.0
XK,Puig Sesolles (1.666 m),2026-09-24,0.0
XL,el Prat de Llobregat,2026-09-24,0.0
XM,els Alamús,2026-09-24,0.0
XN,Seròs,2026-09-24,0.0
XO,Vic,2026-09-24,0.0
XP,Gandesa,2026-09-24,0.0
XQ,Tremp,2026-09-24,0.0
XR,Prades,2026-09-24,0.0
XS,Santa Coloma de Farners,2026-09-24,0.0
XT,Solsona,2026-09-24,0.0
XU,Canyelles,2026-09-24,0.0
XV,Sant Cugat del Vallès - CAR,2026-09-24,0.0
XX,Anglesola - Tornabous,2026-09-24,0.0
XY,Alcarràs,2026-09-24,0.0
XZ,Torroella de Fluvià,2026-09-24,0.0
Y4,Alinyà,2026-09-24,0.0
Y5,Navata,2026-09-24,0.0
Y6,Tivissa,2026-09-24,0.0
YA,Puigcerdà,2026-09-24,0.0
YB,Olot,2026-09-24,0.0
YC,la Pobla de Segur,2026-09-24,0.0
YD,les Borges Blanques,2026-09-24,0.0
YE,Massoteres,2026-09-24,0.0
YF,Miami Platja,2026-09-24,0.0
YG,Tírvia,2026-09-24,0.0
YH,Pujalt,2026-09-24,0.0
YJ,Lleida - la Femosa,2026-09-24,0.0
YK,Terrassa,2026-09-24,0.0
YL,Riudecanyes,2026-09-24,0.0
YM,Granollers,2026-09-24,0.0
YN,Vielha - Elipòrt,2026-09-24,0.0
YO,Sant Sadurní d'Anoia,2026-09-24,0.0
YP,Palafrugell,2026-09-24,0.1
YQ,Port de Barcelona - ZAL Prat,2026-09-24,0.0
YR,Vilanova i la Geltrú,2026-09-24,0.0
YS,Cabanes,2026-09-24,0.0
YT,Bonabé (1.691 m),2026-09-24,0.0
YU,Cantonigròs,2026-09-24,0.0
YV,Mataró,2026-09-24,0.0
YX,Batea,2026-09-24,0.0
YY,Viladecans - les Filipines,2026-09-24,0.0
Z1,Bonaigua (2.262 m),2026-09-24,0.0
Z2,Boí (2.537 m),2026-09-24,0.0
Z3,Malniu (2.229 m),2026-09-24,0.0
Z5,Certascan (2.398 m),2026-09-24,0.0
Z6,Sasseuva (2.226 m),2026-09-24,0.0
Z7,Espot (2.519 m),2026-09-24,0.0
Z9,Cadí Nord (2.145 m) - Prat d'Aguiló,2026-09-24,0.0
ZB,Salòria (2.451 m),2026-09-24,0.0
ZC,Ulldeter (2.413 m),2026-09-24,0.0
ZE,el Port del Comte (2.288 m),2026-09-24,0.0
C6,Castellnou de Seana,2026-09-25,0.0
C7,Tàrrega,2026-09-25,0.0
C8,Cervera,2026-09-25,0.0
C9,Mas de Barberans,2026-09-25,0.0
CC,Orís,2026-09-25,0.0
CD,la Seu d'Urgell - Bellestar,2026-09-25,0.0
CE,els Hostalets de Pierola,2026-09-25,0.0
CG,Molló - Fabert,2026-09-25,0.0
CI,Sant Pau de Segúries,2026-09-25,0.0
CJ,Organyà,2026-09-25,0.0
CL,Sant Salvador de Guardiola,2026-09-25,0.0
CP,Sant Romà d'Abella,2026-09-25,0.0
CQ,Vilanova de Meià,2026-09-25,0.0
CR,la Quar,2026-09-25,0.0
CT,el Pont de Suert,2026-09-25,0.0
CW,l'Espluga de Francolí,2026-09-25,0.0
CY,Muntanyola,2026-09-25,0.0
D1,Margalef,2026-09-25,0.0
D2,Vacarisses,2026-09-25,0.0
D3,Vallirana,2026-09-25,0.0
D4,Roses,2026-09-25,0.0
D5,Barcelona - Observatori Fabra,2026-09-25,0.0
D6,Portbou - coll dels Belitres,2026-09-25,0.0
D7,Vinebre,2026-09-25,0.0
D8,Horta de Sant Joan,2026-09-25,0.0
D9,el Vendrell,2026-09-25,0.0
DB,el Perelló,2026-09-25,0.0
DF,la Bisbal d'Empordà,2026-09-25,0.0
DG,Núria (1.971 m),2026-09-25,0.0
DI,Font-rubí,2026-09-25,0.0
DJ,Banyoles,2026-09-25,0.0
DK,Torredembarra,2026-09-25,0.0
DL,Illa de Buda,2026-09-25,0.0
DN,Anglès,2026-09-25,0.0
DO,Castell d'Aro,2026-09-25,0.0
DP,Das - Aeròdrom,2026-09-25,0.0
DQ,Vila-rodona,2026-09-25,0.0
H1,Òdena,2026-09-25,0.0
J5,Pantà de Darnius - Boadella,2026-09-25,0.0
KE,Pantà de Sau,2026-09-25,0.0
KP,Fogars de la Selva,2026-09-25,0.0
KX,la Roca del Vallès - ETAP Cardedeu,2026-09-25,0.0
M6,Sant Joan de les Abadesses,2026-09-25,0.0
MQ,Cardona,2026-09-25,0.0
MR,Pantà de Siurana,2026-09-25,0.0
MS,Castellar de n'Hug - el Clot del Moro,2026-09-25,0.0
MV,Guixers - Valls,2026-09-25,0.0
MW,Navès,2026-09-25,0.0
U2,Sant Pere Pescador,2026-09-25,0.0
U3,Sant Martí Sarroca,2026-09-25,0.0
U4,Castellnou de Bages,2026-09-25,0.0
U6,Vinyols i els Arcs - Cambrils,2026-09-25,0.0
U7,Aldover,2026-09-25,0.0
U9,l'Aldea,2026-09-25,0.0
UA,l'Ametlla de Mar,2026-09-25,0.0
UB,la Tallada d'Empordà,2026-09-25,0.0
UE,Torroella de Montgrí,2026-09-25,0.0
UF,PN del Garraf - el Rascler,2026-09-25,0.0
UH,el Montmell,2026-09-25,0.0
UI,Gisclareny,2026-09-25,0.0
UJ,Santa Coloma de Queralt,2026-09-25,0.0
UK,Sant Pere de Ribes - PN del Garraf,2026-09-25,0.0
UM,la Granadella,2026-09-25,0.0
UN,Cassà de la Selva,2026-09-25,0.0
UO,Fornells de la Selva,2026-09-25,0.0
UP,Cabrils,2026-09-25,0.0
UQ,Dosrius - PN Montnegre Corredor,2026-09-25,0.0
US,les Cases d'Alcanar,2026-09-25,0.0
UU,Amposta,2026-09-25,0.0
UW,els Alfacs,2026-09-25,0.0
UX,Ulldecona - els Valentins,2026-09-25,0.0
UY,Os de Balaguer - el Monestir d'Avellanes,2026-09-25,0.0
V1,Vallfogona de Balaguer,2026-09-25,0.0
V4,Montesquiu,2026-09-25,0.0
V5,Perafita,2026-09-25,0.0
V8,el Poal,2026-09-25,0.0
VA,Ascó,2026-09-25,0.0
VB,Benissanet,2026-09-25,0.1
VC,Pantà de Riba-roja,2026-09-25,0.0
VD,el Canós,2026-09-25,0.0
VH,Gimenells,2026-09-25,0.0
VK,Raimat,2026-09-25,0.0
VM,Vilanova de Segrià,2026-09-25,0.0
VO,Lladurs,2026-09-25,0.0
VP,Pinós,2026-09-25,0.0
VQ,Constantí,2026-09-25,0.0
VS,Lac Redon (2.245 m),2026-09-25,0.0
VU,Rellinars,2026-09-25,0.0
VV,Sant Llorenç Savall,2026-09-25,0.0
VX,Tagamanent - PN del Montseny,2026-09-25,0.0
VY,Nulles,2026-09-25,0.0
VZ,Espolla,2026-09-25,0.0
W1,Castelló d'Empúries,2026-09-25,0.0
W4,Vilafranca del Penedès - la Granada,2026-09-25,0.0
W5,Oliana,2026-09-25,0.0
W8,Blancafort,2026-09-25,0.0
W9,la Vall d'en Bas,2026-09-25,0.0
WA,Oliola,2026-09-25,0.0
WB,Albesa,2026-09-25,0.0
WC,Golmés,2026-09-25,0.0
WG,Algerri,2026-09-25,0.0
WI,Maials,2026-09-25,0.0
WJ,el Masroig,2026-09-25,0.0
WK,Alfarràs,2026-09-25,0.0
WL,Sant Martí de Riucorb,2026-09-25,0.0
WM,Santuari de Queralt,2026-09-25,0.0
WN,Montserrat - Sant Dimes,2026-09-25,0.0
WO,la Bisbal del Penedès,2026-09-25,0.0
WP,Canaletes,2026-09-25,0.0
WQ,Montsec d'Ares (1.571 m),2026-09-25,0.0
WR,Torroja del Priorat,2026-09-25,0.0
WS,Viladrau,2026-09-25,0.0
WT,Malgrat de Mar,2026-09-25,0.0
WU,Badalona - Museu,2026-09-25,0.0
WV,Guardiola de Berguedà,2026-09-25,0.0
WW,Artés,2026-09-25,0.0
WX,Camarasa,2026-09-25,0.0
WZ,Cunit,2026-09-25,0.0
X1,Falset,2026-09-25,0.0
X3,Alguaire,2026-09-25,0.0
X4,Barcelona - el Raval,2026-09-25,0.0
X5,PN dels Ports,2026-09-25,0.0
X6,Baldomar,2026-09-25,0.0
X7,Torres de Segre,2026-09-25,0.0
X8,Barcelona - Zona Universitària,2026-09-25,0.0
X9,Caldes de Montbui,2026-09-25,0.0
XA,la Panadella,2026-09-25,0.0
XB,la Llacuna,2026-09-25,0.0
XC,Castellbisbal,2026-09-25,0.0
XD,Ulldemolins,2026-09-25,0.0
XE,Tarragona - Complex Educatiu,2026-09-25,0.0
XF,Sabadell - Parc Agrari,2026-09-25,0.0
XG,Parets del Vallès,2026-09-25,0.0
XH,Sort,2026-09-25,0.0
XI,Mollerussa,2026-09-25,0.0
XJ,Girona,2026-09-25,0.0
XK,Puig Sesolles (1.666 m),2026-09-25,0.0
XL,el Prat de Llobregat,2026-09-25,0.0
XM,els Alamús,2026-09-25,0.0
XN,Seròs,2026-09-25,0.0
XO,Vic,2026-09-25,0.0
XP,Gandesa,2026-09-25,0.0
XQ,Tremp,2026-09-25,0.0
XR,Prades,2026-09-25,0.0
XS,Santa Coloma de Farners,2026-09-25,0.0
XT,Solsona,2026-09-25,0.0
XU,Canyelles,2026-09-25,0.0
XV,Sant Cugat del Vallès - CAR,2026-09-25,0.0
XX,Anglesola - Tornabous,2026-09-25,0.0
XY,Alcarràs,2026-09-25,0.0
XZ,Torroella de Fluvià,2026-09-25,0.0
Y4,Alinyà,2026-09-25,0.0
Y5,Navata,2026-09-25,0.0
Y6,Tivissa,2026-09-25,0.0
YA,Puigcerdà,2026-09-25,0.0
YB,Olot,2026-09-25,0.0
YC,la Pobla de Segur,2026-09-25,0.0
YD,les Borges Blanques,2026-09-25,0.0
YE,Massoteres,2026-09-25,0.0
YF,Miami Platja,2026-09-25,0.0
YG,Tírvia,2026-09-25,0.0
YH,Pujalt,2026-09-25,0.0
YJ,Lleida - la Femosa,2026-09-25,0.0
YK,Terrassa,2026-09-25,0.0
YL,Riudecanyes,2026-09-25,0.0
YM,Granollers,2026-09-25,0.0
YN,Vielha - Elipòrt,2026-09-25,0.0
YO,Sant Sadurní d'Anoia,2026-09-25,0.0
YP,Palafrugell,2026-09-25,0.0
YQ,Port de Barcelona - ZAL Prat,2026-09-25,0.0
YR,Vilanova i la Geltrú,2026-09-25,0.1
YS,Cabanes,2026-09-25,0.0
YT,Bonabé (1.691 m),2026-09-25,0.0
YU,Cantonigròs,2026-09-25,0.0
YV,Mataró,2026-09-25,0.0
YX,Batea,2026-09-25,0.0
YY,Viladecans - les Filipines,2026-09-25,0.0
Z1,Bonaigua (2.262 m),2026-09-25,0.0
Z2,Boí (2.537 m),2026-09-25,0.0
Z3,Malniu (2.229 m),2026-09-25,0.0
Z5,Certascan (2.398 m),2026-09-25,0.0
Z6,Sasseuva (2.226 m),2026-09-25,0.0
Z7,Espot (2.519 m),2026-09-25,0.0
Z9,Cadí Nord (2.145 m) - Prat d'Aguiló,2026-09-25,0.0
ZB,Salòria (2.451 m),2026-09-25,0.0
ZC,Ulldeter (2.413 m),2026-09-25,0.0
ZE,el Port del Comte (2.288 m),2026-09-25,0.0
C6,Castellnou de Seana,2026-09-26,0.0
C7,Tàrrega,2026-09-26,0.0
C8,Cervera,2026-09-26,0.0
C9,Mas de Barberans,2026-09-26,0.0
CC,Orís,2026-09-26,0.0
CD,la Seu d'Urgell - Bellestar,2026-09-26,0.0
CE,els Hostalets de Pierola,2026-09-26,0.0
CG,Molló - Fabert,2026-09-26,0.0
CI,Sant Pau de Segúries,2026-09-26,0.0
CJ,Organyà,2026-09-26,0.0
CL,Sant Salvador de Guardiola,2026-09-26,0.0
CP,Sant Romà d'Abella,2026-09-26,0.0
CQ,Vilanova de Meià,2026-09-26,0.0
CR,la Quar,2026-09-26,0.0
CT,el Pont de Suert,2026-09-26,0.0
CW,l'Espluga de Francolí,2026-09-26,0.0
CY,Muntanyola,2026-09-26,0.0
D1,Margalef,2026-09-26,0.0
D2,Vacarisses,2026-09-26,0.0
D3,Vallirana,2026-09-26,0.0
D4,Roses,2026-09-26,0.0
D5,Barcelona - Observatori Fabra,2026-09-26,0.0
D6,Portbou - coll dels Belitres,2026-09-26,0.0
D7,Vinebre,2026-09-26,0.0
D8,Horta de Sant Joan,2026-09-26,0.0
D9,el Vendrell,2026-09-26,0.0
DB,el Perelló,2026-09-26,0.0
DF,la Bisbal d'Empordà,2026-09-26,0.0
DG,Núria (1.971 m),2026-09-26,0.0
DI,Font-rubí,2026-09-26,0.0
DJ,Banyoles,2026-09-26,0.0
DK,Torredembarra,2026-09-26,0.0
DL,Illa de Buda,2026-09-26,0.0
DN,Anglès,2026-09-26,0.0
DO,Castell d'Aro,2026-09-26,0.0
DP,Das - Aeròdrom,2026-09-26,0.0
DQ,Vila-rodona,2026-09-26,0.0
H1,Òdena,2026-09-26,0.0
J5,Pantà de Darnius - Boadella,2026-09-26,0.0
KE,Pantà de Sau,2026-09-26,0.0
KP,Fogars de la Selva,2026-09-26,0.0
KX,la Roca del Vallès - ETAP Cardedeu,2026-09-26,0.0
M6,Sant Joan de les Abadesses,2026-09-26,0.0
MQ,Cardona,2026-09-26,0.0
MR,Pantà de Siurana,2026-09-26,0.0
MS,Castellar de n'Hug - el Clot del Moro,2026-09-26,0.0
MV,Guixers - Valls,2026-09-26,0.0
MW,Navès,2026-09-26,0.0
U2,Sant Pere Pescador,2026-09-26,0.0
U3,Sant Martí Sarroca,2026-09-26,0.0
U4,Castellnou de Bages,2026-09-26,0.0
U6,Vinyols i els Arcs - Cambrils,2026-09-26,0.0
U7,Aldover,2026-09-26,0.0
U9,l'Aldea,2026-09-26,0.0
UA,l'Ametlla de Mar,2026-09-26,0.0
UB,la Tallada d'Empordà,2026-09-26,0.0
UE,Torroella de Montgrí,2026-09-26,0.0
UF,PN del Garraf - el Rascler,2026-09-26,0.0
UH,el Montmell,2026-09-26,0.0
UI,Gisclareny,2026-09-26,0.0
UJ,Santa Coloma de Queralt,2026-09-26,0.0
UK,Sant Pere de Ribes - PN del Garraf,2026-09-26,0.0
UM,la Granadella,2026-09-26,0.0
UN,Cassà de la Selva,2026-09-26,0.0
UO,Fornells de la Selva,2026-09-26,0.0
UP,Cabrils,2026-09-26,0.0
UQ,Dosrius - PN Montnegre Corredor,2026-09-26,0.0
US,les Cases d'Alcanar,2026-09-26,0.0
UU,Amposta,2026-09-26,0.0
UW,els Alfacs,2026-09-26,0.0
UX,Ulldecona - els Valentins,2026-09-26,0.0
UY,Os de Balaguer - el Monestir d'Avellanes,2026-09-26,0.0
V1,Vallfogona de Balaguer,2026-09-26,0.0
V4,Montesquiu,2026-09-26,0.0
V5,Perafita,2026-09-26,0.0
V8,el Poal,2026-09-26,0.0
VA,Ascó,2026-09-26,0.0
VB,Benissanet,2026-09-26,0.0
VC,Pantà de Riba-roja,2026-09-26,0.0
VD,el Canós,2026-09-26,0.0
VH,Gimenells,2026-09-26,0.0
VK,Raimat,2026-09-26,0.0
VM,Vilanova de Segrià,2026-09-26,0.0
VO,Lladurs,2026-09-26,0.0
VP,Pinós,2026-09-26,0.0
VQ,Constantí,2026-09-26,0.0
VS,Lac Redon (2.245 m),2026-09-26,0.0
VU,Rellinars,2026-09-26,0.0
VV,Sant Llorenç Savall,2026-09-26,0.0
VX,Tagamanent - PN del Montseny,2026-09-26,0.0
VY,Nulles,2026-09-26,0.0
VZ,Espolla,2026-09-26,0.0
W1,Castelló d'Empúries,2026-09-26,0.0
W4,Vilafranca del Penedès - la Granada,2026-09-26,0.0
W5,Oliana,2026-09-26,0.0
W8,Blancafort,2026-09-26,0.0
W9,la Vall d'en Bas,2026-09-26,0.0
WA,Oliola,2026-09-26,0.0
WB,Albesa,2026-09-26,0.0
WC,Golmés,2026-09-26,0.0
WG,Algerri,2026-09-26,0.0
WI,Maials,2026-09-26,0.0
WJ,el Masroig,2026-09-26,0.0
WK,Alfarràs,2026-09-26,0.0
WL,Sant Martí de Riucorb,2026-09-26,0.0
WM,Santuari de Queralt,2026-09-26,0.0
WN,Montserrat - Sant Dimes,2026-09-26,0.0
WO,la Bisbal del Penedès,2026-09-26,0.0
WP,Canaletes,2026-09-26,0.0
WQ,Montsec d'Ares (1.571 m),2026-09-26,0.0
WR,Torroja del Priorat,2026-09-26,0.0
WS,Viladrau,2026-09-26,0.0
WT,Malgrat de Mar,2026-09-26,0.0
WU,Badalona - Museu,2026-09-26,0.0
WV,Guardiola de Berguedà,2026-09-26,0.0
WW,Artés,2026-09-26,0.0
WX,Camarasa,2026-09-26,0.0
WZ,Cunit,2026-09-26,0.0
X1,Falset,2026-09-26,0.0
X3,Alguaire,2026-09-26,0.0
X4,Barcelona - el Raval,2026-09-26,0.0
X5,PN dels Ports,2026-09-26,0.0
X6,Baldomar,2026-09-26,0.0
X7,Torres de Segre,2026-09-26,0.0
X8,Barcelona - Zona Universitària,2026-09-26,0.0
X9,Caldes de Montbui,2026-09-26,0.0
XA,la Panadella,2026-09-26,0.0
XB,la Llacuna,2026-09-26,0.0
XC,Castellbisbal,2026-09-26,0.0
XD,Ulldemolins,2026-09-26,0.0
XE,Tarragona - Complex Educatiu,2026-09-26,0.0
XF,Sabadell - Parc Agrari,2026-09-26,0.0
XG,Parets del Vallès,2026-09-26,0.0
XH,Sort,2026-09-26,0.0
XI,Mollerussa,2026-09-26,0.0
XJ,Girona,2026-09-26,0.1
XK,Puig Sesolles (1.666 m),2026-09-26,0.0
XL,el Prat de Llobregat,2026-09-26,0.0
XM,els Alamús,2026-09-26,0.0
XN,Seròs,2026-09-26,0.0
XO,Vic,2026-09-26,0.0
XP,Gandesa,2026-09-26,0.0
XQ,Tremp,2026-09-26,0.0
XR,Prades,2026-09-26,0.0
XS,Santa Coloma de Farners,2026-09-26,0.0
XT,Solsona,2026-09-26,0.0
XU,Canyelles,2026-09-26,0.0
XV,Sant Cugat del Vallès - CAR,2026-09-26,0.0
XX,Anglesola - Tornabous,2026-09-26,0.0
XY,Alcarràs,2026-09-26,0.0
XZ,Torroella de Fluvià,2026-09-26,0.0
Y4,Alinyà,2026-09-26,0.0
Y5,Navata,2026-09-26,0.0
Y6,Tivissa,2026-09-26,0.0
YA,Puigcerdà,2026-09-26,0.0
YB,Olot,2026-09-26,0.0
YC,la Pobla de Segur,2026-09-26,0.0
YD,les Borges Blanques,2026-09-26,0.0
YE,Massoteres,2026-09-26,0.0
YF,Miami Platja,2026-09-26,0.0
YG,Tírvia,2026-09-26,0.0
YH,Pujalt,2026-09-26,0.0
YJ,Lleida - la Femosa,2026-09-26,0.0
YK,Terrassa,2026-09-26,0.0
YL,Riudecanyes,2026-09-26,0.0
YM,Granollers,2026-09-26,0.0
YN,Vielha - Elipòrt,2026-09-26,0.0
YO,Sant Sadurní d'Anoia,2026-09-26,0.0
YP,Palafrugell,2026-09-26,0.0
YQ,Port de Barcelona - ZAL Prat,2026-09-26,0.0
YR,Vilanova i la Geltrú,2026-09-26,0.0
YS,Cabanes,2026-09-26,0.0
YT,Bonabé (1.691 m),2026-09-26,0.0
YU,Cantonigròs,2026-09-26,0.0
YV,Mataró,2026-09-26,0.0
YX,Batea,2026-09-26,0.0
YY,Viladecans - les Filipines,2026-09-26,0.0
Z1,Bonaigua (2.262 m),2026-09-26,0.0
Z2,Boí (2.537 m),2026-09-26,0.0
Z3,Malniu (2.229 m),2026-09-26,0.0
Z5,Certascan (2.398 m),2026-09-26,0.0
Z6,Sasseuva (2.226 m),2026-09-26,0.0
Z7,Espot (2.519 m),2026-09-26,0.0
Z9,Cadí Nord (2.145 m) - Prat d'Aguiló,2026-09-26,0.0
ZB,Salòria (2.451 m),2026-09-26,0.0
ZC,Ulldeter (2.413 m),2026-09-26,0.0
ZE,el Port del Comte (2.288 m),2026-09-26,0.0
C6,Castellnou de Seana,2026-09-27,0.0
C7,Tàrrega,2026-09-27,0.0
C8,Cervera,2026-09-27,0.0
C9,Mas de Barberans,2026-09-27,0.0
CC,Orís,2026-09-27,0.0
CD,la Seu d'Urgell - Bellestar,2026-09-27,0.0
CE,els Hostalets de Pierola,2026-09-27,0.0
CG,Molló - Fabert,2026-09-27,0.0
CI,Sant Pau de Segúries,2026-09-27,0.0
CJ,Organyà,2026-09-27,0.0
CL,Sant Salvador de Guardiola,2026-09-27,0.0
CP,Sant Romà d'Abella,2026-09-27,0.0
CQ,Vilanova de Meià,2026-09-27,0.0
CR,la Quar,2026-09-27,0.0
CT,el Pont de Suert,2026-09-27,0.0
CW,l'Espluga de Francolí,2026-09-27,0.0
CY,Muntanyola,2026-09-27,0.0
D1,Margalef,2026-09-27,0.0
D2,Vacarisses,2026-09-27,0.0
D3,Vallirana,2026-09-27,0.0
D4,Roses,2026-09-27,0.0
D5,Barcelona - Observatori Fabra,2026-09-27,0.1
D6,Portbou - coll dels Belitres,2026-09-27,0.0
D7,Vinebre,2026-09-27,0.0
D8,Horta de Sant Joan,2026-09-27,0.0
D9,el Vendrell,2026-09-27,0.0
DB,el Perelló,2026-09-27,0.0
DF,la Bisbal d'Empordà,2026-09-27,0.0
DG,Núria (1.971 m),2026-09-27,0.0
DI,Font-rubí,2026-09-27,0.0
DJ,Banyoles,2026-09-27,0.0
DK,Torredembarra,2026-09-27,0.0
DL,Illa de Buda,2026-09-27,0.0
DN,Anglès,2026-09-27,0.0
DO,Castell d'Aro,2026-09-27,0.0
DP,Das - Aeròdrom,2026-09-27,0.0
DQ,Vila-rodona,2026-09-27,0.0
H1,Òdena,2026-09-27,0.0
J5,Pantà de Darnius - Boadella,2026-09-27,0.0
KE,Pantà de Sau,2026-09-27,0.0
KP,Fogars de la Selva,2026-09-27,0.0
KX,la Roca del Vallès - ETAP Cardedeu,2026-09-27,0.0
M6,Sant Joan de les Abadesses,2026-09-27,0.0
MQ,Cardona,2026-09-27,0.0
MR,Pantà de Siurana,2026-09-27,0.0
MS,Castellar de n'Hug - el Clot del Moro,2026-09-27,0.0
MV,Guixers - Valls,2026-09-27,0.0
MW,Navès,2026-09-27,0.0
U2,Sant Pere Pescador,2026-09-27,0.1
U3,Sant Martí Sarroca,2026-09-27,0.0
U4,Castellnou de Bages,2026-09-27,0.0
U6,Vinyols i els Arcs - Cambrils,2026-09-27,0.0
U7,Aldover,2026-09-27,0.0
U9,l'Aldea,2026-09-27,0.0
UA,l'Ametlla de Mar,2026-09-27,0.0
UB,la Tallada d'Empordà,2026-09-27,0.0
UE,Torroella de Montgrí,2026-09-27,0.0
UF,PN del Garraf - el Rascler,2026-09-27,0.2
UH,el Montmell,2026-09-27,0.0
UI,Gisclareny,2026-09-27,0.0
UJ,Santa Coloma de Queralt,2026-09-27,0.0
UK,Sant Pere de Ribes - PN del Garraf,2026-09-27,0.0
UM,la Granadella,2026-09-27,0.0
UN,Cassà de la Selva,2026-09-27,0.0
UO,Fornells de la Selva,2026-09-27,0.0
UP,Cabrils,2026-09-27,0.0
UQ,Dosrius - PN Montnegre Corredor,2026-09-27,0.0
US,les Cases d'Alcanar,2026-09-27,0.0
UU,Amposta,2026-09-27,0.0
UW,els Alfacs,2026-09-27,0.0
UX,Ulldecona - els Valentins,2026-09-27,0.0
UY,Os de Balaguer - el Monestir d'Avellanes,2026-09-27,0.0
V1,Vallfogona de Balaguer,2026-09-27,0.0
V4,Montesquiu,2026-09-27,0.0
V5,Perafita,2026-09-27,0.1
V8,el Poal,2026-09-27,0.0
VA,Ascó,2026-09-27,0.0
VB,Benissanet,2026-09-27,0.0
VC,Pantà de Riba-roja,2026-09-27,0.0
VD,el Canós,2026-09-27,0.0
VH,Gimenells,2026-09-27,0.0
VK,Raimat,2026-09-27,0.0
VM,Vilanova de Segrià,2026-09-27,0.0
VO,Lladurs,2026-09-27,0.0
VP,Pinós,2026-09-27,0.1
VQ,Constantí,2026-09-27,0.0
VS,Lac Redon (2.245 m),2026-09-27,0.0
VU,Rellinars,2026-09-27,0.0
VV,Sant Llorenç Savall,2026-09-27,0.0
VX,Tagamanent - PN del Montseny,2026-09-27,0.0
VY,Nulles,2026-09-27,0.0
VZ,Espolla,2026-09-27,0.0
W1,Castelló d'Empúries,2026-09-27,0.0
W4,Vilafranca del Penedès - la Granada,2026-09-27,0.0
W5,Oliana,2026-09-27,0.0
W8,Blancafort,2026-09-27,0.0
W9,la Vall d'en Bas,2026-09-27,0.0
WA,Oliola,2026-09-27,0.0
WB,Albesa,2026-09-27,0.0
WC,Golmés,2026-09-27,0.0
WG,Algerri,2026-09-27,0.0
WI,Maials,2026-09-27,0.0
WJ,el Masroig,2026-09-27,0.0
WK,Alfarràs,2026-09-27,0.0
WL,Sant Martí de Riucorb,2026-09-27,0.0
WM,Santuari de Queralt,2026-09-27,0.0
WN,Montserrat - Sant Dimes,2026-09-27,0.0
WO,la Bisbal del Penedès,2026-09-27,0.0
WP,Canaletes,2026-09-27,0.0
WQ,Montsec d'Ares (1.571 m),2026-09-27,0.0
WR,Torroja del Priorat,2026-09-27,0.0
WS,Viladrau,2026-09-27,0.1
WT,Malgrat de Mar,2026-09-27,0.0
WU,Badalona - Museu,2026-09-27,0.0
WV,Guardiola de Berguedà,2026-09-27,0.0
WW,Artés,2026-09-27,0.0
WX,Camarasa,2026-09-27,0.0
WZ,Cunit,2026-09-27,0.0
X1,Falset,2026-09-27,0.0
X3,Alguaire,2026-09-27,0.0
X4,Barcelona - el Raval,2026-09-27,0.0
X5,PN dels Ports,2026-09-27,0.0
X6,Baldomar,2026-09-27,0.0
X7,Torres de Segre,2026-09-27,0.0
X8,Barcelona - Zona Universitària,2026-09-27,0.0
X9,Caldes de Montbui,2026-09-27,0.0
XA,la Panadella,2026-09-27,0.0
XB,la Llacuna,2026-09-27,0.0
XC,Castellbisbal,2026-09-27,0.0
XD,Ulldemolins,2026-09-27,0.0
XE,Tarragona - Complex Educatiu,2026-09-27,0.0
XF,Sabadell - Parc Agrari,2026-09-27,0.0
XG,Parets del Vallès,2026-09-27,0.0
XH,Sort,2026-09-27,0.0
XI,Mollerussa,2026-09-27,0.0
XJ,Girona,2026-09-27,0.0
XK,Puig Sesolles (1.666 m),2026-09-27,0.0
XL,el Prat de Llobregat,2026-09-27,0.0
XM,els Alamús,2026-09-27,0.0
XN,Seròs,2026-09-27,0.0
XO,Vic,2026-09-27,0.0
XP,Gandesa,2026-09-27,0.0
XQ,Tremp,2026-09-27,0.0
XR,Prades,2026-09-27,0.0
XS,Santa Coloma de Farners,2026-09-27,0.0
XT,Solsona,2026-09-27,0.0
XU,Canyelles,2026-09-27,0.0
XV,Sant Cugat del Vallès - CAR,2026-09-27,0.0
XX,Anglesola - Tornabous,2026-09-27,0.0
XY,Alcarràs,2026-09-27,0.0
XZ,Torroella de Fluvià,2026-09-27,0.0
Y4,Alinyà,2026-09-27,0.0
Y5,Navata,2026-09-27,0.0
Y6,Tivissa,2026-09-27,0.0
YA,Puigcerdà,2026-09-27,0.0
YB,Olot,2026-09-27,0.0
YC,la Pobla de Segur,2026-09-27,0.0
YD,les Borges Blanques,2026-09-27,0.0
YE,Massoteres,2026-09-27,0.0
YF,Miami Platja,2026-09-27,0.0
YG,Tírvia,2026-09-27,0.0
YH,Pujalt,2026-09-27,0.0
YJ,Lleida - la Femosa,2026-09-27,0.0
YK,Terrassa,2026-09-27,0.0
YL,Riudecanyes,2026-09-27,0.0
YM,Granollers,2026-09-27,0.0
YN,Vielha - Elipòrt,2026-09-27,0.0
YO,Sant Sadurní d'Anoia,2026-09-27,0.0
YP,Palafrugell,2026-09-27,0.0
YQ,Port de Barcelona - ZAL Prat,2026-09-27,0.0
YR,Vilanova i la Geltrú,2026-09-27,0.0
YS,Cabanes,2026-09-27,0.0
YT,Bonabé (1.691 m),2026-09-27,0.0
YU,Cantonigròs,2026-09-27,0.0
YV,Mataró,2026-09-27,0.0
YX,Batea,2026-09-27,0.0
YY,Viladecans - les Filipines,2026-09-27,0.0
Z1,Bonaigua (2.262 m),2026-09-27,0.0
Z2,Boí (2.537 m),2026-09-27,0.0
Z3,Malniu (2.229 m),2026-09-27,0.0
Z5,Certascan (2.398 m),2026-09-27,0.0
Z6,Sasseuva (2.226 m),2026-09-27,0.0
Z7,Espot (2.519 m),2026-09-27,0.0
Z9,Cadí Nord (2.145 m) - Prat d'Aguiló,2026-09-27,0.0
ZB,Salòria (2.451 m),2026-09-27,0.0
ZC,Ulldeter (2.413 m),2026-09-27,0.0
ZE,el Port del Comte (2.288 m),2026-09-27,0.0
C6,Castellnou de Seana,2026-09-28,0.0
C7,Tàrrega,2026-09-28,0.0
C8,Cervera,2026-09-28,0.0
C9,Mas de Barberans,2026-09-28,1.3
CC,Orís,2026-09-28,0.0
CD,la Seu d'Urgell - Bellestar,2026-09-28,0.0
CE,els Hostalets de Pierola,2026-09-28,0.1
CG,Molló - Fabert,2026-09-28,0.0
CI,Sant Pau de Segúries,2026-09-28,0.0
CJ,Organyà,2026-09-28,0.0
CL,Sant Salvador de Guardiola,2026-09-28,1.5
CP,Sant Romà d'Abella,2026-09-28,0.0
CQ,Vilanova de Meià,2026-09-28,0.0
CR,la Quar,2026-09-28,0.0
CT,el Pont de Suert,2026-09-28,0.0
CW,l'Espluga de Francolí,2026-09-28,0.2
CY,Muntanyola,2026-09-28,0.0
D1,Margalef,2026-09-28,0.0
D2,Vacarisses,2026-09-28,0.0
D3,Vallirana,2026-09-28,0.0
D4,Roses,2026-09-28,0.0
D5,Barcelona - Observatori Fabra,2026-09-28,0.0
D6,Portbou - coll dels Belitres,2026-09-28,0.0
D7,Vinebre,2026-09-28,0.0
D8,Horta de Sant Joan,2026-09-28,0.0
D9,el Vendrell,2026-09-28,0.0
DB,el Perelló,2026-09-28,0.0
DF,la Bisbal d'Empordà,2026-09-28,0.3
DG,Núria (1.971 m),2026-09-28,0.0
DI,Font-rubí,2026-09-28,0.0
DJ,Banyoles,2026-09-28,0.0
DK,Torredembarra,2026-09-28,0.0
DL,Illa de Buda,2026-09-28,0.0
DN,Anglès,2026-09-28,0.0
DO,Castell d'Aro,2026-09-28,5.4
DP,Das - Aeròdrom,2026-09-28,0.0
DQ,Vila-rodona,2026-09-28,0.5
H1,Òdena,2026-09-28,0.1
J5,Pantà de Darnius - Boadella,2026-09-28,0.3
KE,Pantà de Sau,2026-09-28,0.0
KP,Fogars de la Selva,2026-09-28,0.0
KX,la Roca del Vallès - ETAP Cardedeu,2026-09-28,0.0
M6,Sant Joan de les Abadesses,2026-09-28,0.0
MQ,Cardona,2026-09-28,0.0
MR,Pantà de Siurana,2026-09-28,0.0
MS,Castellar de n'Hug - el Clot del Moro,2026-09-28,0.0
MV,Guixers - Valls,2026-09-28,0.0
MW,Navès,2026-09-28,0.0
U2,Sant Pere Pescador,2026-09-28,0.0
U3,Sant Martí Sarroca,2026-09-28,0.0
U4,Castellnou de Bages,2026-09-28,0.1
U6,Vinyols i els Arcs - Cambrils,2026-09-28,0.0
U7,Aldover,2026-09-28,0.0
U9,l'Aldea,2026-09-28,0.8
UA,l'Ametlla de Mar,2026-09-28,0.0
UB,la Tallada d'Empordà,2026-09-28,0.3
UE,Torroella de Montgrí,2026-09-28,1.1
UF,PN del Garraf - el Rascler,2026-09-28,0.0
UH,el Montmell,2026-09-28,0.4
UI,Gisclareny,2026-09-28,0.0
UJ,Santa Coloma de Queralt,2026-09-28,0.0
UK,Sant Pere de Ribes - PN del Garraf,2026-09-28,0.0
UM,la Granadella,2026-09-28,0.0
UN,Cassà de la Selva,2026-09-28,1.1
UO,Fornells de la Selva,2026-09-28,0.0
UP,Cabrils,2026-09-28,0.0
UQ,Dosrius - PN Montnegre Corredor,2026-09-28,0.9
US,les Cases d'Alcanar,2026-09-28,0.0
UU,Amposta,2026-09-28,0.0
UW,els Alfacs,2026-09-28,0.0
UX,Ulldecona - els Valentins,2026-09-28,0.3
UY,Os de Balaguer - el Monestir d'Avellanes,2026-09-28,0.0
V1,Vallfogona de Balaguer,2026-09-28,0.0
V4,Montesquiu,2026-09-28,0.0
V5,Perafita,2026-09-28,0.0
V8,el Poal,2026-09-28,0.0
VA,Ascó,2026-09-28,0.0
VB,Benissanet,2026-09-28,0.0
VC,Pantà de Riba-roja,2026-09-28,0.0
VD,el Canós,2026-09-28,0.0
VH,Gimenells,2026-09-28,0.0
VK,Raimat,2026-09-28,0.0
VM,Vilanova de Segrià,2026-09-28,0.0
VO,Lladurs,2026-09-28,0.0
VP,Pinós,2026-09-28,0.1
VQ,Constantí,2026-09-28,0.0
VS,Lac Redon (2.245 m),2026-09-28,0.0
VU,Rellinars,2026-09-28,0.0
VV,Sant Llorenç Savall,2026-09-28,0.0
VX,Tagamanent - PN del Montseny,2026-09-28,0.0
VY,Nulles,2026-09-28,7.4
VZ,Espolla,2026-09-28,0.0
W1,Castelló d'Empúries,2026-09-28,0.0
W4,Vilafranca del Penedès - la Granada,2026-09-28,0.1
W5,Oliana,2026-09-28,0.0
W8,Blancafort,2026-09-28,7.9
W9,la Vall d'en Bas,2026-09-28,0.0
WA,Oliola,2026-09-28,0.0
WB,Albesa,2026-09-28,0.0
WC,Golmés,2026-09-28,0.0
WG,Algerri,2026-09-28,0.0
WI,Maials,2026-09-28,0.1
WJ,el Masroig,2026-09-28,0.0
WK,Alfarràs,2026-09-28,0.0
WL,Sant Martí de Riucorb,2026-09-28,0.7
WM,Santuari de Queralt,2026-09-28,0.0
WN,Montserrat - Sant Dimes,2026-09-28,0.7
WO,la Bisbal del Penedès,2026-09-28,0.0
WP,Canaletes,2026-09-28,0.0
WQ,Montsec d'Ares (1.571 m),2026-09-28,0.0
WR,Torroja del Priorat,2026-09-28,0.0
WS,Viladrau,2026-09-28,0.1
WT,Malgrat de Mar,2026-09-28,0.0
WU,Badalona - Museu,2026-09-28,0.0
WV,Guardiola de Berguedà,2026-09-28,0.0
WW,Artés,2026-09-28,0.0
WX,Camarasa,2026-09-28,0.0
WZ,Cunit,2026-09-28,0.0
X1,Falset,2026-09-28,0.0
X3,Alguaire,2026-09-28,0.0
X4,Barcelona - el Raval,2026-09-28,0.0
X5,PN dels Ports,2026-09-28,6.1
X6,Baldomar,2026-09-28,0.0
X7,Torres de Segre,2026-09-28,0.0
X8,Barcelona - Zona Universitària,2026-09-28,0.0
X9,Caldes de Montbui,2026-09-28,0.0
XA,la Panadella,2026-09-28,0.1
XB,la Llacuna,2026-09-28,0.0
XC,Castellbisbal,2026-09-28,0.0
XD,Ulldemolins,2026-09-28,0.0
XE,Tarragona - Complex Educatiu,2026-09-28,0.0
XF,Sabadell - Parc Agrari,2026-09-28,0.0
XG,Parets del Vallès,2026-09-28,0.0
XH,Sort,2026-09-28,0.0
XI,Mollerussa,2026-09-28,0.0
XJ,Girona,2026-09-28,0.1
XK,Puig Sesolles (1.666 m),2026-09-28,0.0
XL,el Prat de Llobregat,2026-09-28,0.2
XM,els Alamús,2026-09-28,0.0
XN,Seròs,2026-09-28,0.0
XO,Vic,2026-09-28,0.0
XP,Gandesa,2026-09-28,0.0
XQ,Tremp,2026-09-28,0.0
XR,Prades,2026-09-28,0.0
XS,Santa Coloma de Farners,2026-09-28,0.0
XT,Solsona,2026-09-28,0.0
XU,Canyelles,2026-09-28,0.2
XV,Sant Cugat del Vallès - CAR,2026-09-28,0.0
XX,Anglesola - Tornabous,2026-09-28,0.0
XY,Alcarràs,2026-09-28,0.0
XZ,Torroella de Fluvià,2026-09-28,0.0
Y4,Alinyà,2026-09-28,0.0
Y5,Navata,2026-09-28,0.5
Y6,Tivissa,2026-09-28,0.0
YA,Puigcerdà,2026-09-28,0.0
YB,Olot,2026-09-28,0.0
YC,la Pobla de Segur,2026-09-28,0.0
YD,les Borges Blanques,2026-09-28,0.0
YE,Massoteres,2026-09-28,0.0
YF,Miami Platja,2026-09-28,0.0
YG,Tírvia,2026-09-28,0.0
YH,Pujalt,2026-09-28,0.0
YJ,Lleida - la Femosa,2026-09-28,0.0
YK,Terrassa,2026-09-28,0.0
YL,Riudecanyes,2026-09-28,0.0
YM,Granollers,2026-09-28,0.6
YN,Vielha - Elipòrt,2026-09-28,0.0
YO,Sant Sadurní d'Anoia,2026-09-28,0.0
YP,Palafrugell,2026-09-28,0.0
YQ,Port de Barcelona - ZAL Prat,2026-09-28,0.0
YR,Vilanova i la Geltrú,2026-09-28,0.0
YS,Cabanes,2026-09-28,0.0
YT,Bonabé (1.691 m),2026-09-28,0.0
YU,Cantonigròs,2026-09-28,0.0
YV,Mataró,2026-09-28,0.0
YX,Batea,2026-09-28,0.0
YY,Viladecans - les Filipines,2026-09-28,0.0
Z1,Bonaigua (2.262 m),2026-09-28,0.0
Z2,Boí (2.537 m),2026-09-28,0.0
Z3,Malniu (2.229 m),2026-09-28,0.0
Z5,Certascan (2.398 m),2026-09-28,0.0
Z6,Sasseuva (2.226 m),2026-09-28,0.1
Z7,Espot (2.519 m),2026-09-28,0.0
Z9,Cadí Nord (2.145 m) - Prat d'Aguiló,2026-09-28,0.0
ZB,Salòria (2.451 m),2026-09-28,0.0
ZC,Ulldeter (2.413 m),2026-09-28,0.0
ZE,el Port del Comte (2.288 m),2026-09-28,0.0
C6,Castellnou de Seana,2026-09-29,7.2
C7,Tàrrega,2026-09-29,1.7
C8,Cervera,2026-09-29,3.4
C9,Mas de Barberans,2026-09-29,8.3
CC,Orís,2026-09-29,13.9
CD,la Seu d'Urgell - Bellestar,2026-09-29,6.1
CE,els Hostalets de Pierola,2026-09-29,87.7
CG,Molló - Fabert,2026-09-29,6.4
CI,Sant Pau de Segúries,2026-09-29,18.2
CJ,Organyà,2026-09-29,5.6
CL,Sant Salvador de Guardiola,2026-09-29,29.6
CP,Sant Romà d'Abella,2026-09-29,2.1
CQ,Vilanova de Meià,2026-09-29,0.8
CR,la Quar,2026-09-29,39.4
CT,el Pont de Suert,2026-09-29,7.6
CW,l'Espluga de Francolí,2026-09-29,16.4
CY,Muntanyola,2026-09-29,11.0
D1,Margalef,2026-09-29,2.1
D2,Vacarisses,2026-09-29,50.6
D3,Vallirana,2026-09-29,49.1
D4,Roses,2026-09-29,15.3
D5,Barcelona - Observatori Fabra,2026-09-29,76.1
D6,Portbou - coll dels Belitres,2026-09-29,4.2
D7,Vinebre,2026-09-29,0.7
D8,Horta de Sant Joan,2026-09-29,3.0
D9,el Vendrell,2026-09-29,3.4
DB,el Perelló,2026-09-29,4.5
DF,la Bisbal d'Empordà,2026-09-29,57.6
DG,Núria (1.971 m),2026-09-29,25.7
DI,Font-rubí,2026-09-29,75.5
DJ,Banyoles,2026-09-29,13.8
DK,Torredembarra,2026-09-29,4.4
DL,Illa de Buda,2026-09-29,4.7
DN,Anglès,2026-09-29,22.8
DO,Castell d'Aro,2026-09-29,5.7
DP,Das - Aeròdrom,2026-09-29,8.5
DQ,Vila-rodona,2026-09-29,1.2
H1,Òdena,2026-09-29,27.5
J5,Pantà de Darnius - Boadella,2026-09-29,33.9
KE,Pantà de Sau,2026-09-29,12.6
KP,Fogars de la Selva,2026-09-29,20.2
KX,la Roca del Vallès - ETAP Cardedeu,2026-09-29,13.0
M6,Sant Joan de les Abadesses,2026-09-29,23.0
MQ,Cardona,2026-09-29,33.0
MR,Pantà de Siurana,2026-09-29,28.1
MS,Castellar de n'Hug - el Clot del Moro,2026-09-29,19.1
MV,Guixers - Valls,2026-09-29,39.1
MW,Navès,2026-09-29,45.1
U2,Sant Pere Pescador,2026-09-29,28.3
U3,Sant Martí Sarroca,2026-09-29,70.5
U4,Castellnou de Bages,2026-09-29,13.4
U6,Vinyols i els Arcs - Cambrils,2026-09-29,4.8
U7,Aldover,2026-09-29,12.3
U9,l'Aldea,2026-09-29,6.1
UA,l'Ametlla de Mar,2026-09-29,3.5
UB,la Tallada d'Empordà,2026-09-29,47.8
UE,Torroella de Montgrí,2026-09-29,116.3
UF,PN del Garraf - el Rascler,2026-09-29,36.3
UH,el Montmell,2026-09-29,35.7
UI,Gisclareny,2026-09-29,32.1
UJ,Santa Coloma de Queralt,2026-09-29,20.7
UK,Sant Pere de Ribes - PN del Garraf,2026-09-29,53.2
UM,la Granadella,2026-09-29,0.8
UN,Cassà de la Selva,2026-09-29,106.6
UO,Fornells de la Selva,2026-09-29,81.0
UP,Cabrils,2026-09-29,13.8
UQ,Dosrius - PN Montnegre Corredor,2026-09-29,6.6
US,les Cases d'Alcanar,2026-09-29,7.2
UU,Amposta,2026-09-29,5.9
UW,els Alfacs,2026-09-29,9.0
UX,Ulldecona - els Valentins,2026-09-29,5.3
UY,Os de Balaguer - el Monestir d'Avellanes,2026-09-29,2.2
V1,Vallfogona de Balaguer,2026-09-29,0.9
V4,Montesquiu,2026-09-29,21.1
V5,Perafita,2026-09-29,16.4
V8,el Poal,2026-09-29,0.5
VA,Ascó,2026-09-29,1.0
VB,Benissanet,2026-09-29,1.2
VC,Pantà de Riba-roja,2026-09-29,14.6
VD,el Canós,2026-09-29,2.1
VH,Gimenells,2026-09-29,0.0
VK,Raimat,2026-09-29,0.0
VM,Vilanova de Segrià,2026-09-29,0.0
VO,Lladurs,2026-09-29,18.5
VP,Pinós,2026-09-29,12.1
VQ,Constantí,2026-09-29,5.7
VS,Lac Redon (2.245 m),2026-09-29,3.3
VU,Rellinars,2026-09-29,43.4
VV,Sant Llorenç Savall,2026-09-29,25.0
VX,Tagamanent - PN del Montseny,2026-09-29,9.3
VY,Nulles,2026-09-29,1.6
VZ,Espolla,2026-09-29,35.3
W1,Castelló d'Empúries,2026-09-29,19.0
W4,Vilafranca del Penedès - la Granada,2026-09-29,43.1
W5,Oliana,2026-09-29,13.3
W8,Blancafort,2026-09-29,12.4
W9,la Vall d'en Bas,2026-09-29,11.6
WA,Oliola,2026-09-29,7.4
WB,Albesa,2026-09-29,0.0
WC,Golmés,2026-09-29,1.6
WG,Algerri,2026-09-29,0.0
WI,Maials,2026-09-29,0.0
WJ,el Masroig,2026-09-29,0.7
WK,Alfarràs,2026-09-29,0.0
WL,Sant Martí de Riucorb,2026-09-29,1.6
WM,Santuari de Queralt,2026-09-29,23.0
WN,Montserrat - Sant Dimes,2026-09-29,45.3
WO,la Bisbal del Penedès,2026-09-29,12.3
WP,Canaletes,2026-09-29,97.1
WQ,Montsec d'Ares (1.571 m),2026-09-29,1.1
WR,Torroja del Priorat,2026-09-29,7.1
WS,Viladrau,2026-09-29,13.5
WT,Malgrat de Mar,2026-09-29,6.4
WU,Badalona - Museu,2026-09-29,22.2
WV,Guardiola de Berguedà,2026-09-29,25.3
WW,Artés,2026-09-29,17.6
WX,Camarasa,2026-09-29,2.6
WZ,Cunit,2026-09-29,37.4
X1,Falset,2026-09-29,10.9
X3,Alguaire,2026-09-29,0.0
X4,Barcelona - el Raval,2026-09-29,50.9
X5,PN dels Ports,2026-09-29,8.5
X6,Baldomar,2026-09-29,0.3
X7,Torres de Segre,2026-09-29,0.1
X8,Barcelona - Zona Universitària,2026-09-29,64.8
X9,Caldes de Montbui,2026-09-29,16.9
XA,la Panadella,2026-09-29,14.3
XB,la Llacuna,2026-09-29,30.5
XC,Castellbisbal,2026-09-29,58.5
XD,Ulldemolins,2026-09-29,4.4
XE,Tarragona - Complex Educatiu,2026-09-29,1.9
XF,Sabadell - Parc Agrari,2026-09-29,39.7
XG,Parets del Vallès,2026-09-29,25.3
XH,Sort,2026-09-29,1.0
XI,Mollerussa,2026-09-29,0.6
XJ,Girona,2026-09-29,44.3
XK,Puig Sesolles (1.666 m),2026-09-29,11.8
XL,el Prat de Llobregat,2026-09-29,81.5
XM,els Alamús,2026-09-29,0.0
XN,Seròs,2026-09-29,0.0
XO,Vic,2026-09-29,10.6
XP,Gandesa,2026-09-29,2.0
XQ,Tremp,2026-09-29,2.3
XR,Prades,2026-09-29,22.9
XS,Santa Coloma de Farners,2026-09-29,33.8
XT,Solsona,2026-09-29,29.9
XU,Canyelles,2026-09-29,27.1
XV,Sant Cugat del Vallès - CAR,2026-09-29,71.1
XX,Anglesola - Tornabous,2026-09-29,7.2
XY,Alcarràs,2026-09-29,0.1
XZ,Torroella de Fluvià,2026-09-29,17.7
Y4,Alinyà,2026-09-29,14.2
Y5,Navata,2026-09-29,9.7
Y6,Tivissa,2026-09-29,1.8
YA,Puigcerdà,2026-09-29,7.7
YB,Olot,2026-09-29,17.2
YC,la Pobla de Segur,2026-09-29,0.9
YD,les Borges Blanques,2026-09-29,0.2
YE,Massoteres,2026-09-29,5.9
YF,Miami Platja,2026-09-29,2.8
YG,Tírvia,2026-09-29,0.8
YH,Pujalt,2026-09-29,21.3
YJ,Lleida - la Femosa,2026-09-29,7.6
YK,Terrassa,2026-09-29,44.2
YL,Riudecanyes,2026-09-29,2.2
YM,Granollers,2026-09-29,16.6
YN,Vielha - Elipòrt,2026-09-29,0.0
YO,Sant Sadurní d'Anoia,2026-09-29,76.2
YP,Palafrugell,2026-09-29,14.2
YQ,Port de Barcelona - ZAL Prat,2026-09-29,48.5
YR,Vilanova i la Geltrú,2026-09-29,56.9
YS,Cabanes,2026-09-29,28.9
YU,Cantonigròs,2026-09-29,12.8
YV,Mataró,2026-09-29,9.2
YX,Batea,2026-09-29,0.3
YY,Viladecans - les Filipines,2026-09-29,66.3
Z1,Bonaigua (2.262 m),2026-09-29,3.2
Z2,Boí (2.537 m),2026-09-29,11.6
Z3,Malniu (2.229 m),2026-09-29,13.9
Z5,Certascan (2.398 m),2026-09-29,7.4
Z6,Sasseuva (2.226 m),2026-09-29,0.1
Z7,Espot (2.519 m),2026-09-29,33.7
Z9,Cadí Nord (2.145 m) - Prat d'Aguiló,2026-09-29,24.1
ZB,Salòria (2.451 m),2026-09-29,11.1
ZC,Ulldeter (2.413 m),2026-09-29,21.9
ZE,el Port del Comte (2.288 m),2026-09-29,24.9
C6,Castellnou de Seana,2026-09-30,0.1
C7,Tàrrega,2026-09-30,27.9
C8,Cervera,2026-09-30,20.2
C9,Mas de Barberans,2026-09-30,8.2
CC,Orís,2026-09-30,0.9
CD,la Seu d'Urgell - Bellestar,2026-09-30,4.5
CE,els Hostalets de Pierola,2026-09-30,0.8
CG,Molló - Fabert,2026-09-30,2.9
CI,Sant Pau de Segúries,2026-09-30,3.5
CJ,Organyà,2026-09-30,2.1
CL,Sant Salvador de Guardiola,2026-09-30,0.7
CP,Sant Romà d'Abella,2026-09-30,0.9
CQ,Vilanova de Meià,2026-09-30,0.5
CR,la Quar,2026-09-30,2.4
CT,el Pont de Suert,2026-09-30,3.5
CW,l'Espluga de Francolí,2026-09-30,0.8
CY,Muntanyola,2026-09-30,1.0
D1,Margalef,2026-09-30,4.2
D2,Vacarisses,2026-09-30,0.2
D3,Vallirana,2026-09-30,0.4
D4,Roses,2026-09-30,0.0
D5,Barcelona - Observatori Fabra,2026-09-30,0.4
D6,Portbou - coll dels Belitres,2026-09-30,0.0
D7,Vinebre,2026-09-30,2.5
D8,Horta de Sant Joan,2026-09-30,1.4
D9,el Vendrell,2026-09-30,2.0
DB,el Perelló,2026-09-30,2.4
DF,la Bisbal d'Empordà,2026-09-30,0.2
DG,Núria (1.971 m),2026-09-30,2.8
DI,Font-rubí,2026-09-30,2.0
DJ,Banyoles,2026-09-30,0.1
DK,Torredembarra,2026-09-30,1.4
DL,Illa de Buda,2026-09-30,2.0
DN,Anglès,2026-09-30,0.2
DO,Castell d'Aro,2026-09-30,0.0
DP,Das - Aeròdrom,2026-09-30,1.2
DQ,Vila-rodona,2026-09-30,2.3
H1,Òdena,2026-09-30,0.3
J5,Pantà de Darnius - Boadella,2026-09-30,0.8
KE,Pantà de Sau,2026-09-30,0.8
KP,Fogars de la Selva,2026-09-30,0.2
KX,la Roca del Vallès - ETAP Cardedeu,2026-09-30,0.1
M6,Sant Joan de les Abadesses,2026-09-30,2.4
MQ,Cardona,2026-09-30,0.9
MR,Pantà de Siurana,2026-09-30,2.0
MS,Castellar de n'Hug - el Clot del Moro,2026-09-30,3.0
MV,Guixers - Valls,2026-09-30,10.6
MW,Navès,2026-09-30,6.3
U2,Sant Pere Pescador,2026-09-30,0.1
U3,Sant Martí Sarroca,2026-09-30,2.5
U4,Castellnou de Bages,2026-09-30,2.4
U6,Vinyols i els Arcs - Cambrils,2026-09-30,1.8
U7,Aldover,2026-09-30,1.0
U9,l'Aldea,2026-09-30,1.4
UA,l'Ametlla de Mar,2026-09-30,5.7
UB,la Tallada d'Empordà,2026-09-30,0.1
UE,Torroella de Montgrí,2026-09-30,0.1
UF,PN del Garraf - el Rascler,2026-09-30,0.4
UH,el Montmell,2026-09-30,2.4
UI,Gisclareny,2026-09-30,3.9
UJ,Santa Coloma de Queralt,2026-09-30,0.5
UK,Sant Pere de Ribes - PN del Garraf,2026-09-30,1.1
UM,la Granadella,2026-09-30,0.8
UN,Cassà de la Selva,2026-09-30,0.6
UO,Fornells de la Selva,2026-09-30,0.3
UP,Cabrils,2026-09-30,0.2
UQ,Dosrius - PN Montnegre Corredor,2026-09-30,0.4
US,les Cases d'Alcanar,2026-09-30,1.4
UU,Amposta,2026-09-30,1.4
UW,els Alfacs,2026-09-30,0.9
UX,Ulldecona - els Valentins,2026-09-30,5.1
UY,Os de Balaguer - el Monestir d'Avellanes,2026-09-30,0.6
V1,Vallfogona de Balaguer,2026-09-30,0.4
V4,Montesquiu,2026-09-30,1.4
V5,Perafita,2026-09-30,1.8
V8,el Poal,2026-09-30,0.4
VA,Ascó,2026-09-30,4.3
VB,Benissanet,2026-09-30,2.6
VC,Pantà de Riba-roja,2026-09-30,1.4
VD,el Canós,2026-09-30,20.2
VH,Gimenells,2026-09-30,0.5
VK,Raimat,2026-09-30,0.5
VM,Vilanova de Segrià,2026-09-30,0.5
VO,Lladurs,2026-09-30,2.2
VP,Pinós,2026-09-30,1.9
VQ,Constantí,2026-09-30,2.6
VS,Lac Redon (2.245 m),2026-09-30,1.4
VU,Rellinars,2026-09-30,0.9
VV,Sant Llorenç Savall,2026-09-30,1.1
VX,Tagamanent - PN del Montseny,2026-09-30,0.7
VY,Nulles,2026-09-30,1.8
VZ,Espolla,2026-09-30,0.3
W1,Castelló d'Empúries,2026-09-30,0.1
W4,Vilafranca del Penedès - la Granada,2026-09-30,0.7
W5,Oliana,2026-09-30,6.1
W8,Blancafort,2026-09-30,0.5
W9,la Vall d'en Bas,2026-09-30,0.6
WA,Oliola,2026-09-30,0.3
WB,Albesa,2026-09-30,0.5
WC,Golmés,2026-09-30,0.2
WG,Algerri,2026-09-30,0.3
WI,Maials,2026-09-30,1.4
WJ,el Masroig,2026-09-30,3.2
WK,Alfarràs,2026-09-30,0.2
WL,Sant Martí de Riucorb,2026-09-30,23.7
WM,Santuari de Queralt,2026-09-30,12.5
WN,Montserrat - Sant Dimes,2026-09-30,0.0
WO,la Bisbal del Penedès,2026-09-30,3.1
WP,Canaletes,2026-09-30,1.3
WQ,Montsec d'Ares (1.571 m),2026-09-30,0.6
WR,Torroja del Priorat,2026-09-30,2.1
WS,Viladrau,2026-09-30,0.7
WT,Malgrat de Mar,2026-09-30,0.2
WU,Badalona - Museu,2026-09-30,0.0
WV,Guardiola de Berguedà,2026-09-30,3.6
WW,Artés,2026-09-30,2.7
WX,Camarasa,2026-09-30,0.5
WZ,Cunit,2026-09-30,2.1
X1,Falset,2026-09-30,2.3
X3,Alguaire,2026-09-30,0.2
X4,Barcelona - el Raval,2026-09-30,0.2
X5,PN dels Ports,2026-09-30,2.7
X6,Baldomar,2026-09-30,0.3
X7,Torres de Segre,2026-09-30,0.4
X8,Barcelona - Zona Universitària,2026-09-30,0.6
X9,Caldes de Montbui,2026-09-30,0.3
XA,la Panadella,2026-09-30,1.3
XB,la Llacuna,2026-09-30,0.8
XC,Castellbisbal,2026-09-30,0.9
XD,Ulldemolins,2026-09-30,0.8
XE,Tarragona - Complex Educatiu,2026-09-30,1.4
XF,Sabadell - Parc Agrari,2026-09-30,0.3
XG,Parets del Vallès,2026-09-30,0.3
XH,Sort,2026-09-30,2.9
XI,Mollerussa,2026-09-30,0.2
XJ,Girona,2026-09-30,0.1
XK,Puig Sesolles (1.666 m),2026-09-30,0.7
XL,el Prat de Llobregat,2026-09-30,0.5
XM,els Alamús,2026-09-30,0.3
XN,Seròs,2026-09-30,0.1
XO,Vic,2026-09-30,1.3
XP,Gandesa,2026-09-30,1.3
XQ,Tremp,2026-09-30,1.0
XR,Prades,2026-09-30,2.1
XS,Santa Coloma de Farners,2026-09-30,0.2
XT,Solsona,2026-09-30,4.9
XU,Canyelles,2026-09-30,1.1
XV,Sant Cugat del Vallès - CAR,2026-09-30,0.7
XX,Anglesola - Tornabous,2026-09-30,0.7
XY,Alcarràs,2026-09-30,0.4
XZ,Torroella de Fluvià,2026-09-30,0.2
Y4,Alinyà,2026-09-30,15.2
Y5,Navata,2026-09-30,0.0
Y6,Tivissa,2026-09-30,3.7
YA,Puigcerdà,2026-09-30,0.2
YB,Olot,2026-09-30,0.7
YC,la Pobla de Segur,2026-09-30,16.7
YD,les Borges Blanques,2026-09-30,0.7
YE,Massoteres,2026-09-30,5.4
YF,Miami Platja,2026-09-30,3.3
YG,Tírvia,2026-09-30,0.3
YH,Pujalt,2026-09-30,8.8
YJ,Lleida - la Femosa,2026-09-30,0.3
YK,Terrassa,2026-09-30,0.4
YL,Riudecanyes,2026-09-30,2.1
YM,Granollers,2026-09-30,0.3
YN,Vielha - Elipòrt,2026-09-30,0.5
YO,Sant Sadurní d'Anoia,2026-09-30,0.8
YP,Palafrugell,2026-09-30,0.0
YQ,Port de Barcelona - ZAL Prat,2026-09-30,0.2
YR,Vilanova i la Geltrú,2026-09-30,0.2
YS,Cabanes,2026-09-30,0.1
YU,Cantonigròs,2026-09-30,0.8
YV,Mataró,2026-09-30,0.1
YX,Batea,2026-09-30,1.8
YY,Viladecans - les Filipines,2026-09-30,0.0
Z1,Bonaigua (2.262 m),2026-09-30,0.7
Z2,Boí (2.537 m),2026-09-30,6.1
Z3,Malniu (2.229 m),2026-09-30,1.2
Z5,Certascan (2.398 m),2026-09-30,5.5
Z6,Sasseuva (2.226 m),2026-09-30,1.3
Z7,Espot (2.519 m),2026-09-30,5.8
Z9,Cadí Nord (2.145 m) - Prat d'Aguiló,2026-09-30,2.9
ZB,Salòria (2.451 m),2026-09-30,1.4
ZC,Ulldeter (2.413 m),2026-09-30,1.4
ZE,el Port del Comte (2.288 m),2026-09-30,6.2
