Codi,Nom,Data,Precipitacio_mm
C6,Castellnou de Seana,2026-08-01,0.0
C7,Tàrrega,2026-08-01,0.0
C8,Cervera,2026-08-01,0.0
C9,Mas de Barberans,2026-08-01,5.6
CC,Orís,2026-08-01,0.0
CD,la Seu d'Urgell - Bellestar,2026-08-01,0.0
CE,els Hostalets de Pierola,2026-08-01,0.0
CG,Molló - Fabert,2026-08-01,37.9
CI,Sant Pau de Segúries,2026-08-01,12.8
CJ,Organyà,2026-08-01,0.0
CL,Sant Salvador de Guardiola,2026-08-01,0.0
CP,Sant Romà d'Abella,2026-08-01,0.0
CQ,Vilanova de Meià,2026-08-01,0.0
CR,la Quar,2026-08-01,0.0
CT,el Pont de Suert,2026-08-01,0.0
CW,l'Espluga de Francolí,2026-08-01,0.0
CY,Muntanyola,2026-08-01,0.0
D1,Margalef,2026-08-01,0.0
D2,Vacarisses,2026-08-01,0.0
D3,Vallirana,2026-08-01,0.0
D4,Roses,2026-08-01,0.0
D5,Barcelona - Observatori Fabra,2026-08-01,0.0
D6,Portbou - coll dels Belitres,2026-08-01,0.0
D7,Vinebre,2026-08-01,0.0
D8,Horta de Sant Joan,2026-08-01,0.0
D9,el Vendrell,2026-08-01,0.0
DB,el Perelló,2026-08-01,0.0
DF,la Bisbal d'Empordà,2026-08-01,0.0
DG,Núria (1.971 m),2026-08-01,0.0
DI,Font-rubí,2026-08-01,0.0
DJ,Banyoles,2026-08-01,0.0
DK,Torredembarra,2026-08-01,0.0
DL,Illa de Buda,2026-08-01,0.1
DN,Anglès,2026-08-01,2.7
DO,Castell d'Aro,2026-08-01,0.1
DP,Das - Aeròdrom,2026-08-01,0.0
DQ,Vila-rodona,2026-08-01,0.0
H1,Òdena,2026-08-01,0.0
J5,Pantà de Darnius - Boadella,2026-08-01,0.2
KE,Pantà de Sau,2026-08-01,0.1
KP,Fogars de la Selva,2026-08-01,0.0
KX,la Roca del Vallès - ETAP Cardedeu,2026-08-01,0.0
M6,Sant Joan de les Abadesses,2026-08-01,24.3
MQ,Cardona,2026-08-01,0.0
MR,Pantà de Siurana,2026-08-01,0.0
MS,Castellar de n'Hug - el Clot del Moro,2026-08-01,42.0
MV,Guixers - Valls,2026-08-01,0.0
MW,Navès,2026-08-01,0.0
U2,Sant Pere Pescador,2026-08-01,0.0
U3,Sant Martí Sarroca,2026-08-01,0.0
U4,Castellnou de Bages,2026-08-01,0.0
U6,Vinyols i els Arcs - Cambrils,2026-08-01,0.0
U7,Aldover,2026-08-01,0.0
U9,l'Aldea,2026-08-01,0.3
UA,l'Ametlla de Mar,2026-08-01,0.0
UB,la Tallada d'Empordà,2026-08-01,0.0
UE,Torroella de Montgrí,2026-08-01,0.0
UF,PN del Garraf - el Rascler,2026-08-01,0.0
UH,el Montmell,2026-08-01,0.0
UI,Gisclareny,2026-08-01,0.0
UJ,Santa Coloma de Queralt,2026-08-01,0.0
UK,Sant Pere de Ribes - PN del Garraf,2026-08-01,0.0
UM,la Granadella,2026-08-01,0.0
UN,Cassà de la Selva,2026-08-01,0.0
UO,Fornells de la Selva,2026-08-01,0.0
UP,Cabrils,2026-08-01,0.0
UQ,Dosrius - PN Montnegre Corredor,2026-08-01,0.0
US,les Cases d'Alcanar,2026-08-01,1.7
UU,Amposta,2026-08-01,2.4
UW,els Alfacs,2026-08-01,4.3
UX,Ulldecona - els Valentins,2026-08-01,4.5
UY,Os de Balaguer - el Monestir d'Avellanes,2026-08-01,0.0
V1,Vallfogona de Balaguer,2026-08-01,0.0
V4,Montesquiu,2026-08-01,3.1
V5,Perafita,2026-08-01,0.0
V8,el Poal,2026-08-01,0.0
VA,Ascó,2026-08-01,0.0
VB,Benissanet,2026-08-01,0.0
VC,Pantà de Riba-roja,2026-08-01,0.0
VD,el Canós,2026-08-01,0.0
VH,Gimenells,2026-08-01,0.0
VK,Raimat,2026-08-01,0.0
VM,Vilanova de Segrià,2026-08-01,0.0
VO,Lladurs,2026-08-01,0.0
VP,Pinós,2026-08-01,0.0
VQ,Constantí,2026-08-01,0.0
VS,Lac Redon (2.245 m),2026-08-01,0.0
VU,Rellinars,2026-08-01,0.0
VV,Sant Llorenç Savall,2026-08-01,0.0
VX,Tagamanent - PN del Montseny,2026-08-01,0.0
VY,Nulles,2026-08-01,0.0
VZ,Espolla,2026-08-01,0.0
W1,Castelló d'Empúries,2026-08-01,0.0
W4,Vilafranca del Penedès - la Granada,2026-08-01,0.0
W5,Oliana,2026-08-01,0.0
W8,Blancafort,2026-08-01,0.0
W9,la Vall d'en Bas,2026-08-01,6.9
WA,Oliola,2026-08-01,0.0
WB,Albesa,2026-08-01,0.0
WC,Golmés,2026-08-01,0.0
WG,Algerri,2026-08-01,0.0
WI,Maials,2026-08-01,0.0
WJ,el Masroig,2026-08-01,0.0
WK,Alfarràs,2026-08-01,0.0
WL,Sant Martí de Riucorb,2026-08-01,0.0
WM,Santuari de Queralt,2026-08-01,0.0
WN,Montserrat - Sant Dimes,2026-08-01,0.0
WO,la Bisbal del Penedès,2026-08-01,0.0
WP,Canaletes,2026-08-01,0.0
WQ,Montsec d'Ares (1.571 m),2026-08-01,0.0
WR,Torroja del Priorat,2026-08-01,0.0
WS,Viladrau,2026-08-01,0.0
WT,Malgrat de Mar,2026-08-01,0.0
WU,Badalona - Museu,2026-08-01,0.0
WV,Guardiola de Berguedà,2026-08-01,0.0
WW,Artés,2026-08-01,0.0
WX,Camarasa,2026-08-01,0.0
WZ,Cunit,2026-08-01,0.0
X1,Falset,2026-08-01,0.0
X3,Alguaire,2026-08-01,0.0
X4,Barcelona - el Raval,2026-08-01,0.0
X5,PN dels Ports,2026-08-01,0.0
X6,Baldomar,2026-08-01,0.0
X7,Torres de Segre,2026-08-01,0.0
X8,Barcelona - Zona Universitària,2026-08-01,0.0
X9,Caldes de Montbui,2026-08-01,0.0
XA,la Panadella,2026-08-01,0.1
XB,la Llacuna,2026-08-01,0.0
XC,Castellbisbal,2026-08-01,0.0
XD,Ulldemolins,2026-08-01,0.0
XE,Tarragona - Complex Educatiu,2026-08-01,0.0
XF,Sabadell - Parc Agrari,2026-08-01,0.0
XG,Parets del Vallès,2026-08-01,0.0
XH,Sort,2026-08-01,0.0
XI,Mollerussa,2026-08-01,0.0
XJ,Girona,2026-08-01,0.2
XK,Puig Sesolles (1.666 m),2026-08-01,0.0
XL,el Prat de Llobregat,2026-08-01,0.0
XM,els Alamús,2026-08-01,0.0
XN,Seròs,2026-08-01,0.0
XO,Vic,2026-08-01,0.0
XP,Gandesa,2026-08-01,0.0
XQ,Tremp,2026-08-01,0.0
XR,Prades,2026-08-01,0.0
XS,Santa Coloma de Farners,2026-08-01,0.0
XT,Solsona,2026-08-01,0.0
XU,Canyelles,2026-08-01,0.0
XV,Sant Cugat del Vallès - CAR,2026-08-01,0.0
XX,Anglesola - Tornabous,2026-08-01,0.0
XY,Alcarràs,2026-08-01,0.0
XZ,Torroella de Fluvià,2026-08-01,0.0
Y4,Alinyà,2026-08-01,0.0
Y5,Navata,2026-08-01,0.1
Y6,Tivissa,2026-08-01,0.0
YA,Puigcerdà,2026-08-01,0.2
YB,Olot,2026-08-01,4.7
YC,la Pobla de Segur,2026-08-01,0.0
YD,les Borges Blanques,2026-08-01,0.0
YE,Massoteres,2026-08-01,0.0
YF,Miami Platja,2026-08-01,0.0
YG,Tírvia,2026-08-01,2.3
YH,Pujalt,2026-08-01,0.0
YJ,Lleida - la Femosa,2026-08-01,0.0
YK,Terrassa,2026-08-01,0.0
YL,Riudecanyes,2026-08-01,0.0
YM,Granollers,2026-08-01,0.0
YN,Vielha - Elipòrt,2026-08-01,0.0
YO,Sant Sadurní d'Anoia,2026-08-01,0.0
YP,Palafrugell,2026-08-01,0.0
YQ,Port de Barcelona - ZAL Prat,2026-08-01,0.0
YR,Vilanova i la Geltrú,2026-08-01,0.0
YS,Cabanes,2026-08-01,0.1
YT,Bonabé (1.691 m),2026-08-01,0.0
YU,Cantonigròs,2026-08-01,0.1
YV,Mataró,2026-08-01,0.0
YX,Batea,2026-08-01,0.0
YY,Viladecans - les Filipines,2026-08-01,0.0
Z1,Bonaigua (2.262 m),2026-08-01,5.4
Z2,Boí (2.537 m),2026-08-01,0.0
Z3,Malniu (2.229 m),2026-08-01,2.1
Z5,Certascan (2.398 m),2026-08-01,0.4
Z6,Sasseuva (2.226 m),2026-08-01,0.0
Z7,Espot (2.519 m),2026-08-01,1.1
Z9,Cadí Nord (2.145 m) - Prat d'Aguiló,2026-08-01,0.0
ZB,Salòria (2.451 m),2026-08-01,8.2
ZC,Ulldeter (2.413 m),2026-08-01,15.1
ZE,el Port del Comte (2.288 m),2026-08-01,0.0
C6,Castellnou de Seana,2026-08-02,0.0
C7,Tàrrega,2026-08-02,0.0
C8,Cervera,2026-08-02,0.0
C9,Mas de Barberans,2026-08-02,0.0
CC,Orís,2026-08-02,0.0
CD,la Seu d'Urgell - Bellestar,2026-08-02,0.0
CE,els Hostalets de Pierola,2026-08-02,0.0
CG,Molló - Fabert,2026-08-02,0.0
CI,Sant Pau de Segúries,2026-08-02,0.0
CJ,Organyà,2026-08-02,0.0
CL,Sant Salvador de Guardiola,2026-08-02,0.0
CP,Sant Romà d'Abella,2026-08-02,0.0
CQ,Vilanova de Meià,2026-08-02,0.0
CR,la Quar,2026-08-02,0.0
CT,el Pont de Suert,2026-08-02,0.0
CW,l'Espluga de Francolí,2026-08-02,0.0
CY,Muntanyola,2026-08-02,0.0
D1,Margalef,2026-08-02,0.0
D2,Vacarisses,2026-08-02,0.0
D3,Vallirana,2026-08-02,0.0
D4,Roses,2026-08-02,0.0
D5,Barcelona - Observatori Fabra,2026-08-02,0.0
D6,Portbou - coll dels Belitres,2026-08-02,0.0
D7,Vinebre,2026-08-02,0.0
D8,Horta de Sant Joan,2026-08-02,0.0
D9,el Vendrell,2026-08-02,0.0
DB,el Perelló,2026-08-02,0.0
DF,la Bisbal d'Empordà,2026-08-02,0.0
DG,Núria (1.971 m),2026-08-02,0.0
DI,Font-rubí,2026-08-02,0.0
DJ,Banyoles,2026-08-02,0.0
DK,Torredembarra,2026-08-02,0.0
DL,Illa de Buda,2026-08-02,0.1
DN,Anglès,2026-08-02,0.0
DO,Castell d'Aro,2026-08-02,0.0
DP,Das - Aeròdrom,2026-08-02,0.2
DQ,Vila-rodona,2026-08-02,0.0
H1,Òdena,2026-08-02,0.0
J5,Pantà de Darnius - Boadella,2026-08-02,0.0
KE,Pantà de Sau,2026-08-02,0.0
KP,Fogars de la Selva,2026-08-02,0.0
KX,la Roca del Vallès - ETAP Cardedeu,2026-08-02,0.0
M6,Sant Joan de les Abadesses,2026-08-02,0.0
MQ,Cardona,2026-08-02,0.0
MR,Pantà de Siurana,2026-08-02,0.0
MS,Castellar de n'Hug - el Clot del Moro,2026-08-02,0.1
MV,Guixers - Valls,2026-08-02,0.0
MW,Navès,2026-08-02,0.0
U2,Sant Pere Pescador,2026-08-02,0.0
U3,Sant Martí Sarroca,2026-08-02,0.0
U4,Castellnou de Bages,2026-08-02,0.0
U6,Vinyols i els Arcs - Cambrils,2026-08-02,0.0
U7,Aldover,2026-08-02,0.0
U9,l'Aldea,2026-08-02,0.0
UA,l'Ametlla de Mar,2026-08-02,0.0
UB,la Tallada d'Empordà,2026-08-02,0.0
UE,Torroella de Montgrí,2026-08-02,0.0
UF,PN del Garraf - el Rascler,2026-08-02,0.0
UH,el Montmell,2026-08-02,0.0
UI,Gisclareny,2026-08-02,0.0
UJ,Santa Coloma de Queralt,2026-08-02,0.0
UK,Sant Pere de Ribes - PN del Garraf,2026-08-02,0.0
UM,la Granadella,2026-08-02,0.0
UN,Cassà de la Selva,2026-08-02,0.0
UO,Fornells de la Selva,2026-08-02,0.0
UP,Cabrils,2026-08-02,0.0
UQ,Dosrius - PN Montnegre Corredor,2026-08-02,0.0
US,les Cases d'Alcanar,2026-08-02,0.0
UU,Amposta,2026-08-02,0.0
UW,els Alfacs,2026-08-02,0.0
UX,Ulldecona - els Valentins,2026-08-02,0.0
UY,Os de Balaguer - el Monestir d'Avellanes,2026-08-02,0.0
V1,Vallfogona de Balaguer,2026-08-02,0.0
V4,Montesquiu,2026-08-02,0.0
V5,Perafita,2026-08-02,0.0
V8,el Poal,2026-08-02,0.0
VA,Ascó,2026-08-02,0.0
VB,Benissanet,2026-08-02,0.0
VC,Pantà de Riba-roja,2026-08-02,0.0
VD,el Canós,2026-08-02,0.0
VH,Gimenells,2026-08-02,0.0
VK,Raimat,2026-08-02,0.0
VM,Vilanova de Segrià,2026-08-02,0.0
VO,Lladurs,2026-08-02,0.0
VP,Pinós,2026-08-02,0.0
VQ,Constantí,2026-08-02,0.0
VS,Lac Redon (2.245 m),2026-08-02,0.0
VU,Rellinars,2026-08-02,0.0
VV,Sant Llorenç Savall,2026-08-02,0.0
VX,Tagamanent - PN del Montseny,2026-08-02,0.0
VY,Nulles,2026-08-02,0.0
VZ,Espolla,2026-08-02,0.0
W1,Castelló d'Empúries,2026-08-02,0.0
W4,Vilafranca del Penedès - la Granada,2026-08-02,0.0
W5,Oliana,2026-08-02,0.0
W8,Blancafort,2026-08-02,0.0
W9,la Vall d'en Bas,2026-08-02,0.0
WA,Oliola,2026-08-02,0.0
WB,Albesa,2026-08-02,0.0
WC,Golmés,2026-08-02,0.0
WG,Algerri,2026-08-02,0.0
WI,Maials,2026-08-02,0.0
WJ,el Masroig,2026-08-02,0.0
WK,Alfarràs,2026-08-02,0.0
WL,Sant Martí de Riucorb,2026-08-02,0.0
WM,Santuari de Queralt,2026-08-02,0.0
WN,Montserrat - Sant Dimes,2026-08-02,0.0
WO,la Bisbal del Penedès,2026-08-02,0.0
WP,Canaletes,2026-08-02,0.0
WQ,Montsec d'Ares (1.571 m),2026-08-02,0.0
WR,Torroja del Priorat,2026-08-02,0.0
WS,Viladrau,2026-08-02,0.0
WT,Malgrat de Mar,2026-08-02,0.0
WU,Badalona - Museu,2026-08-02,0.0
WV,Guardiola de Berguedà,2026-08-02,0.0
WW,Artés,2026-08-02,0.0
WX,Camarasa,2026-08-02,0.0
WZ,Cunit,2026-08-02,0.0
X1,Falset,2026-08-02,0.0
X3,Alguaire,2026-08-02,0.0
X4,Barcelona - el Raval,2026-08-02,0.0
X5,PN dels Ports,2026-08-02,0.0
X6,Baldomar,2026-08-02,0.0
X7,Torres de Segre,2026-08-02,0.0
X8,Barcelona - Zona Universitària,2026-08-02,0.0
X9,Caldes de Montbui,2026-08-02,0.0
XA,la Panadella,2026-08-02,0.1
XB,la Llacuna,2026-08-02,0.0
XC,Castellbisbal,2026-08-02,0.0
XD,Ulldemolins,2026-08-02,0.0
XE,Tarragona - Complex Educatiu,2026-08-02,0.0
XF,Sabadell - Parc Agrari,2026-08-02,0.0
XG,Parets del Vallès,2026-08-02,0.0
XH,Sort,2026-08-02,0.0
XI,Mollerussa,2026-08-02,0.0
XJ,Girona,2026-08-02,0.0
XK,Puig Sesolles (1.666 m),2026-08-02,0.0
XL,el Prat de Llobregat,2026-08-02,0.0
XM,els Alamús,2026-08-02,0.0
XN,Seròs,2026-08-02,0.0
XO,Vic,2026-08-02,0.0
XP,Gandesa,2026-08-02,0.0
XQ,Tremp,2026-08-02,0.0
XR,Prades,2026-08-02,0.0
XS,Santa Coloma de Farners,2026-08-02,0.0
XT,Solsona,2026-08-02,0.0
XU,Canyelles,2026-08-02,0.0
XV,Sant Cugat del Vallès - CAR,2026-08-02,0.0
XX,Anglesola - Tornabous,2026-08-02,0.0
XY,Alcarràs,2026-08-02,0.0
XZ,Torroella de Fluvià,2026-08-02,0.0
Y4,Alinyà,2026-08-02,0.0
Y5,Navata,2026-08-02,0.0
Y6,Tivissa,2026-08-02,0.0
YA,Puigcerdà,2026-08-02,0.1
YB,Olot,2026-08-02,0.0
YC,la Pobla de Segur,2026-08-02,2.4
YD,les Borges Blanques,2026-08-02,0.0
YE,Massoteres,2026-08-02,0.0
YF,Miami Platja,2026-08-02,0.0
YG,Tírvia,2026-08-02,0.0
YH,Pujalt,2026-08-02,0.0
YJ,Lleida - la Femosa,2026-08-02,0.0
YK,Terrassa,2026-08-02,0.0
YL,Riudecanyes,2026-08-02,0.0
YM,Granollers,2026-08-02,0.0
YN,Vielha - Elipòrt,2026-08-02,0.0
YO,Sant Sadurní d'Anoia,2026-08-02,0.0
YP,Palafrugell,2026-08-02,0.0
YQ,Port de Barcelona - ZAL Prat,2026-08-02,0.0
YR,Vilanova i la Geltrú,2026-08-02,0.0
YS,Cabanes,2026-08-02,0.0
YT,Bonabé (1.691 m),2026-08-02,0.0
YU,Cantonigròs,2026-08-02,0.0
YV,Mataró,2026-08-02,0.0
YX,Batea,2026-08-02,0.0
YY,Viladecans - les Filipines,2026-08-02,0.0
Z1,Bonaigua (2.262 m),2026-08-02,0.0
Z2,Boí (2.537 m),2026-08-02,0.0
Z3,Malniu (2.229 m),2026-08-02,0.0
Z5,Certascan (2.398 m),2026-08-02,0.0
Z6,Sasseuva (2.226 m),2026-08-02,0.0
Z7,Espot (2.519 m),2026-08-02,0.0
Z9,Cadí Nord (2.145 m) - Prat d'Aguiló,2026-08-02,0.0
ZB,Salòria (2.451 m),2026-08-02,1.8
ZC,Ulldeter (2.413 m),2026-08-02,0.0
ZE,el Port del Comte (2.288 m),2026-08-02,0.0
C6,Castellnou de Seana,2026-08-03,0.0
C7,Tàrrega,2026-08-03,1.1
C8,Cervera,2026-08-03,1.6
C9,Mas de Barberans,2026-08-03,0.0
CC,Orís,2026-08-03,0.0
CD,la Seu d'Urgell - Bellestar,2026-08-03,17.1
CE,els Hostalets de Pierola,2026-08-03,0.0
CG,Molló - Fabert,2026-08-03,3.3
CI,Sant Pau de Segúries,2026-08-03,0.1
CJ,Organyà,2026-08-03,11.7
CL,Sant Salvador de Guardiola,2026-08-03,0.0
CP,Sant Romà d'Abella,2026-08-03,4.3
CQ,Vilanova de Meià,2026-08-03,0.0
CR,la Quar,2026-08-03,9.6
CT,el Pont de Suert,2026-08-03,3.6
CW,l'Espluga de Francolí,2026-08-03,0.0
CY,Muntanyola,2026-08-03,0.0
D1,Margalef,2026-08-03,0.0
D2,Vacarisses,2026-08-03,0.0
D3,Vallirana,2026-08-03,0.0
D4,Roses,2026-08-03,0.0
D5,Barcelona - Observatori Fabra,2026-08-03,0.0
D6,Portbou - coll dels Belitres,2026-08-03,0.0
D7,Vinebre,2026-08-03,0.0
D8,Horta de Sant Joan,2026-08-03,0.0
D9,el Vendrell,2026-08-03,0.0
DB,el Perelló,2026-08-03,0.0
DF,la Bisbal d'Empordà,2026-08-03,0.0
DG,Núria (1.971 m),2026-08-03,5.5
DI,Font-rubí,2026-08-03,0.0
DJ,Banyoles,2026-08-03,0.0
DK,Torredembarra,2026-08-03,0.0
DL,Illa de Buda,2026-08-03,0.0
DN,Anglès,2026-08-03,0.0
DO,Castell d'Aro,2026-08-03,0.0
DP,Das - Aeròdrom,2026-08-03,15.7
DQ,Vila-rodona,2026-08-03,0.0
H1,Òdena,2026-08-03,0.0
J5,Pantà de Darnius - Boadella,2026-08-03,0.0
KE,Pantà de Sau,2026-08-03,0.0
KP,Fogars de la Selva,2026-08-03,0.0
KX,la Roca del Vallès - ETAP Cardedeu,2026-08-03,0.0
M6,Sant Joan de les Abadesses,2026-08-03,0.1
MQ,Cardona,2026-08-03,8.9
MR,Pantà de Siurana,2026-08-03,0.0
MS,Castellar de n'Hug - el Clot del Moro,2026-08-03,8.1
MV,Guixers - Valls,2026-08-03,32.4
MW,Navès,2026-08-03,27.3
U2,Sant Pere Pescador,2026-08-03,0.1
U3,Sant Martí Sarroca,2026-08-03,0.0
U4,Castellnou de Bages,2026-08-03,0.0
U6,Vinyols i els Arcs - Cambrils,2026-08-03,0.0
U7,Aldover,2026-08-03,0.0
U9,l'Aldea,2026-08-03,0.0
UA,l'Ametlla de Mar,2026-08-03,0.0
UB,la Tallada d'Empordà,2026-08-03,0.0
UE,Torroella de Montgrí,2026-08-03,0.1
UF,PN del Garraf - el Rascler,2026-08-03,0.0
UH,el Montmell,2026-08-03,0.0
UI,Gisclareny,2026-08-03,26.5
UJ,Santa Coloma de Queralt,2026-08-03,0.0
UK,Sant Pere de Ribes - PN del Garraf,2026-08-03,0.0
UM,la Granadella,2026-08-03,0.0
UN,Cassà de la Selva,2026-08-03,0.0
UO,Fornells de la Selva,2026-08-03,0.0
UP,Cabrils,2026-08-03,0.0
UQ,Dosrius - PN Montnegre Corredor,2026-08-03,0.1
US,les Cases d'Alcanar,2026-08-03,0.0
UU,Amposta,2026-08-03,0.0
UW,els Alfacs,2026-08-03,0.0
UX,Ulldecona - els Valentins,2026-08-03,0.0
UY,Os de Balaguer - el Monestir d'Avellanes,2026-08-03,0.0
V1,Vallfogona de Balaguer,2026-08-03,0.0
V4,Montesquiu,2026-08-03,0.0
V5,Perafita,2026-08-03,0.0
V8,el Poal,2026-08-03,0.0
VA,Ascó,2026-08-03,0.0
VB,Benissanet,2026-08-03,0.0
VC,Pantà de Riba-roja,2026-08-03,0.0
VD,el Canós,2026-08-03,2.7
VH,Gimenells,2026-08-03,0.1
VK,Raimat,2026-08-03,0.4
VM,Vilanova de Segrià,2026-08-03,0.0
VO,Lladurs,2026-08-03,19.2
VP,Pinós,2026-08-03,1.7
VQ,Constantí,2026-08-03,0.0
VS,Lac Redon (2.245 m),2026-08-03,3.3
VU,Rellinars,2026-08-03,0.0
VV,Sant Llorenç Savall,2026-08-03,0.0
VX,Tagamanent - PN del Montseny,2026-08-03,0.0
VY,Nulles,2026-08-03,0.0
VZ,Espolla,2026-08-03,0.0
W1,Castelló d'Empúries,2026-08-03,0.1
W4,Vilafranca del Penedès - la Granada,2026-08-03,0.0
W5,Oliana,2026-08-03,0.7
W8,Blancafort,2026-08-03,0.0
W9,la Vall d'en Bas,2026-08-03,0.0
WA,Oliola,2026-08-03,3.9
WB,Albesa,2026-08-03,0.0
WC,Golmés,2026-08-03,0.0
WG,Algerri,2026-08-03,0.0
WI,Maials,2026-08-03,0.0
WJ,el Masroig,2026-08-03,0.0
WK,Alfarràs,2026-08-03,0.0
WL,Sant Martí de Riucorb,2026-08-03,0.1
WM,Santuari de Queralt,2026-08-03,5.3
WN,Montserrat - Sant Dimes,2026-08-03,0.0
WO,la Bisbal del Penedès,2026-08-03,0.0
WP,Canaletes,2026-08-03,0.0
WQ,Montsec d'Ares (1.571 m),2026-08-03,9.0
WR,Torroja del Priorat,2026-08-03,0.0
WS,Viladrau,2026-08-03,0.0
WT,Malgrat de Mar,2026-08-03,0.0
WU,Badalona - Museu,2026-08-03,0.0
WV,Guardiola de Berguedà,2026-08-03,10.1
WW,Artés,2026-08-03,0.0
WX,Camarasa,2026-08-03,0.0
WZ,Cunit,2026-08-03,0.0
X1,Falset,2026-08-03,0.0
X3,Alguaire,2026-08-03,0.0
X4,Barcelona - el Raval,2026-08-03,0.0
X5,PN dels Ports,2026-08-03,0.1
X6,Baldomar,2026-08-03,0.0
X7,Torres de Segre,2026-08-03,0.0
X8,Barcelona - Zona Universitària,2026-08-03,0.0
X9,Caldes de Montbui,2026-08-03,0.0
XA,la Panadella,2026-08-03,0.0
XB,la Llacuna,2026-08-03,0.0
XC,Castellbisbal,2026-08-03,0.0
XD,Ulldemolins,2026-08-03,0.0
XE,Tarragona - Complex Educatiu,2026-08-03,0.0
XF,Sabadell - Parc Agrari,2026-08-03,0.0
XG,Parets del Vallès,2026-08-03,0.0
XH,Sort,2026-08-03,8.0
XI,Mollerussa,2026-08-03,0.0
XJ,Girona,2026-08-03,0.0
XK,Puig Sesolles (1.666 m),2026-08-03,0.0
XL,el Prat de Llobregat,2026-08-03,0.0
XM,els Alamús,2026-08-03,0.0
XN,Seròs,2026-08-03,0.0
XO,Vic,2026-08-03,0.0
XP,Gandesa,2026-08-03,0.0
XQ,Tremp,2026-08-03,3.3
XR,Prades,2026-08-03,0.0
XS,Santa Coloma de Farners,2026-08-03,0.0
XT,Solsona,2026-08-03,11.7
XU,Canyelles,2026-08-03,0.0
XV,Sant Cugat del Vallès - CAR,2026-08-03,0.0
XX,Anglesola - Tornabous,2026-08-03,0.0
XY,Alcarràs,2026-08-03,0.1
XZ,Torroella de Fluvià,2026-08-03,0.0
Y4,Alinyà,2026-08-03,3.1
Y5,Navata,2026-08-03,0.0
Y6,Tivissa,2026-08-03,0.0
YA,Puigcerdà,2026-08-03,14.7
YB,Olot,2026-08-03,0.0
YC,la Pobla de Segur,2026-08-03,3.1
YD,les Borges Blanques,2026-08-03,0.0
YE,Massoteres,2026-08-03,6.8
YF,Miami Platja,2026-08-03,0.0
YG,Tírvia,2026-08-03,8.8
YH,Pujalt,2026-08-03,2.3
YJ,Lleida - la Femosa,2026-08-03,0.0
YK,Terrassa,2026-08-03,0.0
YL,Riudecanyes,2026-08-03,0.0
YM,Granollers,2026-08-03,0.0
YN,Vielha - Elipòrt,2026-08-03,7.5
YO,Sant Sadurní d'Anoia,2026-08-03,0.0
YP,Palafrugell,2026-08-03,0.0
YQ,Port de Barcelona - ZAL Prat,2026-08-03,0.0
YR,Vilanova i la Geltrú,2026-08-03,0.0
YS,Cabanes,2026-08-03,0.0
YT,Bonabé (1.691 m),2026-08-03,7.4
YU,Cantonigròs,2026-08-03,0.0
YV,Mataró,2026-08-03,0.0
YX,Batea,2026-08-03,0.0
YY,Viladecans - les Filipines,2026-08-03,0.0
Z1,Bonaigua (2.262 m),2026-08-03,35.2
Z2,Boí (2.537 m),2026-08-03,7.6
Z3,Malniu (2.229 m),2026-08-03,11.1
Z5,Certascan (2.398 m),2026-08-03,3.6
Z6,Sasseuva (2.226 m),2026-08-03,5.6
Z7,Espot (2.519 m),2026-08-03,17.7
Z9,Cadí Nord (2.145 m) - Prat d'Aguiló,2026-08-03,31.2
ZB,Salòria (2.451 m),2026-08-03,13.1
ZC,Ulldeter (2.413 m),2026-08-03,6.5
ZE,el Port del Comte (2.288 m),2026-08-03,57.5
C6,Castellnou de Seana,2026-08-04,0.0
C7,Tàrrega,2026-08-04,0.0
C8,Cervera,2026-08-04,0.0
C9,Mas de Barberans,2026-08-04,0.1
CC,Orís,2026-08-04,1.3
CD,la Seu d'Urgell - Bellestar,2026-08-04,0.1
CE,els Hostalets de Pierola,2026-08-04,0.0
CG,Molló - Fabert,2026-08-04,0.6
CI,Sant Pau de Segúries,2026-08-04,0.5
CJ,Organyà,2026-08-04,0.0
CL,Sant Salvador de Guardiola,2026-08-04,0.0
CP,Sant Romà d'Abella,2026-08-04,0.0
CQ,Vilanova de Meià,2026-08-04,0.0
CR,la Quar,2026-08-04,0.0
CT,el Pont de Suert,2026-08-04,0.0
CW,l'Espluga de Francolí,2026-08-04,5.4
CY,Muntanyola,2026-08-04,0.0
D1,Margalef,2026-08-04,0.0
D2,Vacarisses,2026-08-04,0.0
D3,Vallirana,2026-08-04,0.0
D4,Roses,2026-08-04,0.0
D5,Barcelona - Observatori Fabra,2026-08-04,0.0
D6,Portbou - coll dels Belitres,2026-08-04,0.0
D7,Vinebre,2026-08-04,0.1
D8,Horta de Sant Joan,2026-08-04,0.0
D9,el Vendrell,2026-08-04,0.0
DB,el Perelló,2026-08-04,0.0
DF,la Bisbal d'Empordà,2026-08-04,0.0
DG,Núria (1.971 m),2026-08-04,0.4
DI,Font-rubí,2026-08-04,0.0
DJ,Banyoles,2026-08-04,0.0
DK,Torredembarra,2026-08-04,0.0
DL,Illa de Buda,2026-08-04,0.0
DN,Anglès,2026-08-04,0.0
DO,Castell d'Aro,2026-08-04,0.0
DP,Das - Aeròdrom,2026-08-04,0.1
DQ,Vila-rodona,2026-08-04,0.0
H1,Òdena,2026-08-04,0.3
J5,Pantà de Darnius - Boadella,2026-08-04,0.0
KE,Pantà de Sau,2026-08-04,14.7
KP,Fogars de la Selva,2026-08-04,0.0
KX,la Roca del Vallès - ETAP Cardedeu,2026-08-04,0.0
M6,Sant Joan de les Abadesses,2026-08-04,0.7
MQ,Cardona,2026-08-04,0.1
MR,Pantà de Siurana,2026-08-04,0.0
MS,Castellar de n'Hug - el Clot del Moro,2026-08-04,0.3
MV,Guixers - Valls,2026-08-04,0.1
MW,Navès,2026-08-04,0.1
U2,Sant Pere Pescador,2026-08-04,0.0
U3,Sant Martí Sarroca,2026-08-04,0.0
U4,Castellnou de Bages,2026-08-04,1.1
U6,Vinyols i els Arcs - Cambrils,2026-08-04,0.0
U7,Aldover,2026-08-04,0.0
U9,l'Aldea,2026-08-04,0.0
UA,l'Ametlla de Mar,2026-08-04,0.0
UB,la Tallada d'Empordà,2026-08-04,0.0
UE,Torroella de Montgrí,2026-08-04,0.0
UF,PN del Garraf - el Rascler,2026-08-04,0.0
UH,el Montmell,2026-08-04,0.0
UI,Gisclareny,2026-08-04,0.0
UJ,Santa Coloma de Queralt,2026-08-04,0.1
UK,Sant Pere de Ribes - PN del Garraf,2026-08-04,0.0
UM,la Granadella,2026-08-04,8.9
UN,Cassà de la Selva,2026-08-04,0.0
UO,Fornells de la Selva,2026-08-04,0.0
UP,Cabrils,2026-08-04,0.0
UQ,Dosrius - PN Montnegre Corredor,2026-08-04,0.0
US,les Cases d'Alcanar,2026-08-04,0.0
UU,Amposta,2026-08-04,0.0
UW,els Alfacs,2026-08-04,0.0
UX,Ulldecona - els Valentins,2026-08-04,0.0
UY,Os de Balaguer - el Monestir d'Avellanes,2026-08-04,0.0
V1,Vallfogona de Balaguer,2026-08-04,0.0
V4,Montesquiu,2026-08-04,15.3
V5,Perafita,2026-08-04,0.0
V8,el Poal,2026-08-04,0.0
VA,Ascó,2026-08-04,0.0
VB,Benissanet,2026-08-04,0.0
VC,Pantà de Riba-roja,2026-08-04,0.0
VD,el Canós,2026-08-04,0.0
VH,Gimenells,2026-08-04,0.0
VK,Raimat,2026-08-04,0.0
VM,Vilanova de Segrià,2026-08-04,0.0
VO,Lladurs,2026-08-04,0.0
VP,Pinós,2026-08-04,0.0
VQ,Constantí,2026-08-04,0.0
VS,Lac Redon (2.245 m),2026-08-04,0.0
VU,Rellinars,2026-08-04,0.0
VV,Sant Llorenç Savall,2026-08-04,0.0
VX,Tagamanent - PN del Montseny,2026-08-04,0.0
VY,Nulles,2026-08-04,0.0
VZ,Espolla,2026-08-04,0.0
W1,Castelló d'Empúries,2026-08-04,0.0
W4,Vilafranca del Penedès - la Granada,2026-08-04,0.0
W5,Oliana,2026-08-04,0.0
W8,Blancafort,2026-08-04,0.6
W9,la Vall d'en Bas,2026-08-04,0.2
WA,Oliola,2026-08-04,0.0
WB,Albesa,2026-08-04,0.0
WC,Golmés,2026-08-04,0.0
WG,Algerri,2026-08-04,0.0
WI,Maials,2026-08-04,0.0
WJ,el Masroig,2026-08-04,0.0
WK,Alfarràs,2026-08-04,0.0
WL,Sant Martí de Riucorb,2026-08-04,0.0
WM,Santuari de Queralt,2026-08-04,0.0
WN,Montserrat - Sant Dimes,2026-08-04,0.0
WO,la Bisbal del Penedès,2026-08-04,0.0
WP,Canaletes,2026-08-04,1.2
WQ,Montsec d'Ares (1.571 m),2026-08-04,0.0
WR,Torroja del Priorat,2026-08-04,0.0
WS,Viladrau,2026-08-04,1.2
WT,Malgrat de Mar,2026-08-04,0.0
WU,Badalona - Museu,2026-08-04,0.0
WV,Guardiola de Berguedà,2026-08-04,0.1
WW,Artés,2026-08-04,0.0
WX,Camarasa,2026-08-04,0.0
WZ,Cunit,2026-08-04,0.0
X1,Falset,2026-08-04,0.0
X3,Alguaire,2026-08-04,0.0
X4,Barcelona - el Raval,2026-08-04,0.0
X5,PN dels Ports,2026-08-04,0.0
X6,Baldomar,2026-08-04,0.0
X7,Torres de Segre,2026-08-04,0.0
X8,Barcelona - Zona Universitària,2026-08-04,0.0
X9,Caldes de Montbui,2026-08-04,0.0
XA,la Panadella,2026-08-04,0.2
XB,la Llacuna,2026-08-04,0.0
XC,Castellbisbal,2026-08-04,0.0
XD,Ulldemolins,2026-08-04,1.1
XE,Tarragona - Complex Educatiu,2026-08-04,0.0
XF,Sabadell - Parc Agrari,2026-08-04,0.0
XG,Parets del Vallès,2026-08-04,0.0
XH,Sort,2026-08-04,0.0
XI,Mollerussa,2026-08-04,0.0
XJ,Girona,2026-08-04,0.5
XK,Puig Sesolles (1.666 m),2026-08-04,0.0
XL,el Prat de Llobregat,2026-08-04,0.0
XM,els Alamús,2026-08-04,0.0
XN,Seròs,2026-08-04,0.0
XO,Vic,2026-08-04,7.9
XP,Gandesa,2026-08-04,0.0
XQ,Tremp,2026-08-04,0.0
XR,Prades,2026-08-04,0.0
XS,Santa Coloma de Farners,2026-08-04,0.1
XT,Solsona,2026-08-04,0.0
XU,Canyelles,2026-08-04,0.0
XV,Sant Cugat del Vallès - CAR,2026-08-04,0.0
XX,Anglesola - Tornabous,2026-08-04,0.0
XY,Alcarràs,2026-08-04,0.0
XZ,Torroella de Fluvià,2026-08-04,0.0
Y4,Alinyà,2026-08-04,0.0
Y5,Navata,2026-08-04,0.0
Y6,Tivissa,2026-08-04,0.0
YA,Puigcerdà,2026-08-04,0.1
YB,Olot,2026-08-04,0.0
YC,la Pobla de Segur,2026-08-04,0.0
YD,les Borges Blanques,2026-08-04,0.0
YE,Massoteres,2026-08-04,0.0
YF,Miami Platja,2026-08-04,0.0
YG,Tírvia,2026-08-04,0.1
YH,Pujalt,2026-08-04,0.0
YJ,Lleida - la Femosa,2026-08-04,0.0
YK,Terrassa,2026-08-04,0.0
YL,Riudecanyes,2026-08-04,0.0
YM,Granollers,2026-08-04,0.0
YN,Vielha - Elipòrt,2026-08-04,0.0
YO,Sant Sadurní d'Anoia,2026-08-04,0.0
YP,Palafrugell,2026-08-04,0.0
YQ,Port de Barcelona - ZAL Prat,2026-08-04,0.0
YR,Vilanova i la Geltrú,2026-08-04,0.0
YS,Cabanes,2026-08-04,0.0
YT,Bonabé (1.691 m),2026-08-04,0.0
YU,Cantonigròs,2026-08-04,10.7
YV,Mataró,2026-08-04,0.0
YX,Batea,2026-08-04,0.0
YY,Viladecans - les Filipines,2026-08-04,0.0
Z1,Bonaigua (2.262 m),2026-08-04,0.0
Z2,Boí (2.537 m),2026-08-04,0.0
Z3,Malniu (2.229 m),2026-08-04,0.0
Z5,Certascan (2.398 m),2026-08-04,0.0
Z6,Sasseuva (2.226 m),2026-08-04,0.0
Z7,Espot (2.519 m),2026-08-04,0.0
Z9,Cadí Nord (2.145 m) - Prat d'Aguiló,2026-08-04,0.0
ZB,Salòria (2.451 m),2026-08-04,0.0
ZC,Ulldeter (2.413 m),2026-08-04,0.3
ZE,el Port del Comte (2.288 m),2026-08-04,0.0
C6,Castellnou de Seana,2026-08-05,0.0
C7,Tàrrega,2026-08-05,0.0
C8,Cervera,2026-08-05,0.0
C9,Mas de Barberans,2026-08-05,0.0
CC,Orís,2026-08-05,0.0
CD,la Seu d'Urgell - Bellestar,2026-08-05,0.0
CE,els Hostalets de Pierola,2026-08-05,0.0
CG,Molló - Fabert,2026-08-05,0.0
CI,Sant Pau de Segúries,2026-08-05,0.0
CJ,Organyà,2026-08-05,0.0
CL,Sant Salvador de Guardiola,2026-08-05,0.0
CP,Sant Romà d'Abella,2026-08-05,0.0
CQ,Vilanova de Meià,2026-08-05,0.0
CR,la Quar,2026-08-05,0.0
CT,el Pont de Suert,2026-08-05,0.0
CW,l'Espluga de Francolí,2026-08-05,0.0
CY,Muntanyola,2026-08-05,0.0
D1,Margalef,2026-08-05,0.0
D2,Vacarisses,2026-08-05,0.0
D3,Vallirana,2026-08-05,0.0
D4,Roses,2026-08-05,0.0
D5,Barcelona - Observatori Fabra,2026-08-05,0.0
D6,Portbou - coll dels Belitres,2026-08-05,0.0
D7,Vinebre,2026-08-05,0.0
D8,Horta de Sant Joan,2026-08-05,0.0
D9,el Vendrell,2026-08-05,0.0
DB,el Perelló,2026-08-05,0.0
DF,la Bisbal d'Empordà,2026-08-05,0.0
DG,Núria (1.971 m),2026-08-05,0.0
DI,Font-rubí,2026-08-05,0.0
DJ,Banyoles,2026-08-05,0.0
DK,Torredembarra,2026-08-05,0.0
DL,Illa de Buda,2026-08-05,0.0
DN,Anglès,2026-08-05,0.0
DO,Castell d'Aro,2026-08-05,0.0
DP,Das - Aeròdrom,2026-08-05,0.0
DQ,Vila-rodona,2026-08-05,0.0
H1,Òdena,2026-08-05,0.0
J5,Pantà de Darnius - Boadella,2026-08-05,0.0
KE,Pantà de Sau,2026-08-05,0.0
KP,Fogars de la Selva,2026-08-05,0.0
KX,la Roca del Vallès - ETAP Cardedeu,2026-08-05,0.0
M6,Sant Joan de les Abadesses,2026-08-05,0.0
MQ,Cardona,2026-08-05,0.0
MR,Pantà de Siurana,2026-08-05,0.0
MS,Castellar de n'Hug - el Clot del Moro,2026-08-05,0.0
MV,Guixers - Valls,2026-08-05,0.0
MW,Navès,2026-08-05,0.0
U2,Sant Pere Pescador,2026-08-05,0.0
U3,Sant Martí Sarroca,2026-08-05,0.0
U4,Castellnou de Bages,2026-08-05,0.0
U6,Vinyols i els Arcs - Cambrils,2026-08-05,0.0
U7,Aldover,2026-08-05,0.0
U9,l'Aldea,2026-08-05,0.0
UA,l'Ametlla de Mar,2026-08-05,0.0
UB,la Tallada d'Empordà,2026-08-05,0.0
UE,Torroella de Montgrí,2026-08-05,0.0
UF,PN del Garraf - el Rascler,2026-08-05,0.0
UH,el Montmell,2026-08-05,0.0
UI,Gisclareny,2026-08-05,0.0
UJ,Santa Coloma de Queralt,2026-08-05,0.0
UK,Sant Pere de Ribes - PN del Garraf,2026-08-05,0.0
UM,la Granadella,2026-08-05,0.0
UN,Cassà de la Selva,2026-08-05,0.0
UO,Fornells de la Selva,2026-08-05,0.0
UP,Cabrils,2026-08-05,0.0
UQ,Dosrius - PN Montnegre Corredor,2026-08-05,0.0
US,les Cases d'Alcanar,2026-08-05,0.0
UU,Amposta,2026-08-05,0.0
UW,els Alfacs,2026-08-05,0.0
UX,Ulldecona - els Valentins,2026-08-05,0.0
UY,Os de Balaguer - el Monestir d'Avellanes,2026-08-05,0.0
V1,Vallfogona de Balaguer,2026-08-05,0.0
V4,Montesquiu,2026-08-05,0.0
V5,Perafita,2026-08-05,0.0
V8,el Poal,2026-08-05,0.0
VA,Ascó,2026-08-05,0.0
VB,Benissanet,2026-08-05,0.0
VC,Pantà de Riba-roja,2026-08-05,0.0
VD,el Canós,2026-08-05,0.0
VH,Gimenells,2026-08-05,0.0
VK,Raimat,2026-08-05,0.0
VM,Vilanova de Segrià,2026-08-05,0.0
VO,Lladurs,2026-08-05,0.0
VP,Pinós,2026-08-05,0.0
VQ,Constantí,2026-08-05,0.0
VS,Lac Redon (2.245 m),2026-08-05,0.0
VU,Rellinars,2026-08-05,0.0
VV,Sant Llorenç Savall,2026-08-05,0.0
VX,Tagamanent - PN del Montseny,2026-08-05,0.0
VY,Nulles,2026-08-05,0.0
VZ,Espolla,2026-08-05,0.0
W1,Castelló d'Empúries,2026-08-05,0.0
W4,Vilafranca del Penedès - la Granada,2026-08-05,0.0
W5,Oliana,2026-08-05,0.0
W8,Blancafort,2026-08-05,0.0
W9,la Vall d'en Bas,2026-08-05,0.0
WA,Oliola,2026-08-05,0.0
WB,Albesa,2026-08-05,0.0
WC,Golmés,2026-08-05,0.0
WG,Algerri,2026-08-05,0.0
WI,Maials,2026-08-05,0.0
WJ,el Masroig,2026-08-05,0.0
WK,Alfarràs,2026-08-05,0.0
WL,Sant Martí de Riucorb,2026-08-05,0.0
WM,Santuari de Queralt,2026-08-05,0.0
WN,Montserrat - Sant Dimes,2026-08-05,0.0
WO,la Bisbal del Penedès,2026-08-05,0.0
WP,Canaletes,2026-08-05,0.0
WQ,Montsec d'Ares (1.571 m),2026-08-05,0.0
WR,Torroja del Priorat,2026-08-05,0.0
WS,Viladrau,2026-08-05,0.0
WT,Malgrat de Mar,2026-08-05,0.0
WU,Badalona - Museu,2026-08-05,0.0
WV,Guardiola de Berguedà,2026-08-05,0.1
WW,Artés,2026-08-05,0.0
WX,Camarasa,2026-08-05,0.0
WZ,Cunit,2026-08-05,0.0
X1,Falset,2026-08-05,0.0
X3,Alguaire,2026-08-05,0.0
X4,Barcelona - el Raval,2026-08-05,0.0
X5,PN dels Ports,2026-08-05,0.0
X6,Baldomar,2026-08-05,0.0
X7,Torres de Segre,2026-08-05,0.0
X8,Barcelona - Zona Universitària,2026-08-05,0.0
X9,Caldes de Montbui,2026-08-05,0.0
XA,la Panadella,2026-08-05,0.0
XB,la Llacuna,2026-08-05,0.0
XC,Castellbisbal,2026-08-05,0.0
XD,Ulldemolins,2026-08-05,0.0
XE,Tarragona - Complex Educatiu,2026-08-05,0.0
XF,Sabadell - Parc Agrari,2026-08-05,0.0
XG,Parets del Vallès,2026-08-05,0.0
XH,Sort,2026-08-05,0.0
XI,Mollerussa,2026-08-05,0.0
XJ,Girona,2026-08-05,0.0
XK,Puig Sesolles (1.666 m),2026-08-05,0.0
XL,el Prat de Llobregat,2026-08-05,0.0
XM,els Alamús,2026-08-05,0.0
XN,Seròs,2026-08-05,0.0
XO,Vic,2026-08-05,0.0
XP,Gandesa,2026-08-05,0.0
XQ,Tremp,2026-08-05,0.0
XR,Prades,2026-08-05,0.0
XS,Santa Coloma de Farners,2026-08-05,0.0
XT,Solsona,2026-08-05,0.0
XU,Canyelles,2026-08-05,0.0
XV,Sant Cugat del Vallès - CAR,2026-08-05,0.0
XX,Anglesola - Tornabous,2026-08-05,0.0
XY,Alcarràs,2026-08-05,0.0
XZ,Torroella de Fluvià,2026-08-05,0.0
Y4,Alinyà,2026-08-05,0.0
Y5,Navata,2026-08-05,0.0
Y6,Tivissa,2026-08-05,0.0
YA,Puigcerdà,2026-08-05,0.0
YB,Olot,2026-08-05,0.0
YC,la Pobla de Segur,2026-08-05,0.0
YD,les Borges Blanques,2026-08-05,0.0
YE,Massoteres,2026-08-05,0.0
YF,Miami Platja,2026-08-05,0.0
YG,Tírvia,2026-08-05,0.0
YH,Pujalt,2026-08-05,0.0
YJ,Lleida - la Femosa,2026-08-05,0.0
YK,Terrassa,2026-08-05,0.0
YL,Riudecanyes,2026-08-05,0.0
YM,Granollers,2026-08-05,0.0
YN,Vielha - Elipòrt,2026-08-05,0.0
YO,Sant Sadurní d'Anoia,2026-08-05,0.0
YP,Palafrugell,2026-08-05,0.0
YQ,Port de Barcelona - ZAL Prat,2026-08-05,0.0
YR,Vilanova i la Geltrú,2026-08-05,0.0
YS,Cabanes,2026-08-05,0.0
YT,Bonabé (1.691 m),2026-08-05,0.0
YU,Cantonigròs,2026-08-05,0.0
YV,Mataró,2026-08-05,0.0
YX,Batea,2026-08-05,0.0
YY,Viladecans - les Filipines,2026-08-05,0.0
Z1,Bonaigua (2.262 m),2026-08-05,0.0
Z2,Boí (2.537 m),2026-08-05,0.0
Z3,Malniu (2.229 m),2026-08-05,0.0
Z5,Certascan (2.398 m),2026-08-05,0.0
Z6,Sasseuva (2.226 m),2026-08-05,0.0
Z7,Espot (2.519 m),2026-08-05,0.0
Z9,Cadí Nord (2.145 m) - Prat d'Aguiló,2026-08-05,0.0
ZB,Salòria (2.451 m),2026-08-05,0.0
ZC,Ulldeter (2.413 m),2026-08-05,0.0
ZE,el Port del Comte (2.288 m),2026-08-05,0.0
C6,Castellnou de Seana,2026-08-06,0.0
C7,Tàrrega,2026-08-06,0.0
C8,Cervera,2026-08-06,0.0
C9,Mas de Barberans,2026-08-06,0.1
CC,Orís,2026-08-06,31.3
CD,la Seu d'Urgell - Bellestar,2026-08-06,41.0
CE,els Hostalets de Pierola,2026-08-06,26.0
CG,Molló - Fabert,2026-08-06,21.3
CI,Sant Pau de Segúries,2026-08-06,6.2
CJ,Organyà,2026-08-06,1.3
CL,Sant Salvador de Guardiola,2026-08-06,58.5
CP,Sant Romà d'Abella,2026-08-06,4.8
CQ,Vilanova de Meià,2026-08-06,0.9
CR,la Quar,2026-08-06,19.6
CT,el Pont de Suert,2026-08-06,6.9
CW,l'Espluga de Francolí,2026-08-06,0.2
CY,Muntanyola,2026-08-06,12.2
D1,Margalef,2026-08-06,0.0
D2,Vacarisses,2026-08-06,17.6
D3,Vallirana,2026-08-06,5.2
D4,Roses,2026-08-06,2.4
D5,Barcelona - Observatori Fabra,2026-08-06,2.7
D6,Portbou - coll dels Belitres,2026-08-06,0.0
D7,Vinebre,2026-08-06,0.0
D8,Horta de Sant Joan,2026-08-06,0.8
D9,el Vendrell,2026-08-06,0.0
DB,el Perelló,2026-08-06,0.0
DF,la Bisbal d'Empordà,2026-08-06,2.1
DG,Núria (1.971 m),2026-08-06,33.4
DI,Font-rubí,2026-08-06,2.8
DJ,Banyoles,2026-08-06,17.7
DK,Torredembarra,2026-08-06,0.0
DL,Illa de Buda,2026-08-06,0.0
DN,Anglès,2026-08-06,18.5
DO,Castell d'Aro,2026-08-06,4.3
DP,Das - Aeròdrom,2026-08-06,54.6
DQ,Vila-rodona,2026-08-06,0.0
H1,Òdena,2026-08-06,33.5
J5,Pantà de Darnius - Boadella,2026-08-06,2.5
KE,Pantà de Sau,2026-08-06,10.7
KP,Fogars de la Selva,2026-08-06,19.9
KX,la Roca del Vallès - ETAP Cardedeu,2026-08-06,8.5
M6,Sant Joan de les Abadesses,2026-08-06,8.7
MQ,Cardona,2026-08-06,1.9
MR,Pantà de Siurana,2026-08-06,0.0
MS,Castellar de n'Hug - el Clot del Moro,2026-08-06,10.1
MV,Guixers - Valls,2026-08-06,10.7
MW,Navès,2026-08-06,4.8
U2,Sant Pere Pescador,2026-08-06,3.9
U3,Sant Martí Sarroca,2026-08-06,0.0
U4,Castellnou de Bages,2026-08-06,16.0
U6,Vinyols i els Arcs - Cambrils,2026-08-06,0.0
U7,Aldover,2026-08-06,0.0
U9,l'Aldea,2026-08-06,0.0
UA,l'Ametlla de Mar,2026-08-06,0.0
UB,la Tallada d'Empordà,2026-08-06,3.5
UE,Torroella de Montgrí,2026-08-06,2.0
UF,PN del Garraf - el Rascler,2026-08-06,0.0
UH,el Montmell,2026-08-06,0.6
UI,Gisclareny,2026-08-06,22.9
UJ,Santa Coloma de Queralt,2026-08-06,0.0
UK,Sant Pere de Ribes - PN del Garraf,2026-08-06,0.0
UM,la Granadella,2026-08-06,0.0
UN,Cassà de la Selva,2026-08-06,7.7
UO,Fornells de la Selva,2026-08-06,9.4
UP,Cabrils,2026-08-06,4.4
UQ,Dosrius - PN Montnegre Corredor,2026-08-06,16.0
US,les Cases d'Alcanar,2026-08-06,0.0
UU,Amposta,2026-08-06,0.0
UW,els Alfacs,2026-08-06,0.0
UX,Ulldecona - els Valentins,2026-08-06,0.0
UY,Os de Balaguer - el Monestir d'Avellanes,2026-08-06,6.9
V1,Vallfogona de Balaguer,2026-08-06,0.5
V4,Montesquiu,2026-08-06,19.2
V5,Perafita,2026-08-06,36.5
V8,el Poal,2026-08-06,0.0
VA,Ascó,2026-08-06,0.0
VB,Benissanet,2026-08-06,0.3
VC,Pantà de Riba-roja,2026-08-06,0.0
VD,el Canós,2026-08-06,0.0
VH,Gimenells,2026-08-06,0.4
VK,Raimat,2026-08-06,5.8
VM,Vilanova de Segrià,2026-08-06,1.1
VO,Lladurs,2026-08-06,3.3
VP,Pinós,2026-08-06,0.7
VQ,Constantí,2026-08-06,0.0
VS,Lac Redon (2.245 m),2026-08-06,2.3
VU,Rellinars,2026-08-06,13.6
VV,Sant Llorenç Savall,2026-08-06,9.3
VX,Tagamanent - PN del Montseny,2026-08-06,4.7
VY,Nulles,2026-08-06,0.0
VZ,Espolla,2026-08-06,2.8
W1,Castelló d'Empúries,2026-08-06,3.6
W4,Vilafranca del Penedès - la Granada,2026-08-06,0.0
W5,Oliana,2026-08-06,0.6
W8,Blancafort,2026-08-06,1.1
W9,la Vall d'en Bas,2026-08-06,7.2
WA,Oliola,2026-08-06,0.0
WB,Albesa,2026-08-06,0.0
WC,Golmés,2026-08-06,0.0
WG,Algerri,2026-08-06,0.1
WI,Maials,2026-08-06,0.0
WJ,el Masroig,2026-08-06,0.3
WK,Alfarràs,2026-08-06,0.3
WL,Sant Martí de Riucorb,2026-08-06,0.0
WM,Santuari de Queralt,2026-08-06,28.5
WN,Montserrat - Sant Dimes,2026-08-06,18.2
WO,la Bisbal del Penedès,2026-08-06,0.0
WP,Canaletes,2026-08-06,2.9
WQ,Montsec d'Ares (1.571 m),2026-08-06,78.7
WR,Torroja del Priorat,2026-08-06,0.1
WS,Viladrau,2026-08-06,8.9
WT,Malgrat de Mar,2026-08-06,2.9
WU,Badalona - Museu,2026-08-06,3.3
WV,Guardiola de Berguedà,2026-08-06,5.7
WW,Artés,2026-08-06,6.8
WX,Camarasa,2026-08-06,4.7
WZ,Cunit,2026-08-06,0.0
X1,Falset,2026-08-06,0.7
X3,Alguaire,2026-08-06,7.5
X4,Barcelona - el Raval,2026-08-06,2.5
X5,PN dels Ports,2026-08-06,4.1
X6,Baldomar,2026-08-06,2.2
X7,Torres de Segre,2026-08-06,0.0
X8,Barcelona - Zona Universitària,2026-08-06,1.5
X9,Caldes de Montbui,2026-08-06,1.5
XA,la Panadella,2026-08-06,6.7
XB,la Llacuna,2026-08-06,8.1
XC,Castellbisbal,2026-08-06,27.9
XD,Ulldemolins,2026-08-06,0.0
XE,Tarragona - Complex Educatiu,2026-08-06,0.0
XF,Sabadell - Parc Agrari,2026-08-06,4.5
XG,Parets del Vallès,2026-08-06,0.8
XH,Sort,2026-08-06,12.9
XI,Mollerussa,2026-08-06,0.1
XJ,Girona,2026-08-06,5.3
XK,Puig Sesolles (1.666 m),2026-08-06,12.8
XL,el Prat de Llobregat,2026-08-06,0.4
XM,els Alamús,2026-08-06,0.4
XN,Seròs,2026-08-06,0.0
XO,Vic,2026-08-06,18.1
XP,Gandesa,2026-08-06,3.3
XQ,Tremp,2026-08-06,1.0
XR,Prades,2026-08-06,0.8
XS,Santa Coloma de Farners,2026-08-06,50.2
XT,Solsona,2026-08-06,0.0
XU,Canyelles,2026-08-06,0.0
XV,Sant Cugat del Vallès - CAR,2026-08-06,8.8
XX,Anglesola - Tornabous,2026-08-06,0.0
XY,Alcarràs,2026-08-06,0.2
XZ,Torroella de Fluvià,2026-08-06,3.7
Y4,Alinyà,2026-08-06,1.1
Y5,Navata,2026-08-06,4.1
Y6,Tivissa,2026-08-06,2.0
YA,Puigcerdà,2026-08-06,10.2
YB,Olot,2026-08-06,8.2
YC,la Pobla de Segur,2026-08-06,0.6
YD,les Borges Blanques,2026-08-06,0.0
YE,Massoteres,2026-08-06,0.4
YF,Miami Platja,2026-08-06,0.3
YG,Tírvia,2026-08-06,16.1
YH,Pujalt,2026-08-06,0.3
YJ,Lleida - la Femosa,2026-08-06,0.2
YK,Terrassa,2026-08-06,8.6
YL,Riudecanyes,2026-08-06,0.0
YM,Granollers,2026-08-06,3.5
YN,Vielha - Elipòrt,2026-08-06,1.1
YO,Sant Sadurní d'Anoia,2026-08-06,15.6
YP,Palafrugell,2026-08-06,1.8
YQ,Port de Barcelona - ZAL Prat,2026-08-06,1.1
YR,Vilanova i la Geltrú,2026-08-06,0.0
YS,Cabanes,2026-08-06,1.6
YT,Bonabé (1.691 m),2026-08-06,0.0
YU,Cantonigròs,2026-08-06,16.1
YV,Mataró,2026-08-06,7.7
YX,Batea,2026-08-06,0.3
YY,Viladecans - les Filipines,2026-08-06,0.3
Z1,Bonaigua (2.262 m),2026-08-06,1.9
Z2,Boí (2.537 m),2026-08-06,31.3
Z3,Malniu (2.229 m),2026-08-06,4.2
Z5,Certascan (2.398 m),2026-08-06,7.7
Z6,Sasseuva (2.226 m),2026-08-06,0.0
Z7,Espot (2.519 m),2026-08-06,18.8
Z9,Cadí Nord (2.145 m) - Prat d'Aguiló,2026-08-06,19.4
ZB,Salòria (2.451 m),2026-08-06,2.0
ZC,Ulldeter (2.413 m),2026-08-06,40.8
ZE,el Port del Comte (2.288 m),2026-08-06,6.9
C6,Castellnou de Seana,2026-08-07,0.0
C7,Tàrrega,2026-08-07,0.0
C8,Cervera,2026-08-07,0.0
C9,Mas de Barberans,2026-08-07,0.0
CC,Orís,2026-08-07,2.3
CD,la Seu d'Urgell - Bellestar,2026-08-07,17.8
CE,els Hostalets de Pierola,2026-08-07,0.0
CG,Molló - Fabert,2026-08-07,9.2
CI,Sant Pau de Segúries,2026-08-07,33.6
CJ,Organyà,2026-08-07,0.0
CL,Sant Salvador de Guardiola,2026-08-07,0.0
CP,Sant Romà d'Abella,2026-08-07,0.0
CQ,Vilanova de Meià,2026-08-07,0.0
CR,la Quar,2026-08-07,31.5
CT,el Pont de Suert,2026-08-07,0.0
CW,l'Espluga de Francolí,2026-08-07,0.0
CY,Muntanyola,2026-08-07,3.1
D1,Margalef,2026-08-07,0.0
D2,Vacarisses,2026-08-07,0.0
D3,Vallirana,2026-08-07,0.1
D4,Roses,2026-08-07,0.1
D5,Barcelona - Observatori Fabra,2026-08-07,0.0
D6,Portbou - coll dels Belitres,2026-08-07,0.0
D7,Vinebre,2026-08-07,0.0
D8,Horta de Sant Joan,2026-08-07,0.0
D9,el Vendrell,2026-08-07,0.0
DB,el Perelló,2026-08-07,0.0
DF,la Bisbal d'Empordà,2026-08-07,0.0
DG,Núria (1.971 m),2026-08-07,22.6
DI,Font-rubí,2026-08-07,0.0
DJ,Banyoles,2026-08-07,0.2
DK,Torredembarra,2026-08-07,0.0
DL,Illa de Buda,2026-08-07,0.0
DN,Anglès,2026-08-07,3.0
DO,Castell d'Aro,2026-08-07,0.0
DP,Das - Aeròdrom,2026-08-07,2.2
DQ,Vila-rodona,2026-08-07,0.0
H1,Òdena,2026-08-07,0.0
J5,Pantà de Darnius - Boadella,2026-08-07,0.1
KE,Pantà de Sau,2026-08-07,6.8
KP,Fogars de la Selva,2026-08-07,1.4
KX,la Roca del Vallès - ETAP Cardedeu,2026-08-07,0.0
M6,Sant Joan de les Abadesses,2026-08-07,3.9
MQ,Cardona,2026-08-07,8.5
MR,Pantà de Siurana,2026-08-07,0.0
MS,Castellar de n'Hug - el Clot del Moro,2026-08-07,10.5
MV,Guixers - Valls,2026-08-07,0.2
MW,Navès,2026-08-07,0.2
U2,Sant Pere Pescador,2026-08-07,0.2
U3,Sant Martí Sarroca,2026-08-07,0.0
U4,Castellnou de Bages,2026-08-07,0.0
U6,Vinyols i els Arcs - Cambrils,2026-08-07,0.0
U7,Aldover,2026-08-07,0.0
U9,l'Aldea,2026-08-07,0.0
UA,l'Ametlla de Mar,2026-08-07,0.0
UB,la Tallada d'Empordà,2026-08-07,0.0
UE,Torroella de Montgrí,2026-08-07,0.1
UF,PN del Garraf - el Rascler,2026-08-07,0.0
UH,el Montmell,2026-08-07,0.0
UI,Gisclareny,2026-08-07,28.8
UJ,Santa Coloma de Queralt,2026-08-07,0.0
UK,Sant Pere de Ribes - PN del Garraf,2026-08-07,0.0
UM,la Granadella,2026-08-07,0.0
UN,Cassà de la Selva,2026-08-07,0.1
UO,Fornells de la Selva,2026-08-07,0.0
UP,Cabrils,2026-08-07,0.0
UQ,Dosrius - PN Montnegre Corredor,2026-08-07,0.0
US,les Cases d'Alcanar,2026-08-07,0.0
UU,Amposta,2026-08-07,0.0
UW,els Alfacs,2026-08-07,0.0
UX,Ulldecona - els Valentins,2026-08-07,0.0
UY,Os de Balaguer - el Monestir d'Avellanes,2026-08-07,0.0
V1,Vallfogona de Balaguer,2026-08-07,0.0
V4,Montesquiu,2026-08-07,1.9
V5,Perafita,2026-08-07,3.7
V8,el Poal,2026-08-07,0.0
VA,Ascó,2026-08-07,0.0
VB,Benissanet,2026-08-07,0.0
VC,Pantà de Riba-roja,2026-08-07,0.0
VD,el Canós,2026-08-07,0.0
VH,Gimenells,2026-08-07,0.1
VK,Raimat,2026-08-07,0.0
VM,Vilanova de Segrià,2026-08-07,0.0
VO,Lladurs,2026-08-07,0.0
VP,Pinós,2026-08-07,0.0
VQ,Constantí,2026-08-07,0.0
VS,Lac Redon (2.245 m),2026-08-07,1.2
VU,Rellinars,2026-08-07,0.1
VV,Sant Llorenç Savall,2026-08-07,0.0
VX,Tagamanent - PN del Montseny,2026-08-07,1.1
VY,Nulles,2026-08-07,0.0
VZ,Espolla,2026-08-07,0.0
W1,Castelló d'Empúries,2026-08-07,0.2
W4,Vilafranca del Penedès - la Granada,2026-08-07,0.0
W5,Oliana,2026-08-07,0.0
W8,Blancafort,2026-08-07,0.0
W9,la Vall d'en Bas,2026-08-07,11.8
WA,Oliola,2026-08-07,0.0
WB,Albesa,2026-08-07,0.0
WC,Golmés,2026-08-07,0.0
WG,Algerri,2026-08-07,0.0
WI,Maials,2026-08-07,0.0
WJ,el Masroig,2026-08-07,0.0
WK,Alfarràs,2026-08-07,0.0
WL,Sant Martí de Riucorb,2026-08-07,0.0
WM,Santuari de Queralt,2026-08-07,10.2
WN,Montserrat - Sant Dimes,2026-08-07,0.0
WO,la Bisbal del Penedès,2026-08-07,0.0
WP,Canaletes,2026-08-07,0.0
WQ,Montsec d'Ares (1.571 m),2026-08-07,0.0
WR,Torroja del Priorat,2026-08-07,0.0
WS,Viladrau,2026-08-07,10.0
WT,Malgrat de Mar,2026-08-07,9.1
WU,Badalona - Museu,2026-08-07,0.0
WV,Guardiola de Berguedà,2026-08-07,61.9
WW,Artés,2026-08-07,0.0
WX,Camarasa,2026-08-07,0.0
WZ,Cunit,2026-08-07,0.0
X1,Falset,2026-08-07,0.0
X3,Alguaire,2026-08-07,0.0
X4,Barcelona - el Raval,2026-08-07,0.0
X5,PN dels Ports,2026-08-07,0.0
X6,Baldomar,2026-08-07,0.0
X7,Torres de Segre,2026-08-07,0.0
X8,Barcelona - Zona Universitària,2026-08-07,0.0
X9,Caldes de Montbui,2026-08-07,0.1
XA,la Panadella,2026-08-07,0.0
XB,la Llacuna,2026-08-07,0.0
XC,Castellbisbal,2026-08-07,0.1
XD,Ulldemolins,2026-08-07,0.0
XE,Tarragona - Complex Educatiu,2026-08-07,0.0
XF,Sabadell - Parc Agrari,2026-08-07,0.0
XG,Parets del Vallès,2026-08-07,0.0
XH,Sort,2026-08-07,0.1
XI,Mollerussa,2026-08-07,0.0
XJ,Girona,2026-08-07,0.1
XK,Puig Sesolles (1.666 m),2026-08-07,10.1
XL,el Prat de Llobregat,2026-08-07,0.0
XM,els Alamús,2026-08-07,0.0
XN,Seròs,2026-08-07,0.0
XO,Vic,2026-08-07,2.9
XP,Gandesa,2026-08-07,0.0
XQ,Tremp,2026-08-07,0.0
XR,Prades,2026-08-07,0.0
XS,Santa Coloma de Farners,2026-08-07,0.7
XT,Solsona,2026-08-07,0.3
XU,Canyelles,2026-08-07,0.0
XV,Sant Cugat del Vallès - CAR,2026-08-07,0.0
XX,Anglesola - Tornabous,2026-08-07,0.0
XY,Alcarràs,2026-08-07,0.0
XZ,Torroella de Fluvià,2026-08-07,0.0
Y4,Alinyà,2026-08-07,0.0
Y5,Navata,2026-08-07,0.0
Y6,Tivissa,2026-08-07,0.0
YA,Puigcerdà,2026-08-07,12.2
YB,Olot,2026-08-07,5.1
YC,la Pobla de Segur,2026-08-07,0.0
YD,les Borges Blanques,2026-08-07,0.0
YE,Massoteres,2026-08-07,0.0
YF,Miami Platja,2026-08-07,0.0
YG,Tírvia,2026-08-07,3.6
YH,Pujalt,2026-08-07,0.0
YJ,Lleida - la Femosa,2026-08-07,0.0
YK,Terrassa,2026-08-07,0.0
YL,Riudecanyes,2026-08-07,0.0
YM,Granollers,2026-08-07,0.0
YN,Vielha - Elipòrt,2026-08-07,0.0
YO,Sant Sadurní d'Anoia,2026-08-07,0.0
YP,Palafrugell,2026-08-07,0.0
YQ,Port de Barcelona - ZAL Prat,2026-08-07,0.0
YR,Vilanova i la Geltrú,2026-08-07,0.0
YS,Cabanes,2026-08-07,0.1
YT,Bonabé (1.691 m),2026-08-07,0.0
YU,Cantonigròs,2026-08-07,12.9
YV,Mataró,2026-08-07,0.0
YX,Batea,2026-08-07,0.0
YY,Viladecans - les Filipines,2026-08-07,0.0
Z1,Bonaigua (2.262 m),2026-08-07,0.3
Z2,Boí (2.537 m),2026-08-07,0.0
Z3,Malniu (2.229 m),2026-08-07,10.8
Z5,Certascan (2.398 m),2026-08-07,0.0
Z6,Sasseuva (2.226 m),2026-08-07,0.0
Z7,Espot (2.519 m),2026-08-07,1.9
Z9,Cadí Nord (2.145 m) - Prat d'Aguiló,2026-08-07,7.4
ZB,Salòria (2.451 m),2026-08-07,8.4
ZC,Ulldeter (2.413 m),2026-08-07,21.6
ZE,el Port del Comte (2.288 m),2026-08-07,0.0
C6,Castellnou de Seana,2026-08-08,0.0
C7,Tàrrega,2026-08-08,0.0
C8,Cervera,2026-08-08,0.0
C9,Mas de Barberans,2026-08-08,0.0
CC,Orís,2026-08-08,0.0
CD,la Seu d'Urgell - Bellestar,2026-08-08,28.1
CE,els Hostalets de Pierola,2026-08-08,0.0
CG,Molló - Fabert,2026-08-08,9.5
CI,Sant Pau de Segúries,2026-08-08,0.0
CJ,Organyà,2026-08-08,10.9
CL,Sant Salvador de Guardiola,2026-08-08,0.0
CP,Sant Romà d'Abella,2026-08-08,4.7
CQ,Vilanova de Meià,2026-08-08,1.8
CR,la Quar,2026-08-08,0.0
CT,el Pont de Suert,2026-08-08,1.1
CW,l'Espluga de Francolí,2026-08-08,0.0
CY,Muntanyola,2026-08-08,0.0
D1,Margalef,2026-08-08,0.2
D2,Vacarisses,2026-08-08,0.0
D3,Vallirana,2026-08-08,0.0
D4,Roses,2026-08-08,0.0
D5,Barcelona - Observatori Fabra,2026-08-08,0.0
D6,Portbou - coll dels Belitres,2026-08-08,0.0
D7,Vinebre,2026-08-08,0.4
D8,Horta de Sant Joan,2026-08-08,2.0
D9,el Vendrell,2026-08-08,0.0
DB,el Perelló,2026-08-08,0.0
DF,la Bisbal d'Empordà,2026-08-08,0.0
DG,Núria (1.971 m),2026-08-08,3.9
DI,Font-rubí,2026-08-08,0.0
DJ,Banyoles,2026-08-08,0.0
DK,Torredembarra,2026-08-08,0.0
DL,Illa de Buda,2026-08-08,0.0
DN,Anglès,2026-08-08,0.0
DO,Castell d'Aro,2026-08-08,0.0
DP,Das - Aeròdrom,2026-08-08,6.3
DQ,Vila-rodona,2026-08-08,0.0
H1,Òdena,2026-08-08,0.0
J5,Pantà de Darnius - Boadella,2026-08-08,0.0
KE,Pantà de Sau,2026-08-08,0.0
KP,Fogars de la Selva,2026-08-08,0.0
KX,la Roca del Vallès - ETAP Cardedeu,2026-08-08,0.0
M6,Sant Joan de les Abadesses,2026-08-08,0.1
MQ,Cardona,2026-08-08,0.0
MR,Pantà de Siurana,2026-08-08,0.3
MS,Castellar de n'Hug - el Clot del Moro,2026-08-08,9.6
MV,Guixers - Valls,2026-08-08,0.2
MW,Navès,2026-08-08,0.0
U2,Sant Pere Pescador,2026-08-08,0.0
U3,Sant Martí Sarroca,2026-08-08,0.0
U4,Castellnou de Bages,2026-08-08,0.0
U6,Vinyols i els Arcs - Cambrils,2026-08-08,0.0
U7,Aldover,2026-08-08,0.0
U9,l'Aldea,2026-08-08,0.0
UA,l'Ametlla de Mar,2026-08-08,0.0
UB,la Tallada d'Empordà,2026-08-08,0.0
UE,Torroella de Montgrí,2026-08-08,0.0
UF,PN del Garraf - el Rascler,2026-08-08,0.0
UH,el Montmell,2026-08-08,0.0
UI,Gisclareny,2026-08-08,30.3
UJ,Santa Coloma de Queralt,2026-08-08,0.0
UK,Sant Pere de Ribes - PN del Garraf,2026-08-08,0.0
UM,la Granadella,2026-08-08,0.1
UN,Cassà de la Selva,2026-08-08,0.0
UO,Fornells de la Selva,2026-08-08,0.0
UP,Cabrils,2026-08-08,0.0
UQ,Dosrius - PN Montnegre Corredor,2026-08-08,0.0
US,les Cases d'Alcanar,2026-08-08,0.0
UU,Amposta,2026-08-08,0.0
UW,els Alfacs,2026-08-08,0.0
UX,Ulldecona - els Valentins,2026-08-08,0.0
UY,Os de Balaguer - el Monestir d'Avellanes,2026-08-08,0.0
V1,Vallfogona de Balaguer,2026-08-08,0.0
V4,Montesquiu,2026-08-08,0.0
V5,Perafita,2026-08-08,0.0
V8,el Poal,2026-08-08,0.0
VA,Ascó,2026-08-08,0.3
VB,Benissanet,2026-08-08,1.4
VC,Pantà de Riba-roja,2026-08-08,0.0
VD,el Canós,2026-08-08,0.0
VH,Gimenells,2026-08-08,0.8
VK,Raimat,2026-08-08,1.4
VM,Vilanova de Segrià,2026-08-08,0.1
VO,Lladurs,2026-08-08,0.2
VP,Pinós,2026-08-08,0.0
VQ,Constantí,2026-08-08,0.0
VS,Lac Redon (2.245 m),2026-08-08,45.0
VU,Rellinars,2026-08-08,0.0
VV,Sant Llorenç Savall,2026-08-08,0.0
VX,Tagamanent - PN del Montseny,2026-08-08,0.0
VY,Nulles,2026-08-08,0.0
VZ,Espolla,2026-08-08,0.0
W1,Castelló d'Empúries,2026-08-08,0.0
W4,Vilafranca del Penedès - la Granada,2026-08-08,0.0
W5,Oliana,2026-08-08,0.0
W8,Blancafort,2026-08-08,0.0
W9,la Vall d'en Bas,2026-08-08,0.0
WA,Oliola,2026-08-08,0.0
WB,Albesa,2026-08-08,0.0
WC,Golmés,2026-08-08,0.0
WG,Algerri,2026-08-08,0.1
WI,Maials,2026-08-08,0.6
WJ,el Masroig,2026-08-08,0.1
WK,Alfarràs,2026-08-08,0.1
WL,Sant Martí de Riucorb,2026-08-08,0.0
WM,Santuari de Queralt,2026-08-08,0.0
WN,Montserrat - Sant Dimes,2026-08-08,0.0
WO,la Bisbal del Penedès,2026-08-08,0.0
WP,Canaletes,2026-08-08,0.0
WQ,Montsec d'Ares (1.571 m),2026-08-08,17.1
WR,Torroja del Priorat,2026-08-08,0.1
WS,Viladrau,2026-08-08,0.0
WT,Malgrat de Mar,2026-08-08,0.0
WU,Badalona - Museu,2026-08-08,0.0
WV,Guardiola de Berguedà,2026-08-08,9.5
WW,Artés,2026-08-08,0.0
WX,Camarasa,2026-08-08,0.8
WZ,Cunit,2026-08-08,0.0
X1,Falset,2026-08-08,0.0
X3,Alguaire,2026-08-08,1.1
X4,Barcelona - el Raval,2026-08-08,0.0
X5,PN dels Ports,2026-08-08,0.0
X6,Baldomar,2026-08-08,0.6
X7,Torres de Segre,2026-08-08,0.0
X8,Barcelona - Zona Universitària,2026-08-08,0.0
X9,Caldes de Montbui,2026-08-08,0.0
XA,la Panadella,2026-08-08,0.0
XB,la Llacuna,2026-08-08,0.0
XC,Castellbisbal,2026-08-08,0.0
XD,Ulldemolins,2026-08-08,0.1
XE,Tarragona - Complex Educatiu,2026-08-08,0.0
XF,Sabadell - Parc Agrari,2026-08-08,0.0
XG,Parets del Vallès,2026-08-08,0.0
XH,Sort,2026-08-08,10.4
XI,Mollerussa,2026-08-08,0.0
XJ,Girona,2026-08-08,0.0
XK,Puig Sesolles (1.666 m),2026-08-08,0.0
XL,el Prat de Llobregat,2026-08-08,0.0
XM,els Alamús,2026-08-08,0.0
XN,Seròs,2026-08-08,0.8
XO,Vic,2026-08-08,0.0
XP,Gandesa,2026-08-08,3.1
XQ,Tremp,2026-08-08,5.7
XR,Prades,2026-08-08,0.1
XS,Santa Coloma de Farners,2026-08-08,0.0
XT,Solsona,2026-08-08,0.0
XU,Canyelles,2026-08-08,0.0
XV,Sant Cugat del Vallès - CAR,2026-08-08,0.0
XX,Anglesola - Tornabous,2026-08-08,0.0
XY,Alcarràs,2026-08-08,0.2
XZ,Torroella de Fluvià,2026-08-08,0.0
Y4,Alinyà,2026-08-08,3.7
Y5,Navata,2026-08-08,0.0
Y6,Tivissa,2026-08-08,0.0
YA,Puigcerdà,2026-08-08,13.0
YB,Olot,2026-08-08,0.0
YC,la Pobla de Segur,2026-08-08,0.9
YD,les Borges Blanques,2026-08-08,0.0
YE,Massoteres,2026-08-08,0.0
YF,Miami Platja,2026-08-08,0.0
YG,Tírvia,2026-08-08,22.1
YH,Pujalt,2026-08-08,0.0
YJ,Lleida - la Femosa,2026-08-08,0.1
YK,Terrassa,2026-08-08,0.0
YL,Riudecanyes,2026-08-08,0.0
YM,Granollers,2026-08-08,0.0
YN,Vielha - Elipòrt,2026-08-08,29.3
YO,Sant Sadurní d'Anoia,2026-08-08,0.0
YP,Palafrugell,2026-08-08,0.0
YQ,Port de Barcelona - ZAL Prat,2026-08-08,0.0
YR,Vilanova i la Geltrú,2026-08-08,0.0
YS,Cabanes,2026-08-08,0.0
YT,Bonabé (1.691 m),2026-08-08,30.7
YU,Cantonigròs,2026-08-08,0.0
YV,Mataró,2026-08-08,0.0
YX,Batea,2026-08-08,1.1
YY,Viladecans - les Filipines,2026-08-08,0.0
Z1,Bonaigua (2.262 m),2026-08-08,23.5
Z2,Boí (2.537 m),2026-08-08,58.7
Z3,Malniu (2.229 m),2026-08-08,10.8
Z5,Certascan (2.398 m),2026-08-08,20.9
Z6,Sasseuva (2.226 m),2026-08-08,44.1
Z7,Espot (2.519 m),2026-08-08,37.3
Z9,Cadí Nord (2.145 m) - Prat d'Aguiló,2026-08-08,20.5
ZB,Salòria (2.451 m),2026-08-08,7.8
ZC,Ulldeter (2.413 m),2026-08-08,21.6
ZE,el Port del Comte (2.288 m),2026-08-08,17.6
C6,Castellnou de Seana,2026-08-09,0.8
C7,Tàrrega,2026-08-09,0.0
C8,Cervera,2026-08-09,0.0
C9,Mas de Barberans,2026-08-09,0.0
CC,Orís,2026-08-09,0.0
CD,la Seu d'Urgell - Bellestar,2026-08-09,0.0
CE,els Hostalets de Pierola,2026-08-09,0.0
CG,Molló - Fabert,2026-08-09,0.0
CI,Sant Pau de Segúries,2026-08-09,0.0
CJ,Organyà,2026-08-09,0.0
CL,Sant Salvador de Guardiola,2026-08-09,0.7
CP,Sant Romà d'Abella,2026-08-09,0.8
CQ,Vilanova de Meià,2026-08-09,0.3
CR,la Quar,2026-08-09,0.0
CT,el Pont de Suert,2026-08-09,0.5
CW,l'Espluga de Francolí,2026-08-09,1.2
CY,Muntanyola,2026-08-09,0.0
D1,Margalef,2026-08-09,0.6
D2,Vacarisses,2026-08-09,0.0
D3,Vallirana,2026-08-09,0.0
D4,Roses,2026-08-09,0.0
D5,Barcelona - Observatori Fabra,2026-08-09,0.0
D6,Portbou - coll dels Belitres,2026-08-09,0.0
D7,Vinebre,2026-08-09,0.3
D8,Horta de Sant Joan,2026-08-09,0.8
D9,el Vendrell,2026-08-09,0.0
DB,el Perelló,2026-08-09,0.4
DF,la Bisbal d'Empordà,2026-08-09,0.0
DG,Núria (1.971 m),2026-08-09,0.0
DI,Font-rubí,2026-08-09,0.0
DJ,Banyoles,2026-08-09,0.0
DK,Torredembarra,2026-08-09,0.0
DL,Illa de Buda,2026-08-09,0.0
DN,Anglès,2026-08-09,0.0
DO,Castell d'Aro,2026-08-09,0.0
DP,Das - Aeròdrom,2026-08-09,0.0
DQ,Vila-rodona,2026-08-09,0.2
H1,Òdena,2026-08-09,0.7
J5,Pantà de Darnius - Boadella,2026-08-09,0.0
KE,Pantà de Sau,2026-08-09,0.0
KP,Fogars de la Selva,2026-08-09,0.0
KX,la Roca del Vallès - ETAP Cardedeu,2026-08-09,0.0
M6,Sant Joan de les Abadesses,2026-08-09,0.0
MQ,Cardona,2026-08-09,0.0
MR,Pantà de Siurana,2026-08-09,0.0
MS,Castellar de n'Hug - el Clot del Moro,2026-08-09,0.0
MV,Guixers - Valls,2026-08-09,0.0
MW,Navès,2026-08-09,0.0
U2,Sant Pere Pescador,2026-08-09,0.0
U3,Sant Martí Sarroca,2026-08-09,0.0
U4,Castellnou de Bages,2026-08-09,0.0
U6,Vinyols i els Arcs - Cambrils,2026-08-09,0.4
U7,Aldover,2026-08-09,0.4
U9,l'Aldea,2026-08-09,0.0
UA,l'Ametlla de Mar,2026-08-09,0.1
UB,la Tallada d'Empordà,2026-08-09,0.0
UE,Torroella de Montgrí,2026-08-09,0.0
UF,PN del Garraf - el Rascler,2026-08-09,0.0
UH,el Montmell,2026-08-09,0.5
UI,Gisclareny,2026-08-09,0.0
UJ,Santa Coloma de Queralt,2026-08-09,0.0
UK,Sant Pere de Ribes - PN del Garraf,2026-08-09,0.0
UM,la Granadella,2026-08-09,0.7
UN,Cassà de la Selva,2026-08-09,0.0
UO,Fornells de la Selva,2026-08-09,0.0
UP,Cabrils,2026-08-09,0.0
UQ,Dosrius - PN Montnegre Corredor,2026-08-09,0.0
US,les Cases d'Alcanar,2026-08-09,0.0
UU,Amposta,2026-08-09,0.0
UW,els Alfacs,2026-08-09,0.0
UX,Ulldecona - els Valentins,2026-08-09,0.0
UY,Os de Balaguer - el Monestir d'Avellanes,2026-08-09,1.1
V1,Vallfogona de Balaguer,2026-08-09,0.9
V4,Montesquiu,2026-08-09,0.0
V5,Perafita,2026-08-09,0.0
V8,el Poal,2026-08-09,1.8
VA,Ascó,2026-08-09,0.2
VB,Benissanet,2026-08-09,0.2
VC,Pantà de Riba-roja,2026-08-09,0.6
VD,el Canós,2026-08-09,0.0
VH,Gimenells,2026-08-09,0.1
VK,Raimat,2026-08-09,1.6
VM,Vilanova de Segrià,2026-08-09,1.5
VO,Lladurs,2026-08-09,0.0
VP,Pinós,2026-08-09,0.3
VQ,Constantí,2026-08-09,0.1
VS,Lac Redon (2.245 m),2026-08-09,1.5
VU,Rellinars,2026-08-09,0.0
VV,Sant Llorenç Savall,2026-08-09,0.0
VX,Tagamanent - PN del Montseny,2026-08-09,0.0
VY,Nulles,2026-08-09,0.0
VZ,Espolla,2026-08-09,0.0
W1,Castelló d'Empúries,2026-08-09,0.0
W4,Vilafranca del Penedès - la Granada,2026-08-09,0.0
W5,Oliana,2026-08-09,0.0
W8,Blancafort,2026-08-09,0.0
W9,la Vall d'en Bas,2026-08-09,0.0
WA,Oliola,2026-08-09,0.0
WB,Albesa,2026-08-09,2.5
WC,Golmés,2026-08-09,0.0
WG,Algerri,2026-08-09,1.4
WI,Maials,2026-08-09,0.4
WJ,el Masroig,2026-08-09,0.1
WK,Alfarràs,2026-08-09,0.9
WL,Sant Martí de Riucorb,2026-08-09,0.1
WM,Santuari de Queralt,2026-08-09,0.0
WN,Montserrat - Sant Dimes,2026-08-09,0.0
WO,la Bisbal del Penedès,2026-08-09,0.0
WP,Canaletes,2026-08-09,0.0
WQ,Montsec d'Ares (1.571 m),2026-08-09,4.0
WR,Torroja del Priorat,2026-08-09,0.0
WS,Viladrau,2026-08-09,0.0
WT,Malgrat de Mar,2026-08-09,0.0
WU,Badalona - Museu,2026-08-09,0.0
WV,Guardiola de Berguedà,2026-08-09,0.1
WW,Artés,2026-08-09,0.0
WX,Camarasa,2026-08-09,0.3
WZ,Cunit,2026-08-09,0.0
X1,Falset,2026-08-09,0.1
X3,Alguaire,2026-08-09,1.5
X4,Barcelona - el Raval,2026-08-09,0.0
X5,PN dels Ports,2026-08-09,0.2
X6,Baldomar,2026-08-09,0.1
X7,Torres de Segre,2026-08-09,0.1
X8,Barcelona - Zona Universitària,2026-08-09,0.0
X9,Caldes de Montbui,2026-08-09,0.0
XA,la Panadella,2026-08-09,0.0
XB,la Llacuna,2026-08-09,0.0
XC,Castellbisbal,2026-08-09,0.0
XD,Ulldemolins,2026-08-09,0.1
XE,Tarragona - Complex Educatiu,2026-08-09,0.0
XF,Sabadell - Parc Agrari,2026-08-09,0.0
XG,Parets del Vallès,2026-08-09,0.0
XH,Sort,2026-08-09,0.9
XI,Mollerussa,2026-08-09,0.1
XJ,Girona,2026-08-09,0.0
XK,Puig Sesolles (1.666 m),2026-08-09,0.0
XL,el Prat de Llobregat,2026-08-09,0.0
XM,els Alamús,2026-08-09,1.0
XN,Seròs,2026-08-09,0.3
XO,Vic,2026-08-09,0.1
XP,Gandesa,2026-08-09,0.6
XQ,Tremp,2026-08-09,1.4
XR,Prades,2026-08-09,0.1
XS,Santa Coloma de Farners,2026-08-09,0.0
XT,Solsona,2026-08-09,0.0
XU,Canyelles,2026-08-09,0.0
XV,Sant Cugat del Vallès - CAR,2026-08-09,0.0
XX,Anglesola - Tornabous,2026-08-09,0.4
XY,Alcarràs,2026-08-09,1.0
XZ,Torroella de Fluvià,2026-08-09,0.0
Y4,Alinyà,2026-08-09,0.1
Y5,Navata,2026-08-09,0.0
Y6,Tivissa,2026-08-09,0.0
YA,Puigcerdà,2026-08-09,0.1
YB,Olot,2026-08-09,0.0
YC,la Pobla de Segur,2026-08-09,0.6
YD,les Borges Blanques,2026-08-09,0.2
YE,Massoteres,2026-08-09,0.4
YF,Miami Platja,2026-08-09,0.3
YG,Tírvia,2026-08-09,1.5
YH,Pujalt,2026-08-09,0.0
YJ,Lleida - la Femosa,2026-08-09,0.7
YK,Terrassa,2026-08-09,0.0
YL,Riudecanyes,2026-08-09,0.0
YM,Granollers,2026-08-09,0.0
YN,Vielha - Elipòrt,2026-08-09,1.9
YO,Sant Sadurní d'Anoia,2026-08-09,0.0
YP,Palafrugell,2026-08-09,0.0
YQ,Port de Barcelona - ZAL Prat,2026-08-09,0.0
YR,Vilanova i la Geltrú,2026-08-09,0.0
YS,Cabanes,2026-08-09,0.0
YT,Bonabé (1.691 m),2026-08-09,1.3
YU,Cantonigròs,2026-08-09,0.0
YV,Mataró,2026-08-09,0.0
YX,Batea,2026-08-09,0.7
YY,Viladecans - les Filipines,2026-08-09,0.0
Z1,Bonaigua (2.262 m),2026-08-09,1.6
Z2,Boí (2.537 m),2026-08-09,2.0
Z3,Malniu (2.229 m),2026-08-09,0.0
Z5,Certascan (2.398 m),2026-08-09,0.3
Z6,Sasseuva (2.226 m),2026-08-09,0.6
Z7,Espot (2.519 m),2026-08-09,1.2
Z9,Cadí Nord (2.145 m) - Prat d'Aguiló,2026-08-09,0.0
ZB,Salòria (2.451 m),2026-08-09,0.0
ZC,Ulldeter (2.413 m),2026-08-09,0.0
ZE,el Port del Comte (2.288 m),2026-08-09,0.0
C6,Castellnou de Seana,2026-08-10,0.2
C7,Tàrrega,2026-08-10,2.5
C8,Cervera,2026-08-10,0.3
C9,Mas de Barberans,2026-08-10,1.0
CC,Orís,2026-08-10,0.1
CD,la Seu d'Urgell - Bellestar,2026-08-10,0.0
CE,els Hostalets de Pierola,2026-08-10,7.2
CG,Molló - Fabert,2026-08-10,0.1
CI,Sant Pau de Segúries,2026-08-10,0.2
CJ,Organyà,2026-08-10,0.4
CL,Sant Salvador de Guardiola,2026-08-10,0.1
CP,Sant Romà d'Abella,2026-08-10,0.0
CQ,Vilanova de Meià,2026-08-10,0.4
CR,la Quar,2026-08-10,0.5
CT,el Pont de Suert,2026-08-10,0.0
CW,l'Espluga de Francolí,2026-08-10,0.0
CY,Muntanyola,2026-08-10,0.0
D1,Margalef,2026-08-10,0.1
D2,Vacarisses,2026-08-10,0.2
D3,Vallirana,2026-08-10,2.4
D4,Roses,2026-08-10,0.0
D5,Barcelona - Observatori Fabra,2026-08-10,0.0
D6,Portbou - coll dels Belitres,2026-08-10,0.0
D7,Vinebre,2026-08-10,0.0
D8,Horta de Sant Joan,2026-08-10,0.2
D9,el Vendrell,2026-08-10,0.0
DB,el Perelló,2026-08-10,0.0
DF,la Bisbal d'Empordà,2026-08-10,0.0
DG,Núria (1.971 m),2026-08-10,0.3
DI,Font-rubí,2026-08-10,0.0
DJ,Banyoles,2026-08-10,0.0
DK,Torredembarra,2026-08-10,0.0
DL,Illa de Buda,2026-08-10,0.0
DN,Anglès,2026-08-10,0.0
DO,Castell d'Aro,2026-08-10,0.0
DP,Das - Aeròdrom,2026-08-10,0.3
DQ,Vila-rodona,2026-08-10,0.0
H1,Òdena,2026-08-10,0.0
J5,Pantà de Darnius - Boadella,2026-08-10,0.0
KE,Pantà de Sau,2026-08-10,0.0
KP,Fogars de la Selva,2026-08-10,0.0
KX,la Roca del Vallès - ETAP Cardedeu,2026-08-10,0.0
M6,Sant Joan de les Abadesses,2026-08-10,0.2
MQ,Cardona,2026-08-10,0.4
MR,Pantà de Siurana,2026-08-10,0.0
MS,Castellar de n'Hug - el Clot del Moro,2026-08-10,1.1
MV,Guixers - Valls,2026-08-10,0.4
MW,Navès,2026-08-10,0.7
U2,Sant Pere Pescador,2026-08-10,0.0
U3,Sant Martí Sarroca,2026-08-10,13.0
U4,Castellnou de Bages,2026-08-10,0.5
U6,Vinyols i els Arcs - Cambrils,2026-08-10,0.2
U7,Aldover,2026-08-10,0.4
U9,l'Aldea,2026-08-10,0.3
UA,l'Ametlla de Mar,2026-08-10,1.7
UB,la Tallada d'Empordà,2026-08-10,0.0
UE,Torroella de Montgrí,2026-08-10,0.0
UF,PN del Garraf - el Rascler,2026-08-10,1.6
UH,el Montmell,2026-08-10,0.0
UI,Gisclareny,2026-08-10,0.3
UJ,Santa Coloma de Queralt,2026-08-10,0.0
UK,Sant Pere de Ribes - PN del Garraf,2026-08-10,7.0
UM,la Granadella,2026-08-10,2.1
UN,Cassà de la Selva,2026-08-10,0.0
UO,Fornells de la Selva,2026-08-10,0.0
UP,Cabrils,2026-08-10,0.0
UQ,Dosrius - PN Montnegre Corredor,2026-08-10,0.0
US,les Cases d'Alcanar,2026-08-10,0.0
UU,Amposta,2026-08-10,0.0
UW,els Alfacs,2026-08-10,1.0
UX,Ulldecona - els Valentins,2026-08-10,0.8
UY,Os de Balaguer - el Monestir d'Avellanes,2026-08-10,0.0
V1,Vallfogona de Balaguer,2026-08-10,0.0
V4,Montesquiu,2026-08-10,0.4
V5,Perafita,2026-08-10,0.1
V8,el Poal,2026-08-10,0.1
VA,Ascó,2026-08-10,0.1
VB,Benissanet,2026-08-10,0.0
VC,Pantà de Riba-roja,2026-08-10,0.0
VD,el Canós,2026-08-10,2.5
VH,Gimenells,2026-08-10,0.0
VK,Raimat,2026-08-10,0.0
VM,Vilanova de Segrià,2026-08-10,0.0
VO,Lladurs,2026-08-10,0.9
VP,Pinós,2026-08-10,3.5
VQ,Constantí,2026-08-10,1.2
VS,Lac Redon (2.245 m),2026-08-10,6.0
VU,Rellinars,2026-08-10,0.8
VV,Sant Llorenç Savall,2026-08-10,0.5
VX,Tagamanent - PN del Montseny,2026-08-10,0.0
VY,Nulles,2026-08-10,0.0
VZ,Espolla,2026-08-10,0.0
W1,Castelló d'Empúries,2026-08-10,0.0
W4,Vilafranca del Penedès - la Granada,2026-08-10,0.0
W5,Oliana,2026-08-10,0.1
W8,Blancafort,2026-08-10,0.0
W9,la Vall d'en Bas,2026-08-10,0.0
WA,Oliola,2026-08-10,0.1
WB,Albesa,2026-08-10,0.0
WC,Golmés,2026-08-10,0.3
WG,Algerri,2026-08-10,0.0
WI,Maials,2026-08-10,0.0
WJ,el Masroig,2026-08-10,0.0
WK,Alfarràs,2026-08-10,0.0
WL,Sant Martí de Riucorb,2026-08-10,0.8
WM,Santuari de Queralt,2026-08-10,1.9
WN,Montserrat - Sant Dimes,2026-08-10,1.4
WO,la Bisbal del Penedès,2026-08-10,0.2
WP,Canaletes,2026-08-10,0.0
WQ,Montsec d'Ares (1.571 m),2026-08-10,0.1
WR,Torroja del Priorat,2026-08-10,0.0
WS,Viladrau,2026-08-10,0.0
WT,Malgrat de Mar,2026-08-10,0.0
WU,Badalona - Museu,2026-08-10,0.0
WV,Guardiola de Berguedà,2026-08-10,0.5
WW,Artés,2026-08-10,0.0
WX,Camarasa,2026-08-10,0.0
WZ,Cunit,2026-08-10,1.4
X1,Falset,2026-08-10,0.0
X3,Alguaire,2026-08-10,0.0
X4,Barcelona - el Raval,2026-08-10,0.0
X5,PN dels Ports,2026-08-10,1.1
X6,Baldomar,2026-08-10,0.0
X7,Torres de Segre,2026-08-10,0.0
X8,Barcelona - Zona Universitària,2026-08-10,0.0
X9,Caldes de Montbui,2026-08-10,0.2
XA,la Panadella,2026-08-10,0.0
XB,la Llacuna,2026-08-10,0.2
XC,Castellbisbal,2026-08-10,1.2
XD,Ulldemolins,2026-08-10,0.3
XE,Tarragona - Complex Educatiu,2026-08-10,0.0
XF,Sabadell - Parc Agrari,2026-08-10,1.0
XG,Parets del Vallès,2026-08-10,1.6
XH,Sort,2026-08-10,0.0
XI,Mollerussa,2026-08-10,0.1
XJ,Girona,2026-08-10,0.0
XK,Puig Sesolles (1.666 m),2026-08-10,0.2
XL,el Prat de Llobregat,2026-08-10,0.0
XM,els Alamús,2026-08-10,0.0
XN,Seròs,2026-08-10,0.0
XO,Vic,2026-08-10,0.0
XP,Gandesa,2026-08-10,0.1
XQ,Tremp,2026-08-10,0.3
XR,Prades,2026-08-10,0.0
XS,Santa Coloma de Farners,2026-08-10,0.0
XT,Solsona,2026-08-10,0.9
XU,Canyelles,2026-08-10,0.0
XV,Sant Cugat del Vallès - CAR,2026-08-10,0.2
XX,Anglesola - Tornabous,2026-08-10,0.1
XY,Alcarràs,2026-08-10,0.0
XZ,Torroella de Fluvià,2026-08-10,0.0
Y4,Alinyà,2026-08-10,1.5
Y5,Navata,2026-08-10,0.0
Y6,Tivissa,2026-08-10,0.0
YA,Puigcerdà,2026-08-10,0.0
YB,Olot,2026-08-10,0.0
YC,la Pobla de Segur,2026-08-10,0.0
YD,les Borges Blanques,2026-08-10,0.8
YE,Massoteres,2026-08-10,0.0
YF,Miami Platja,2026-08-10,0.0
YG,Tírvia,2026-08-10,0.0
YH,Pujalt,2026-08-10,2.8
YJ,Lleida - la Femosa,2026-08-10,0.0
YK,Terrassa,2026-08-10,4.0
YL,Riudecanyes,2026-08-10,0.0
YM,Granollers,2026-08-10,0.3
YN,Vielha - Elipòrt,2026-08-10,1.1
YO,Sant Sadurní d'Anoia,2026-08-10,6.7
YP,Palafrugell,2026-08-10,0.0
YQ,Port de Barcelona - ZAL Prat,2026-08-10,0.0
YR,Vilanova i la Geltrú,2026-08-10,0.0
YS,Cabanes,2026-08-10,0.0
YT,Bonabé (1.691 m),2026-08-10,0.6
YU,Cantonigròs,2026-08-10,0.0
YV,Mataró,2026-08-10,0.0
YX,Batea,2026-08-10,0.0
YY,Viladecans - les Filipines,2026-08-10,0.0
Z1,Bonaigua (2.262 m),2026-08-10,19.7
Z2,Boí (2.537 m),2026-08-10,0.0
Z3,Malniu (2.229 m),2026-08-10,0.3
Z5,Certascan (2.398 m),2026-08-10,1.4
Z6,Sasseuva (2.226 m),2026-08-10,0.8
Z7,Espot (2.519 m),2026-08-10,2.0
Z9,Cadí Nord (2.145 m) - Prat d'Aguiló,2026-08-10,0.8
ZB,Salòria (2.451 m),2026-08-10,0.0
ZC,Ulldeter (2.413 m),2026-08-10,0.4
ZE,el Port del Comte (2.288 m),2026-08-10,2.5
C6,Castellnou de Seana,2026-08-11,0.0
C7,Tàrrega,2026-08-11,0.0
C8,Cervera,2026-08-11,0.0
C9,Mas de Barberans,2026-08-11,0.0
CC,Orís,2026-08-11,0.4
CD,la Seu d'Urgell - Bellestar,2026-08-11,1.5
CE,els Hostalets de Pierola,2026-08-11,0.1
CG,Molló - Fabert,2026-08-11,9.1
CI,Sant Pau de Segúries,2026-08-11,2.4
CJ,Organyà,2026-08-11,15.4
CL,Sant Salvador de Guardiola,2026-08-11,0.0
CP,Sant Romà d'Abella,2026-08-11,0.0
CQ,Vilanova de Meià,2026-08-11,1.8
CR,la Quar,2026-08-11,24.5
CT,el Pont de Suert,2026-08-11,0.0
CW,l'Espluga de Francolí,2026-08-11,0.0
CY,Muntanyola,2026-08-11,0.4
D1,Margalef,2026-08-11,0.0
D2,Vacarisses,2026-08-11,0.3
D3,Vallirana,2026-08-11,0.0
D4,Roses,2026-08-11,0.0
D5,Barcelona - Observatori Fabra,2026-08-11,0.0
D6,Portbou - coll dels Belitres,2026-08-11,0.0
D7,Vinebre,2026-08-11,0.0
D8,Horta de Sant Joan,2026-08-11,0.0
D9,el Vendrell,2026-08-11,0.0
DB,el Perelló,2026-08-11,0.0
DF,la Bisbal d'Empordà,2026-08-11,0.0
DG,Núria (1.971 m),2026-08-11,30.1
DI,Font-rubí,2026-08-11,0.0
DJ,Banyoles,2026-08-11,0.5
DK,Torredembarra,2026-08-11,0.0
DL,Illa de Buda,2026-08-11,0.0
DN,Anglès,2026-08-11,0.6
DO,Castell d'Aro,2026-08-11,0.0
DP,Das - Aeròdrom,2026-08-11,15.0
DQ,Vila-rodona,2026-08-11,0.0
H1,Òdena,2026-08-11,0.0
J5,Pantà de Darnius - Boadella,2026-08-11,0.0
KE,Pantà de Sau,2026-08-11,0.2
KP,Fogars de la Selva,2026-08-11,0.6
KX,la Roca del Vallès - ETAP Cardedeu,2026-08-11,0.0
M6,Sant Joan de les Abadesses,2026-08-11,10.1
MQ,Cardona,2026-08-11,0.6
MR,Pantà de Siurana,2026-08-11,0.0
MS,Castellar de n'Hug - el Clot del Moro,2026-08-11,15.6
MV,Guixers - Valls,2026-08-11,29.7
MW,Navès,2026-08-11,19.9
U2,Sant Pere Pescador,2026-08-11,0.0
U3,Sant Martí Sarroca,2026-08-11,2.8
U4,Castellnou de Bages,2026-08-11,0.0
U6,Vinyols i els Arcs - Cambrils,2026-08-11,0.0
U7,Aldover,2026-08-11,0.0
U9,l'Aldea,2026-08-11,0.0
UA,l'Ametlla de Mar,2026-08-11,0.0
UB,la Tallada d'Empordà,2026-08-11,0.0
UE,Torroella de Montgrí,2026-08-11,0.0
UF,PN del Garraf - el Rascler,2026-08-11,0.1
UH,el Montmell,2026-08-11,0.0
UI,Gisclareny,2026-08-11,9.9
UJ,Santa Coloma de Queralt,2026-08-11,0.0
UK,Sant Pere de Ribes - PN del Garraf,2026-08-11,0.1
UM,la Granadella,2026-08-11,0.0
UN,Cassà de la Selva,2026-08-11,0.0
UO,Fornells de la Selva,2026-08-11,0.3
UP,Cabrils,2026-08-11,0.0
UQ,Dosrius - PN Montnegre Corredor,2026-08-11,0.4
US,les Cases d'Alcanar,2026-08-11,0.0
UU,Amposta,2026-08-11,0.0
UW,els Alfacs,2026-08-11,0.0
UX,Ulldecona - els Valentins,2026-08-11,0.0
UY,Os de Balaguer - el Monestir d'Avellanes,2026-08-11,0.0
V1,Vallfogona de Balaguer,2026-08-11,0.0
V4,Montesquiu,2026-08-11,1.4
V5,Perafita,2026-08-11,1.5
V8,el Poal,2026-08-11,0.0
VA,Ascó,2026-08-11,0.0
VB,Benissanet,2026-08-11,0.0
VC,Pantà de Riba-roja,2026-08-11,0.0
VD,el Canós,2026-08-11,0.0
VH,Gimenells,2026-08-11,0.0
VK,Raimat,2026-08-11,0.0
VM,Vilanova de Segrià,2026-08-11,0.0
VO,Lladurs,2026-08-11,80.0
VP,Pinós,2026-08-11,0.0
VQ,Constantí,2026-08-11,0.0
VS,Lac Redon (2.245 m),2026-08-11,15.4
VU,Rellinars,2026-08-11,0.3
VV,Sant Llorenç Savall,2026-08-11,0.4
VX,Tagamanent - PN del Montseny,2026-08-11,0.1
VY,Nulles,2026-08-11,0.0
VZ,Espolla,2026-08-11,0.0
W1,Castelló d'Empúries,2026-08-11,0.0
W4,Vilafranca del Penedès - la Granada,2026-08-11,0.1
W5,Oliana,2026-08-11,5.1
W8,Blancafort,2026-08-11,0.0
W9,la Vall d'en Bas,2026-08-11,0.5
WA,Oliola,2026-08-11,0.0
WB,Albesa,2026-08-11,0.0
WC,Golmés,2026-08-11,0.0
WG,Algerri,2026-08-11,0.0
WI,Maials,2026-08-11,0.0
WJ,el Masroig,2026-08-11,0.0
WK,Alfarràs,2026-08-11,0.0
WL,Sant Martí de Riucorb,2026-08-11,0.0
WM,Santuari de Queralt,2026-08-11,12.5
WN,Montserrat - Sant Dimes,2026-08-11,0.2
WO,la Bisbal del Penedès,2026-08-11,0.0
WP,Canaletes,2026-08-11,0.0
WQ,Montsec d'Ares (1.571 m),2026-08-11,0.0
WR,Torroja del Priorat,2026-08-11,0.0
WS,Viladrau,2026-08-11,0.6
WT,Malgrat de Mar,2026-08-11,0.1
WU,Badalona - Museu,2026-08-11,0.0
WV,Guardiola de Berguedà,2026-08-11,3.3
WW,Artés,2026-08-11,0.1
WX,Camarasa,2026-08-11,0.0
WZ,Cunit,2026-08-11,0.5
X1,Falset,2026-08-11,0.0
X3,Alguaire,2026-08-11,0.0
X4,Barcelona - el Raval,2026-08-11,0.0
X5,PN dels Ports,2026-08-11,0.0
X6,Baldomar,2026-08-11,0.0
X7,Torres de Segre,2026-08-11,0.0
X8,Barcelona - Zona Universitària,2026-08-11,0.0
X9,Caldes de Montbui,2026-08-11,0.0
XA,la Panadella,2026-08-11,0.0
XB,la Llacuna,2026-08-11,0.0
XC,Castellbisbal,2026-08-11,0.1
XD,Ulldemolins,2026-08-11,0.0
XE,Tarragona - Complex Educatiu,2026-08-11,0.0
XF,Sabadell - Parc Agrari,2026-08-11,0.0
XG,Parets del Vallès,2026-08-11,0.0
XH,Sort,2026-08-11,38.7
XI,Mollerussa,2026-08-11,0.0
XJ,Girona,2026-08-11,0.3
XK,Puig Sesolles (1.666 m),2026-08-11,0.3
XL,el Prat de Llobregat,2026-08-11,0.0
XM,els Alamús,2026-08-11,0.0
XN,Seròs,2026-08-11,0.0
XO,Vic,2026-08-11,0.4
XP,Gandesa,2026-08-11,0.0
XQ,Tremp,2026-08-11,0.2
XR,Prades,2026-08-11,0.0
XS,Santa Coloma de Farners,2026-08-11,0.1
XT,Solsona,2026-08-11,6.3
XU,Canyelles,2026-08-11,0.0
XV,Sant Cugat del Vallès - CAR,2026-08-11,0.0
XX,Anglesola - Tornabous,2026-08-11,0.0
XY,Alcarràs,2026-08-11,0.0
XZ,Torroella de Fluvià,2026-08-11,0.0
Y4,Alinyà,2026-08-11,9.6
Y5,Navata,2026-08-11,0.0
Y6,Tivissa,2026-08-11,0.0
YA,Puigcerdà,2026-08-11,7.4
YB,Olot,2026-08-11,1.4
YC,la Pobla de Segur,2026-08-11,1.0
YD,les Borges Blanques,2026-08-11,0.0
YE,Massoteres,2026-08-11,0.1
YF,Miami Platja,2026-08-11,0.0
YG,Tírvia,2026-08-11,26.0
YH,Pujalt,2026-08-11,0.0
YJ,Lleida - la Femosa,2026-08-11,0.0
YK,Terrassa,2026-08-11,0.0
YL,Riudecanyes,2026-08-11,0.0
YM,Granollers,2026-08-11,0.0
YN,Vielha - Elipòrt,2026-08-11,20.1
YO,Sant Sadurní d'Anoia,2026-08-11,0.0
YP,Palafrugell,2026-08-11,0.0
YQ,Port de Barcelona - ZAL Prat,2026-08-11,0.0
YR,Vilanova i la Geltrú,2026-08-11,0.0
YS,Cabanes,2026-08-11,0.1
YT,Bonabé (1.691 m),2026-08-11,0.8
YU,Cantonigròs,2026-08-11,0.4
YV,Mataró,2026-08-11,0.0
YX,Batea,2026-08-11,0.0
YY,Viladecans - les Filipines,2026-08-11,0.0
Z1,Bonaigua (2.262 m),2026-08-11,40.2
Z2,Boí (2.537 m),2026-08-11,38.4
Z3,Malniu (2.229 m),2026-08-11,11.5
Z5,Certascan (2.398 m),2026-08-11,17.1
Z6,Sasseuva (2.226 m),2026-08-11,0.0
Z7,Espot (2.519 m),2026-08-11,26.0
Z9,Cadí Nord (2.145 m) - Prat d'Aguiló,2026-08-11,13.9
ZB,Salòria (2.451 m),2026-08-11,9.3
ZC,Ulldeter (2.413 m),2026-08-11,30.6
ZE,el Port del Comte (2.288 m),2026-08-11,11.4
C6,Castellnou de Seana,2026-08-12,0.0
C7,Tàrrega,2026-08-12,0.0
C8,Cervera,2026-08-12,0.0
C9,Mas de Barberans,2026-08-12,0.0
CC,Orís,2026-08-12,4.3
CD,la Seu d'Urgell - Bellestar,2026-08-12,0.1
CE,els Hostalets de Pierola,2026-08-12,0.0
CG,Molló - Fabert,2026-08-12,0.0
CI,Sant Pau de Segúries,2026-08-12,0.0
CJ,Organyà,2026-08-12,4.3
CL,Sant Salvador de Guardiola,2026-08-12,0.0
CP,Sant Romà d'Abella,2026-08-12,0.0
CQ,Vilanova de Meià,2026-08-12,0.0
CR,la Quar,2026-08-12,0.0
CT,el Pont de Suert,2026-08-12,0.0
CW,l'Espluga de Francolí,2026-08-12,0.0
CY,Muntanyola,2026-08-12,0.0
D1,Margalef,2026-08-12,0.0
D2,Vacarisses,2026-08-12,0.0
D3,Vallirana,2026-08-12,0.0
D4,Roses,2026-08-12,0.0
D5,Barcelona - Observatori Fabra,2026-08-12,0.0
D6,Portbou - coll dels Belitres,2026-08-12,0.0
D7,Vinebre,2026-08-12,0.0
D8,Horta de Sant Joan,2026-08-12,0.0
D9,el Vendrell,2026-08-12,0.0
DB,el Perelló,2026-08-12,0.0
DF,la Bisbal d'Empordà,2026-08-12,0.0
DG,Núria (1.971 m),2026-08-12,0.0
DI,Font-rubí,2026-08-12,0.0
DJ,Banyoles,2026-08-12,0.0
DK,Torredembarra,2026-08-12,0.0
DL,Illa de Buda,2026-08-12,0.0
DN,Anglès,2026-08-12,0.0
DO,Castell d'Aro,2026-08-12,0.0
DP,Das - Aeròdrom,2026-08-12,0.1
DQ,Vila-rodona,2026-08-12,0.0
H1,Òdena,2026-08-12,0.0
J5,Pantà de Darnius - Boadella,2026-08-12,0.0
KE,Pantà de Sau,2026-08-12,0.3
KP,Fogars de la Selva,2026-08-12,0.0
KX,la Roca del Vallès - ETAP Cardedeu,2026-08-12,0.0
M6,Sant Joan de les Abadesses,2026-08-12,0.0
MQ,Cardona,2026-08-12,0.0
MR,Pantà de Siurana,2026-08-12,0.0
MS,Castellar de n'Hug - el Clot del Moro,2026-08-12,0.1
MV,Guixers - Valls,2026-08-12,0.0
MW,Navès,2026-08-12,0.0
U2,Sant Pere Pescador,2026-08-12,0.0
U3,Sant Martí Sarroca,2026-08-12,0.0
U4,Castellnou de Bages,2026-08-12,0.0
U6,Vinyols i els Arcs - Cambrils,2026-08-12,0.0
U7,Aldover,2026-08-12,0.0
U9,l'Aldea,2026-08-12,0.0
UA,l'Ametlla de Mar,2026-08-12,0.0
UB,la Tallada d'Empordà,2026-08-12,0.0
UE,Torroella de Montgrí,2026-08-12,0.0
UF,PN del Garraf - el Rascler,2026-08-12,0.0
UH,el Montmell,2026-08-12,0.0
UI,Gisclareny,2026-08-12,0.0
UJ,Santa Coloma de Queralt,2026-08-12,0.0
UK,Sant Pere de Ribes - PN del Garraf,2026-08-12,0.0
UM,la Granadella,2026-08-12,0.0
UN,Cassà de la Selva,2026-08-12,0.0
UO,Fornells de la Selva,2026-08-12,0.0
UP,Cabrils,2026-08-12,0.0
UQ,Dosrius - PN Montnegre Corredor,2026-08-12,0.0
US,les Cases d'Alcanar,2026-08-12,0.0
UU,Amposta,2026-08-12,0.0
UW,els Alfacs,2026-08-12,0.0
UX,Ulldecona - els Valentins,2026-08-12,0.0
UY,Os de Balaguer - el Monestir d'Avellanes,2026-08-12,0.0
V1,Vallfogona de Balaguer,2026-08-12,0.0
V4,Montesquiu,2026-08-12,1.8
V5,Perafita,2026-08-12,2.0
V8,el Poal,2026-08-12,0.0
VA,Ascó,2026-08-12,0.0
VB,Benissanet,2026-08-12,0.0
VC,Pantà de Riba-roja,2026-08-12,0.0
VD,el Canós,2026-08-12,0.0
VH,Gimenells,2026-08-12,0.0
VK,Raimat,2026-08-12,0.0
VM,Vilanova de Segrià,2026-08-12,0.0
VO,Lladurs,2026-08-12,0.2
VP,Pinós,2026-08-12,0.0
VQ,Constantí,2026-08-12,0.0
VS,Lac Redon (2.245 m),2026-08-12,0.0
VU,Rellinars,2026-08-12,0.0
VV,Sant Llorenç Savall,2026-08-12,0.0
VX,Tagamanent - PN del Montseny,2026-08-12,0.0
VY,Nulles,2026-08-12,0.0
VZ,Espolla,2026-08-12,0.0
W1,Castelló d'Empúries,2026-08-12,0.0
W4,Vilafranca del Penedès - la Granada,2026-08-12,0.0
W5,Oliana,2026-08-12,0.0
W8,Blancafort,2026-08-12,0.0
W9,la Vall d'en Bas,2026-08-12,0.0
WA,Oliola,2026-08-12,0.0
WB,Albesa,2026-08-12,0.0
WC,Golmés,2026-08-12,0.0
WG,Algerri,2026-08-12,0.0
WI,Maials,2026-08-12,0.0
WJ,el Masroig,2026-08-12,0.0
WK,Alfarràs,2026-08-12,0.0
WL,Sant Martí de Riucorb,2026-08-12,0.0
WM,Santuari de Queralt,2026-08-12,0.0
WN,Montserrat - Sant Dimes,2026-08-12,0.0
WO,la Bisbal del Penedès,2026-08-12,0.0
WP,Canaletes,2026-08-12,0.0
WQ,Montsec d'Ares (1.571 m),2026-08-12,0.0
WR,Torroja del Priorat,2026-08-12,0.0
WS,Viladrau,2026-08-12,0.0
WT,Malgrat de Mar,2026-08-12,0.0
WU,Badalona - Museu,2026-08-12,0.0
WV,Guardiola de Berguedà,2026-08-12,0.1
WW,Artés,2026-08-12,0.0
WX,Camarasa,2026-08-12,0.0
WZ,Cunit,2026-08-12,0.0
X1,Falset,2026-08-12,0.0
X3,Alguaire,2026-08-12,0.0
X4,Barcelona - el Raval,2026-08-12,0.0
X5,PN dels Ports,2026-08-12,0.0
X6,Baldomar,2026-08-12,0.0
X7,Torres de Segre,2026-08-12,0.0
X8,Barcelona - Zona Universitària,2026-08-12,0.0
X9,Caldes de Montbui,2026-08-12,0.0
XA,la Panadella,2026-08-12,0.0
XB,la Llacuna,2026-08-12,0.0
XC,Castellbisbal,2026-08-12,0.0
XD,Ulldemolins,2026-08-12,0.5
XE,Tarragona - Complex Educatiu,2026-08-12,0.0
XF,Sabadell - Parc Agrari,2026-08-12,0.0
XG,Parets del Vallès,2026-08-12,0.0
XH,Sort,2026-08-12,2.1
XI,Mollerussa,2026-08-12,0.0
XJ,Girona,2026-08-12,0.0
XK,Puig Sesolles (1.666 m),2026-08-12,0.0
XL,el Prat de Llobregat,2026-08-12,0.0
XM,els Alamús,2026-08-12,0.0
XN,Seròs,2026-08-12,0.0
XO,Vic,2026-08-12,0.0
XP,Gandesa,2026-08-12,0.0
XQ,Tremp,2026-08-12,0.0
XR,Prades,2026-08-12,0.0
XS,Santa Coloma de Farners,2026-08-12,0.0
XT,Solsona,2026-08-12,0.0
XU,Canyelles,2026-08-12,0.0
XV,Sant Cugat del Vallès - CAR,2026-08-12,0.0
XX,Anglesola - Tornabous,2026-08-12,0.0
XY,Alcarràs,2026-08-12,0.0
XZ,Torroella de Fluvià,2026-08-12,0.0
Y4,Alinyà,2026-08-12,0.4
Y5,Navata,2026-08-12,0.0
Y6,Tivissa,2026-08-12,0.0
YA,Puigcerdà,2026-08-12,0.0
YB,Olot,2026-08-12,0.0
YC,la Pobla de Segur,2026-08-12,0.0
YD,les Borges Blanques,2026-08-12,0.0
YE,Massoteres,2026-08-12,0.0
YF,Miami Platja,2026-08-12,0.0
YG,Tírvia,2026-08-12,0.1
YH,Pujalt,2026-08-12,0.0
YJ,Lleida - la Femosa,2026-08-12,0.0
YK,Terrassa,2026-08-12,0.0
YL,Riudecanyes,2026-08-12,0.0
YM,Granollers,2026-08-12,0.0
YN,Vielha - Elipòrt,2026-08-12,0.0
YO,Sant Sadurní d'Anoia,2026-08-12,0.0
YP,Palafrugell,2026-08-12,0.0
YQ,Port de Barcelona - ZAL Prat,2026-08-12,0.0
YR,Vilanova i la Geltrú,2026-08-12,0.0
YS,Cabanes,2026-08-12,0.0
YT,Bonabé (1.691 m),2026-08-12,0.0
YU,Cantonigròs,2026-08-12,0.2
YV,Mataró,2026-08-12,0.0
YX,Batea,2026-08-12,0.0
YY,Viladecans - les Filipines,2026-08-12,0.0
Z1,Bonaigua (2.262 m),2026-08-12,6.7
Z2,Boí (2.537 m),2026-08-12,0.0
Z3,Malniu (2.229 m),2026-08-12,0.0
Z5,Certascan (2.398 m),2026-08-12,0.0
Z6,Sasseuva (2.226 m),2026-08-12,0.4
Z7,Espot (2.519 m),2026-08-12,11.5
Z9,Cadí Nord (2.145 m) - Prat d'Aguiló,2026-08-12,0.0
ZB,Salòria (2.451 m),2026-08-12,0.0
ZC,Ulldeter (2.413 m),2026-08-12,0.0
ZE,el Port del Comte (2.288 m),2026-08-12,0.0
C6,Castellnou de Seana,2026-08-13,0.0
C7,Tàrrega,2026-08-13,0.0
C8,Cervera,2026-08-13,0.0
C9,Mas de Barberans,2026-08-13,0.0
CC,Orís,2026-08-13,6.3
CD,la Seu d'Urgell - Bellestar,2026-08-13,0.9
CE,els Hostalets de Pierola,2026-08-13,0.0
CG,Molló - Fabert,2026-08-13,0.0
CI,Sant Pau de Segúries,2026-08-13,0.0
CJ,Organyà,2026-08-13,3.9
CL,Sant Salvador de Guardiola,2026-08-13,0.0
CP,Sant Romà d'Abella,2026-08-13,0.0
CQ,Vilanova de Meià,2026-08-13,0.0
CR,la Quar,2026-08-13,0.0
CT,el Pont de Suert,2026-08-13,0.8
CW,l'Espluga de Francolí,2026-08-13,0.0
CY,Muntanyola,2026-08-13,1.9
D1,Margalef,2026-08-13,0.0
D2,Vacarisses,2026-08-13,0.0
D3,Vallirana,2026-08-13,0.0
D4,Roses,2026-08-13,0.0
D5,Barcelona - Observatori Fabra,2026-08-13,0.0
D6,Portbou - coll dels Belitres,2026-08-13,0.0
D7,Vinebre,2026-08-13,0.0
D8,Horta de Sant Joan,2026-08-13,0.0
D9,el Vendrell,2026-08-13,0.0
DB,el Perelló,2026-08-13,0.0
DF,la Bisbal d'Empordà,2026-08-13,0.0
DG,Núria (1.971 m),2026-08-13,0.0
DI,Font-rubí,2026-08-13,0.0
DJ,Banyoles,2026-08-13,0.0
DK,Torredembarra,2026-08-13,0.0
DL,Illa de Buda,2026-08-13,0.0
DN,Anglès,2026-08-13,0.0
DO,Castell d'Aro,2026-08-13,0.0
DP,Das - Aeròdrom,2026-08-13,0.0
DQ,Vila-rodona,2026-08-13,0.0
H1,Òdena,2026-08-13,0.0
J5,Pantà de Darnius - Boadella,2026-08-13,0.0
KE,Pantà de Sau,2026-08-13,0.0
KP,Fogars de la Selva,2026-08-13,0.0
KX,la Roca del Vallès - ETAP Cardedeu,2026-08-13,0.0
M6,Sant Joan de les Abadesses,2026-08-13,0.0
MQ,Cardona,2026-08-13,1.5
MR,Pantà de Siurana,2026-08-13,0.0
MS,Castellar de n'Hug - el Clot del Moro,2026-08-13,0.0
MV,Guixers - Valls,2026-08-13,9.8
MW,Navès,2026-08-13,2.1
U2,Sant Pere Pescador,2026-08-13,0.0
U3,Sant Martí Sarroca,2026-08-13,0.0
U4,Castellnou de Bages,2026-08-13,1.0
U6,Vinyols i els Arcs - Cambrils,2026-08-13,0.0
U7,Aldover,2026-08-13,0.0
U9,l'Aldea,2026-08-13,0.0
UA,l'Ametlla de Mar,2026-08-13,0.0
UB,la Tallada d'Empordà,2026-08-13,0.0
UE,Torroella de Montgrí,2026-08-13,0.0
UF,PN del Garraf - el Rascler,2026-08-13,0.0
UH,el Montmell,2026-08-13,0.0
UI,Gisclareny,2026-08-13,8.8
UJ,Santa Coloma de Queralt,2026-08-13,0.0
UK,Sant Pere de Ribes - PN del Garraf,2026-08-13,0.0
UM,la Granadella,2026-08-13,0.0
UN,Cassà de la Selva,2026-08-13,0.0
UO,Fornells de la Selva,2026-08-13,0.0
UP,Cabrils,2026-08-13,0.0
UQ,Dosrius - PN Montnegre Corredor,2026-08-13,0.0
US,les Cases d'Alcanar,2026-08-13,0.0
UU,Amposta,2026-08-13,0.0
UW,els Alfacs,2026-08-13,0.0
UX,Ulldecona - els Valentins,2026-08-13,0.0
UY,Os de Balaguer - el Monestir d'Avellanes,2026-08-13,0.0
V1,Vallfogona de Balaguer,2026-08-13,0.0
V4,Montesquiu,2026-08-13,9.8
V5,Perafita,2026-08-13,5.4
V8,el Poal,2026-08-13,0.0
VA,Ascó,2026-08-13,0.0
VB,Benissanet,2026-08-13,0.0
VC,Pantà de Riba-roja,2026-08-13,0.0
VD,el Canós,2026-08-13,0.0
VH,Gimenells,2026-08-13,0.0
VK,Raimat,2026-08-13,0.0
VM,Vilanova de Segrià,2026-08-13,0.0
VO,Lladurs,2026-08-13,0.0
VP,Pinós,2026-08-13,0.0
VQ,Constantí,2026-08-13,0.0
VS,Lac Redon (2.245 m),2026-08-13,0.0
VU,Rellinars,2026-08-13,0.0
VV,Sant Llorenç Savall,2026-08-13,0.0
VX,Tagamanent - PN del Montseny,2026-08-13,0.0
VY,Nulles,2026-08-13,0.0
VZ,Espolla,2026-08-13,0.0
W1,Castelló d'Empúries,2026-08-13,0.0
W4,Vilafranca del Penedès - la Granada,2026-08-13,0.0
W5,Oliana,2026-08-13,1.0
W8,Blancafort,2026-08-13,0.0
W9,la Vall d'en Bas,2026-08-13,0.0
WA,Oliola,2026-08-13,0.0
WB,Albesa,2026-08-13,0.0
WC,Golmés,2026-08-13,0.0
WG,Algerri,2026-08-13,0.0
WI,Maials,2026-08-13,0.0
WJ,el Masroig,2026-08-13,0.0
WK,Alfarràs,2026-08-13,0.0
WL,Sant Martí de Riucorb,2026-08-13,0.0
WM,Santuari de Queralt,2026-08-13,11.7
WN,Montserrat - Sant Dimes,2026-08-13,0.0
WO,la Bisbal del Penedès,2026-08-13,0.0
WP,Canaletes,2026-08-13,0.0
WQ,Montsec d'Ares (1.571 m),2026-08-13,0.0
WR,Torroja del Priorat,2026-08-13,0.0
WS,Viladrau,2026-08-13,0.0
WT,Malgrat de Mar,2026-08-13,0.0
WU,Badalona - Museu,2026-08-13,0.0
WV,Guardiola de Berguedà,2026-08-13,0.0
WW,Artés,2026-08-13,0.0
WX,Camarasa,2026-08-13,0.0
WZ,Cunit,2026-08-13,0.0
X1,Falset,2026-08-13,0.0
X3,Alguaire,2026-08-13,0.0
X4,Barcelona - el Raval,2026-08-13,0.0
X5,PN dels Ports,2026-08-13,0.0
X6,Baldomar,2026-08-13,0.0
X7,Torres de Segre,2026-08-13,0.0
X8,Barcelona - Zona Universitària,2026-08-13,0.0
X9,Caldes de Montbui,2026-08-13,0.0
XA,la Panadella,2026-08-13,0.0
XB,la Llacuna,2026-08-13,0.0
XC,Castellbisbal,2026-08-13,0.0
XD,Ulldemolins,2026-08-13,0.0
XE,Tarragona - Complex Educatiu,2026-08-13,0.0
XF,Sabadell - Parc Agrari,2026-08-13,0.0
XG,Parets del Vallès,2026-08-13,0.0
XH,Sort,2026-08-13,0.0
XI,Mollerussa,2026-08-13,0.0
XJ,Girona,2026-08-13,0.0
XK,Puig Sesolles (1.666 m),2026-08-13,0.0
XL,el Prat de Llobregat,2026-08-13,0.0
XM,els Alamús,2026-08-13,0.0
XN,Seròs,2026-08-13,0.0
XO,Vic,2026-08-13,0.0
XP,Gandesa,2026-08-13,0.0
XQ,Tremp,2026-08-13,0.0
XR,Prades,2026-08-13,0.0
XS,Santa Coloma de Farners,2026-08-13,0.0
XT,Solsona,2026-08-13,0.0
XU,Canyelles,2026-08-13,0.0
XV,Sant Cugat del Vallès - CAR,2026-08-13,0.0
XX,Anglesola - Tornabous,2026-08-13,0.0
XY,Alcarràs,2026-08-13,0.0
XZ,Torroella de Fluvià,2026-08-13,0.0
Y4,Alinyà,2026-08-13,0.5
Y5,Navata,2026-08-13,0.0
Y6,Tivissa,2026-08-13,0.0
YA,Puigcerdà,2026-08-13,0.0
YB,Olot,2026-08-13,0.0
YC,la Pobla de Segur,2026-08-13,0.0
YD,les Borges Blanques,2026-08-13,0.0
YE,Massoteres,2026-08-13,0.0
YF,Miami Platja,2026-08-13,0.0
YG,Tírvia,2026-08-13,0.0
YH,Pujalt,2026-08-13,0.0
YJ,Lleida - la Femosa,2026-08-13,0.0
YK,Terrassa,2026-08-13,0.0
YL,Riudecanyes,2026-08-13,0.0
YM,Granollers,2026-08-13,0.0
YN,Vielha - Elipòrt,2026-08-13,0.0
YO,Sant Sadurní d'Anoia,2026-08-13,0.0
YP,Palafrugell,2026-08-13,0.0
YQ,Port de Barcelona - ZAL Prat,2026-08-13,0.0
YR,Vilanova i la Geltrú,2026-08-13,0.0
YS,Cabanes,2026-08-13,0.0
YT,Bonabé (1.691 m),2026-08-13,0.0
YU,Cantonigròs,2026-08-13,0.2
YV,Mataró,2026-08-13,0.0
YX,Batea,2026-08-13,0.0
YY,Viladecans - les Filipines,2026-08-13,0.0
Z1,Bonaigua (2.262 m),2026-08-13,0.0
Z2,Boí (2.537 m),2026-08-13,0.8
Z3,Malniu (2.229 m),2026-08-13,0.0
Z5,Certascan (2.398 m),2026-08-13,0.0
Z6,Sasseuva (2.226 m),2026-08-13,0.0
Z7,Espot (2.519 m),2026-08-13,0.0
Z9,Cadí Nord (2.145 m) - Prat d'Aguiló,2026-08-13,0.4
ZB,Salòria (2.451 m),2026-08-13,0.0
ZC,Ulldeter (2.413 m),2026-08-13,0.0
ZE,el Port del Comte (2.288 m),2026-08-13,13.2
C6,Castellnou de Seana,2026-08-14,0.0
C7,Tàrrega,2026-08-14,0.0
C8,Cervera,2026-08-14,0.0
C9,Mas de Barberans,2026-08-14,0.0
CC,Orís,2026-08-14,0.9
CD,la Seu d'Urgell - Bellestar,2026-08-14,0.3
CE,els Hostalets de Pierola,2026-08-14,0.0
CG,Molló - Fabert,2026-08-14,0.0
CI,Sant Pau de Segúries,2026-08-14,0.0
CJ,Organyà,2026-08-14,4.7
CL,Sant Salvador de Guardiola,2026-08-14,0.0
CP,Sant Romà d'Abella,2026-08-14,3.0
CQ,Vilanova de Meià,2026-08-14,5.0
CR,la Quar,2026-08-14,0.0
CT,el Pont de Suert,2026-08-14,0.5
CW,l'Espluga de Francolí,2026-08-14,0.0
CY,Muntanyola,2026-08-14,0.0
D1,Margalef,2026-08-14,0.0
D2,Vacarisses,2026-08-14,0.0
D3,Vallirana,2026-08-14,0.0
D4,Roses,2026-08-14,0.0
D5,Barcelona - Observatori Fabra,2026-08-14,0.0
D6,Portbou - coll dels Belitres,2026-08-14,0.0
D7,Vinebre,2026-08-14,0.0
D8,Horta de Sant Joan,2026-08-14,0.0
D9,el Vendrell,2026-08-14,0.0
DB,el Perelló,2026-08-14,0.0
DF,la Bisbal d'Empordà,2026-08-14,0.0
DG,Núria (1.971 m),2026-08-14,0.0
DI,Font-rubí,2026-08-14,0.0
DJ,Banyoles,2026-08-14,0.0
DK,Torredembarra,2026-08-14,0.0
DL,Illa de Buda,2026-08-14,0.0
DN,Anglès,2026-08-14,0.0
DO,Castell d'Aro,2026-08-14,0.0
DP,Das - Aeròdrom,2026-08-14,4.3
DQ,Vila-rodona,2026-08-14,0.0
H1,Òdena,2026-08-14,0.0
J5,Pantà de Darnius - Boadella,2026-08-14,0.0
KE,Pantà de Sau,2026-08-14,0.1
KP,Fogars de la Selva,2026-08-14,0.0
KX,la Roca del Vallès - ETAP Cardedeu,2026-08-14,0.0
M6,Sant Joan de les Abadesses,2026-08-14,7.0
MQ,Cardona,2026-08-14,0.0
MR,Pantà de Siurana,2026-08-14,0.0
MS,Castellar de n'Hug - el Clot del Moro,2026-08-14,25.6
MV,Guixers - Valls,2026-08-14,6.7
MW,Navès,2026-08-14,0.4
U2,Sant Pere Pescador,2026-08-14,0.0
U3,Sant Martí Sarroca,2026-08-14,0.0
U4,Castellnou de Bages,2026-08-14,0.0
U6,Vinyols i els Arcs - Cambrils,2026-08-14,0.0
U7,Aldover,2026-08-14,0.0
U9,l'Aldea,2026-08-14,0.0
UA,l'Ametlla de Mar,2026-08-14,0.0
UB,la Tallada d'Empordà,2026-08-14,0.0
UE,Torroella de Montgrí,2026-08-14,0.0
UF,PN del Garraf - el Rascler,2026-08-14,0.0
UH,el Montmell,2026-08-14,0.0
UI,Gisclareny,2026-08-14,4.4
UJ,Santa Coloma de Queralt,2026-08-14,0.0
UK,Sant Pere de Ribes - PN del Garraf,2026-08-14,0.0
UM,la Granadella,2026-08-14,5.4
UN,Cassà de la Selva,2026-08-14,0.0
UO,Fornells de la Selva,2026-08-14,0.0
UP,Cabrils,2026-08-14,0.0
UQ,Dosrius - PN Montnegre Corredor,2026-08-14,0.0
US,les Cases d'Alcanar,2026-08-14,0.0
UU,Amposta,2026-08-14,0.0
UW,els Alfacs,2026-08-14,0.0
UX,Ulldecona - els Valentins,2026-08-14,0.0
UY,Os de Balaguer - el Monestir d'Avellanes,2026-08-14,15.2
V1,Vallfogona de Balaguer,2026-08-14,4.3
V4,Montesquiu,2026-08-14,0.1
V5,Perafita,2026-08-14,0.0
V8,el Poal,2026-08-14,0.1
VA,Ascó,2026-08-14,0.0
VB,Benissanet,2026-08-14,0.0
VC,Pantà de Riba-roja,2026-08-14,0.0
VD,el Canós,2026-08-14,0.0
VH,Gimenells,2026-08-14,0.0
VK,Raimat,2026-08-14,0.0
VM,Vilanova de Segrià,2026-08-14,8.9
VO,Lladurs,2026-08-14,47.8
VP,Pinós,2026-08-14,0.0
VQ,Constantí,2026-08-14,0.0
VS,Lac Redon (2.245 m),2026-08-14,14.4
VU,Rellinars,2026-08-14,0.0
VV,Sant Llorenç Savall,2026-08-14,0.0
VX,Tagamanent - PN del Montseny,2026-08-14,0.0
VY,Nulles,2026-08-14,0.0
VZ,Espolla,2026-08-14,0.0
W1,Castelló d'Empúries,2026-08-14,0.0
W4,Vilafranca del Penedès - la Granada,2026-08-14,0.0
W5,Oliana,2026-08-14,12.4
W8,Blancafort,2026-08-14,0.0
W9,la Vall d'en Bas,2026-08-14,0.0
WA,Oliola,2026-08-14,0.0
WB,Albesa,2026-08-14,45.3
WC,Golmés,2026-08-14,0.0
WG,Algerri,2026-08-14,15.8
WI,Maials,2026-08-14,0.0
WJ,el Masroig,2026-08-14,0.0
WK,Alfarràs,2026-08-14,5.6
WL,Sant Martí de Riucorb,2026-08-14,0.0
WM,Santuari de Queralt,2026-08-14,10.7
WN,Montserrat - Sant Dimes,2026-08-14,0.0
WO,la Bisbal del Penedès,2026-08-14,0.0
WP,Canaletes,2026-08-14,0.0
WQ,Montsec d'Ares (1.571 m),2026-08-14,1.9
WR,Torroja del Priorat,2026-08-14,0.0
WS,Viladrau,2026-08-14,0.0
WT,Malgrat de Mar,2026-08-14,0.0
WU,Badalona - Museu,2026-08-14,0.0
WV,Guardiola de Berguedà,2026-08-14,3.9
WW,Artés,2026-08-14,0.0
WX,Camarasa,2026-08-14,5.9
WZ,Cunit,2026-08-14,0.0
X1,Falset,2026-08-14,0.0
X3,Alguaire,2026-08-14,0.0
X4,Barcelona - el Raval,2026-08-14,0.0
X5,PN dels Ports,2026-08-14,0.0
X6,Baldomar,2026-08-14,4.5
X7,Torres de Segre,2026-08-14,0.0
X8,Barcelona - Zona Universitària,2026-08-14,0.0
X9,Caldes de Montbui,2026-08-14,0.0
XA,la Panadella,2026-08-14,0.8
XB,la Llacuna,2026-08-14,0.0
XC,Castellbisbal,2026-08-14,0.0
XD,Ulldemolins,2026-08-14,0.1
XE,Tarragona - Complex Educatiu,2026-08-14,0.0
XF,Sabadell - Parc Agrari,2026-08-14,0.0
XG,Parets del Vallès,2026-08-14,0.0
XH,Sort,2026-08-14,0.0
XI,Mollerussa,2026-08-14,0.0
XJ,Girona,2026-08-14,0.0
XK,Puig Sesolles (1.666 m),2026-08-14,0.0
XL,el Prat de Llobregat,2026-08-14,0.0
XM,els Alamús,2026-08-14,0.1
XN,Seròs,2026-08-14,0.0
XO,Vic,2026-08-14,0.0
XP,Gandesa,2026-08-14,0.0
XQ,Tremp,2026-08-14,2.1
XR,Prades,2026-08-14,0.6
XS,Santa Coloma de Farners,2026-08-14,0.0
XT,Solsona,2026-08-14,10.5
XU,Canyelles,2026-08-14,0.0
XV,Sant Cugat del Vallès - CAR,2026-08-14,0.0
XX,Anglesola - Tornabous,2026-08-14,0.0
XY,Alcarràs,2026-08-14,0.0
XZ,Torroella de Fluvià,2026-08-14,0.0
Y4,Alinyà,2026-08-14,9.4
Y5,Navata,2026-08-14,0.0
Y6,Tivissa,2026-08-14,0.0
YA,Puigcerdà,2026-08-14,0.9
YB,Olot,2026-08-14,0.0
YC,la Pobla de Segur,2026-08-14,4.6
YD,les Borges Blanques,2026-08-14,0.0
YE,Massoteres,2026-08-14,8.6
YF,Miami Platja,2026-08-14,0.0
YG,Tírvia,2026-08-14,0.2
YH,Pujalt,2026-08-14,2.6
YJ,Lleida - la Femosa,2026-08-14,0.0
YK,Terrassa,2026-08-14,0.0
YL,Riudecanyes,2026-08-14,0.0
YM,Granollers,2026-08-14,0.0
YN,Vielha - Elipòrt,2026-08-14,2.7
YO,Sant Sadurní d'Anoia,2026-08-14,0.0
YP,Palafrugell,2026-08-14,0.0
YQ,Port de Barcelona - ZAL Prat,2026-08-14,0.0
YR,Vilanova i la Geltrú,2026-08-14,0.0
YS,Cabanes,2026-08-14,0.0
YT,Bonabé (1.691 m),2026-08-14,0.0
YU,Cantonigròs,2026-08-14,1.5
YV,Mataró,2026-08-14,0.0
YX,Batea,2026-08-14,0.0
YY,Viladecans - les Filipines,2026-08-14,0.0
Z1,Bonaigua (2.262 m),2026-08-14,7.2
Z2,Boí (2.537 m),2026-08-14,4.9
Z3,Malniu (2.229 m),2026-08-14,0.0
Z5,Certascan (2.398 m),2026-08-14,0.0
Z6,Sasseuva (2.226 m),2026-08-14,0.0
Z7,Espot (2.519 m),2026-08-14,3.1
Z9,Cadí Nord (2.145 m) - Prat d'Aguiló,2026-08-14,3.8
ZB,Salòria (2.451 m),2026-08-14,0.3
ZC,Ulldeter (2.413 m),2026-08-14,0.0
ZE,el Port del Comte (2.288 m),2026-08-14,5.9
C6,Castellnou de Seana,2026-08-15,0.0
C7,Tàrrega,2026-08-15,1.3
C8,Cervera,2026-08-15,0.2
C9,Mas de Barberans,2026-08-15,0.7
CC,Orís,2026-08-15,0.8
CD,la Seu d'Urgell - Bellestar,2026-08-15,7.9
CE,els Hostalets de Pierola,2026-08-15,0.0
CG,Molló - Fabert,2026-08-15,4.6
CI,Sant Pau de Segúries,2026-08-15,33.8
CJ,Organyà,2026-08-15,10.0
CL,Sant Salvador de Guardiola,2026-08-15,21.0
CP,Sant Romà d'Abella,2026-08-15,0.0
CQ,Vilanova de Meià,2026-08-15,0.0
CR,la Quar,2026-08-15,25.7
CT,el Pont de Suert,2026-08-15,0.7
CW,l'Espluga de Francolí,2026-08-15,0.7
CY,Muntanyola,2026-08-15,25.0
D1,Margalef,2026-08-15,0.1
D2,Vacarisses,2026-08-15,7.5
D3,Vallirana,2026-08-15,0.0
D4,Roses,2026-08-15,0.0
D5,Barcelona - Observatori Fabra,2026-08-15,0.0
D6,Portbou - coll dels Belitres,2026-08-15,0.0
D7,Vinebre,2026-08-15,0.5
D8,Horta de Sant Joan,2026-08-15,0.0
D9,el Vendrell,2026-08-15,0.0
DB,el Perelló,2026-08-15,0.2
DF,la Bisbal d'Empordà,2026-08-15,0.0
DG,Núria (1.971 m),2026-08-15,11.0
DI,Font-rubí,2026-08-15,0.0
DJ,Banyoles,2026-08-15,0.0
DK,Torredembarra,2026-08-15,0.0
DL,Illa de Buda,2026-08-15,0.2
DN,Anglès,2026-08-15,0.0
DO,Castell d'Aro,2026-08-15,0.0
DP,Das - Aeròdrom,2026-08-15,9.0
DQ,Vila-rodona,2026-08-15,0.0
H1,Òdena,2026-08-15,3.2
J5,Pantà de Darnius - Boadella,2026-08-15,0.0
KE,Pantà de Sau,2026-08-15,1.8
KP,Fogars de la Selva,2026-08-15,0.0
KX,la Roca del Vallès - ETAP Cardedeu,2026-08-15,0.0
M6,Sant Joan de les Abadesses,2026-08-15,3.2
MQ,Cardona,2026-08-15,24.1
MR,Pantà de Siurana,2026-08-15,0.0
MS,Castellar de n'Hug - el Clot del Moro,2026-08-15,3.0
MV,Guixers - Valls,2026-08-15,9.6
MW,Navès,2026-08-15,15.3
U2,Sant Pere Pescador,2026-08-15,0.0
U3,Sant Martí Sarroca,2026-08-15,0.0
U4,Castellnou de Bages,2026-08-15,13.1
U6,Vinyols i els Arcs - Cambrils,2026-08-15,0.5
U7,Aldover,2026-08-15,0.2
U9,l'Aldea,2026-08-15,0.1
UA,l'Ametlla de Mar,2026-08-15,0.2
UB,la Tallada d'Empordà,2026-08-15,0.0
UE,Torroella de Montgrí,2026-08-15,0.0
UF,PN del Garraf - el Rascler,2026-08-15,0.0
UH,el Montmell,2026-08-15,0.0
UI,Gisclareny,2026-08-15,33.0
UJ,Santa Coloma de Queralt,2026-08-15,0.0
UK,Sant Pere de Ribes - PN del Garraf,2026-08-15,0.0
UM,la Granadella,2026-08-15,0.0
UN,Cassà de la Selva,2026-08-15,0.0
UO,Fornells de la Selva,2026-08-15,0.0
UP,Cabrils,2026-08-15,0.0
UQ,Dosrius - PN Montnegre Corredor,2026-08-15,0.0
US,les Cases d'Alcanar,2026-08-15,1.1
UU,Amposta,2026-08-15,0.4
UW,els Alfacs,2026-08-15,0.9
UX,Ulldecona - els Valentins,2026-08-15,0.9
UY,Os de Balaguer - el Monestir d'Avellanes,2026-08-15,0.1
V1,Vallfogona de Balaguer,2026-08-15,0.0
V4,Montesquiu,2026-08-15,0.4
V5,Perafita,2026-08-15,1.5
V8,el Poal,2026-08-15,0.0
VA,Ascó,2026-08-15,0.0
VB,Benissanet,2026-08-15,0.5
VC,Pantà de Riba-roja,2026-08-15,0.0
VD,el Canós,2026-08-15,1.0
VH,Gimenells,2026-08-15,0.0
VK,Raimat,2026-08-15,0.0
VM,Vilanova de Segrià,2026-08-15,0.0
VO,Lladurs,2026-08-15,0.5
VP,Pinós,2026-08-15,16.1
VQ,Constantí,2026-08-15,0.4
VS,Lac Redon (2.245 m),2026-08-15,3.5
VU,Rellinars,2026-08-15,7.9
VV,Sant Llorenç Savall,2026-08-15,5.7
VX,Tagamanent - PN del Montseny,2026-08-15,0.0
VY,Nulles,2026-08-15,0.0
VZ,Espolla,2026-08-15,0.0
W1,Castelló d'Empúries,2026-08-15,0.0
W4,Vilafranca del Penedès - la Granada,2026-08-15,0.0
W5,Oliana,2026-08-15,0.0
W8,Blancafort,2026-08-15,0.0
W9,la Vall d'en Bas,2026-08-15,0.4
WA,Oliola,2026-08-15,0.0
WB,Albesa,2026-08-15,0.0
WC,Golmés,2026-08-15,0.0
WG,Algerri,2026-08-15,0.0
WI,Maials,2026-08-15,0.0
WJ,el Masroig,2026-08-15,0.2
WK,Alfarràs,2026-08-15,0.0
WL,Sant Martí de Riucorb,2026-08-15,4.4
WM,Santuari de Queralt,2026-08-15,21.3
WN,Montserrat - Sant Dimes,2026-08-15,17.7
WO,la Bisbal del Penedès,2026-08-15,0.0
WP,Canaletes,2026-08-15,0.0
WQ,Montsec d'Ares (1.571 m),2026-08-15,0.0
WR,Torroja del Priorat,2026-08-15,0.1
WS,Viladrau,2026-08-15,1.6
WT,Malgrat de Mar,2026-08-15,0.0
WU,Badalona - Museu,2026-08-15,0.0
WV,Guardiola de Berguedà,2026-08-15,12.9
WW,Artés,2026-08-15,49.6
WX,Camarasa,2026-08-15,0.0
WZ,Cunit,2026-08-15,0.0
X1,Falset,2026-08-15,0.7
X3,Alguaire,2026-08-15,0.0
X4,Barcelona - el Raval,2026-08-15,0.0
X5,PN dels Ports,2026-08-15,1.3
X6,Baldomar,2026-08-15,0.0
X7,Torres de Segre,2026-08-15,0.0
X8,Barcelona - Zona Universitària,2026-08-15,0.0
X9,Caldes de Montbui,2026-08-15,0.0
XA,la Panadella,2026-08-15,0.1
XB,la Llacuna,2026-08-15,0.0
XC,Castellbisbal,2026-08-15,0.0
XD,Ulldemolins,2026-08-15,0.0
XE,Tarragona - Complex Educatiu,2026-08-15,0.6
XF,Sabadell - Parc Agrari,2026-08-15,0.0
XG,Parets del Vallès,2026-08-15,0.0
XH,Sort,2026-08-15,0.0
XI,Mollerussa,2026-08-15,0.1
XJ,Girona,2026-08-15,0.0
XK,Puig Sesolles (1.666 m),2026-08-15,13.5
XL,el Prat de Llobregat,2026-08-15,0.0
XM,els Alamús,2026-08-15,0.0
XN,Seròs,2026-08-15,0.0
XO,Vic,2026-08-15,8.1
XP,Gandesa,2026-08-15,0.0
XQ,Tremp,2026-08-15,0.0
XR,Prades,2026-08-15,0.0
XS,Santa Coloma de Farners,2026-08-15,0.0
XT,Solsona,2026-08-15,4.9
XU,Canyelles,2026-08-15,0.0
XV,Sant Cugat del Vallès - CAR,2026-08-15,0.0
XX,Anglesola - Tornabous,2026-08-15,0.0
XY,Alcarràs,2026-08-15,0.0
XZ,Torroella de Fluvià,2026-08-15,0.0
Y4,Alinyà,2026-08-15,0.1
Y5,Navata,2026-08-15,0.0
Y6,Tivissa,2026-08-15,0.0
YA,Puigcerdà,2026-08-15,17.0
YB,Olot,2026-08-15,2.3
YC,la Pobla de Segur,2026-08-15,0.0
YD,les Borges Blanques,2026-08-15,0.0
YE,Massoteres,2026-08-15,0.1
YF,Miami Platja,2026-08-15,0.1
YG,Tírvia,2026-08-15,0.1
YH,Pujalt,2026-08-15,26.8
YJ,Lleida - la Femosa,2026-08-15,0.0
YK,Terrassa,2026-08-15,0.2
YL,Riudecanyes,2026-08-15,0.0
YM,Granollers,2026-08-15,0.0
YN,Vielha - Elipòrt,2026-08-15,1.9
YO,Sant Sadurní d'Anoia,2026-08-15,0.0
YP,Palafrugell,2026-08-15,0.0
YQ,Port de Barcelona - ZAL Prat,2026-08-15,0.0
YR,Vilanova i la Geltrú,2026-08-15,0.0
YS,Cabanes,2026-08-15,0.0
YT,Bonabé (1.691 m),2026-08-15,13.4
YU,Cantonigròs,2026-08-15,0.4
YV,Mataró,2026-08-15,0.0
YX,Batea,2026-08-15,0.0
YY,Viladecans - les Filipines,2026-08-15,0.0
Z1,Bonaigua (2.262 m),2026-08-15,4.2
Z2,Boí (2.537 m),2026-08-15,10.4
Z3,Malniu (2.229 m),2026-08-15,25.5
Z5,Certascan (2.398 m),2026-08-15,7.6
Z6,Sasseuva (2.226 m),2026-08-15,1.7
Z7,Espot (2.519 m),2026-08-15,1.2
Z9,Cadí Nord (2.145 m) - Prat d'Aguiló,2026-08-15,11.9
ZB,Salòria (2.451 m),2026-08-15,8.7
ZC,Ulldeter (2.413 m),2026-08-15,16.2
ZE,el Port del Comte (2.288 m),2026-08-15,4.4
C6,Castellnou de Seana,2026-08-16,0.0
C7,Tàrrega,2026-08-16,0.0
C8,Cervera,2026-08-16,0.0
C9,Mas de Barberans,2026-08-16,0.0
CC,Orís,2026-08-16,0.6
CD,la Seu d'Urgell - Bellestar,2026-08-16,15.8
CE,els Hostalets de Pierola,2026-08-16,0.0
CG,Molló - Fabert,2026-08-16,4.6
CI,Sant Pau de Segúries,2026-08-16,3.1
CJ,Organyà,2026-08-16,0.2
CL,Sant Salvador de Guardiola,2026-08-16,0.0
CP,Sant Romà d'Abella,2026-08-16,0.0
CQ,Vilanova de Meià,2026-08-16,0.0
CR,la Quar,2026-08-16,0.0
CT,el Pont de Suert,2026-08-16,5.4
CW,l'Espluga de Francolí,2026-08-16,0.0
CY,Muntanyola,2026-08-16,0.0
D1,Margalef,2026-08-16,0.0
D2,Vacarisses,2026-08-16,0.0
D3,Vallirana,2026-08-16,0.0
D4,Roses,2026-08-16,0.0
D5,Barcelona - Observatori Fabra,2026-08-16,0.0
D6,Portbou - coll dels Belitres,2026-08-16,0.0
D7,Vinebre,2026-08-16,0.0
D8,Horta de Sant Joan,2026-08-16,0.0
D9,el Vendrell,2026-08-16,0.0
DB,el Perelló,2026-08-16,0.0
DF,la Bisbal d'Empordà,2026-08-16,5.0
DG,Núria (1.971 m),2026-08-16,14.0
DI,Font-rubí,2026-08-16,1.9
DJ,Banyoles,2026-08-16,3.1
DK,Torredembarra,2026-08-16,0.1
DL,Illa de Buda,2026-08-16,0.0
DN,Anglès,2026-08-16,3.5
DO,Castell d'Aro,2026-08-16,0.0
DP,Das - Aeròdrom,2026-08-16,5.4
DQ,Vila-rodona,2026-08-16,0.0
H1,Òdena,2026-08-16,1.4
J5,Pantà de Darnius - Boadella,2026-08-16,5.6
KE,Pantà de Sau,2026-08-16,1.9
KP,Fogars de la Selva,2026-08-16,0.4
KX,la Roca del Vallès - ETAP Cardedeu,2026-08-16,0.0
M6,Sant Joan de les Abadesses,2026-08-16,1.9
MQ,Cardona,2026-08-16,0.2
MR,Pantà de Siurana,2026-08-16,0.0
MS,Castellar de n'Hug - el Clot del Moro,2026-08-16,9.3
MV,Guixers - Valls,2026-08-16,0.0
MW,Navès,2026-08-16,0.0
U2,Sant Pere Pescador,2026-08-16,0.3
U3,Sant Martí Sarroca,2026-08-16,0.0
U4,Castellnou de Bages,2026-08-16,0.0
U6,Vinyols i els Arcs - Cambrils,2026-08-16,0.0
U7,Aldover,2026-08-16,0.0
U9,l'Aldea,2026-08-16,0.0
UA,l'Ametlla de Mar,2026-08-16,0.0
UB,la Tallada d'Empordà,2026-08-16,1.5
UE,Torroella de Montgrí,2026-08-16,1.8
UF,PN del Garraf - el Rascler,2026-08-16,0.0
UH,el Montmell,2026-08-16,0.0
UI,Gisclareny,2026-08-16,3.9
UJ,Santa Coloma de Queralt,2026-08-16,0.0
UK,Sant Pere de Ribes - PN del Garraf,2026-08-16,0.0
UM,la Granadella,2026-08-16,0.0
UN,Cassà de la Selva,2026-08-16,0.1
UO,Fornells de la Selva,2026-08-16,3.0
UP,Cabrils,2026-08-16,0.0
UQ,Dosrius - PN Montnegre Corredor,2026-08-16,0.0
US,les Cases d'Alcanar,2026-08-16,0.0
UU,Amposta,2026-08-16,0.0
UW,els Alfacs,2026-08-16,0.0
UX,Ulldecona - els Valentins,2026-08-16,0.0
UY,Os de Balaguer - el Monestir d'Avellanes,2026-08-16,0.0
V1,Vallfogona de Balaguer,2026-08-16,0.0
V4,Montesquiu,2026-08-16,2.0
V5,Perafita,2026-08-16,1.4
V8,el Poal,2026-08-16,0.0
VA,Ascó,2026-08-16,0.1
VB,Benissanet,2026-08-16,0.0
VC,Pantà de Riba-roja,2026-08-16,0.0
VD,el Canós,2026-08-16,0.0
VH,Gimenells,2026-08-16,0.0
VK,Raimat,2026-08-16,0.0
VM,Vilanova de Segrià,2026-08-16,0.0
VO,Lladurs,2026-08-16,0.0
VP,Pinós,2026-08-16,0.0
VQ,Constantí,2026-08-16,0.0
VS,Lac Redon (2.245 m),2026-08-16,5.7
VU,Rellinars,2026-08-16,0.0
VV,Sant Llorenç Savall,2026-08-16,0.0
VX,Tagamanent - PN del Montseny,2026-08-16,0.0
VY,Nulles,2026-08-16,0.0
VZ,Espolla,2026-08-16,0.0
W1,Castelló d'Empúries,2026-08-16,0.8
W4,Vilafranca del Penedès - la Granada,2026-08-16,0.0
W5,Oliana,2026-08-16,0.0
W8,Blancafort,2026-08-16,0.0
W9,la Vall d'en Bas,2026-08-16,2.2
WA,Oliola,2026-08-16,0.0
WB,Albesa,2026-08-16,0.0
WC,Golmés,2026-08-16,0.0
WG,Algerri,2026-08-16,0.0
WI,Maials,2026-08-16,0.0
WJ,el Masroig,2026-08-16,0.0
WK,Alfarràs,2026-08-16,0.0
WL,Sant Martí de Riucorb,2026-08-16,0.0
WM,Santuari de Queralt,2026-08-16,0.1
WN,Montserrat - Sant Dimes,2026-08-16,0.0
WO,la Bisbal del Penedès,2026-08-16,0.0
WP,Canaletes,2026-08-16,4.3
WQ,Montsec d'Ares (1.571 m),2026-08-16,0.0
WR,Torroja del Priorat,2026-08-16,0.1
WS,Viladrau,2026-08-16,1.7
WT,Malgrat de Mar,2026-08-16,0.0
WU,Badalona - Museu,2026-08-16,0.0
WV,Guardiola de Berguedà,2026-08-16,3.6
WW,Artés,2026-08-16,0.0
WX,Camarasa,2026-08-16,0.0
WZ,Cunit,2026-08-16,0.1
X1,Falset,2026-08-16,0.0
X3,Alguaire,2026-08-16,0.0
X4,Barcelona - el Raval,2026-08-16,0.0
X5,PN dels Ports,2026-08-16,0.6
X6,Baldomar,2026-08-16,0.0
X7,Torres de Segre,2026-08-16,0.0
X8,Barcelona - Zona Universitària,2026-08-16,0.0
X9,Caldes de Montbui,2026-08-16,0.0
XA,la Panadella,2026-08-16,0.4
XB,la Llacuna,2026-08-16,0.0
XC,Castellbisbal,2026-08-16,0.0
XD,Ulldemolins,2026-08-16,0.0
XE,Tarragona - Complex Educatiu,2026-08-16,0.0
XF,Sabadell - Parc Agrari,2026-08-16,0.0
XG,Parets del Vallès,2026-08-16,0.0
XH,Sort,2026-08-16,6.3
XI,Mollerussa,2026-08-16,0.0
XJ,Girona,2026-08-16,25.9
XK,Puig Sesolles (1.666 m),2026-08-16,0.3
XL,el Prat de Llobregat,2026-08-16,0.0
XM,els Alamús,2026-08-16,0.0
XN,Seròs,2026-08-16,0.0
XO,Vic,2026-08-16,0.0
XP,Gandesa,2026-08-16,0.0
XQ,Tremp,2026-08-16,0.0
XR,Prades,2026-08-16,0.0
XS,Santa Coloma de Farners,2026-08-16,8.5
XT,Solsona,2026-08-16,0.0
XU,Canyelles,2026-08-16,0.1
XV,Sant Cugat del Vallès - CAR,2026-08-16,0.0
XX,Anglesola - Tornabous,2026-08-16,0.0
XY,Alcarràs,2026-08-16,0.0
XZ,Torroella de Fluvià,2026-08-16,0.4
Y4,Alinyà,2026-08-16,0.0
Y5,Navata,2026-08-16,4.7
Y6,Tivissa,2026-08-16,0.0
YA,Puigcerdà,2026-08-16,2.3
YB,Olot,2026-08-16,1.0
YC,la Pobla de Segur,2026-08-16,10.0
YD,les Borges Blanques,2026-08-16,0.0
YE,Massoteres,2026-08-16,0.0
YF,Miami Platja,2026-08-16,0.0
YG,Tírvia,2026-08-16,2.4
YH,Pujalt,2026-08-16,0.3
YJ,Lleida - la Femosa,2026-08-16,0.0
YK,Terrassa,2026-08-16,0.0
YL,Riudecanyes,2026-08-16,0.0
YM,Granollers,2026-08-16,0.0
YN,Vielha - Elipòrt,2026-08-16,2.8
YO,Sant Sadurní d'Anoia,2026-08-16,0.4
YP,Palafrugell,2026-08-16,0.6
YQ,Port de Barcelona - ZAL Prat,2026-08-16,0.0
YR,Vilanova i la Geltrú,2026-08-16,0.1
YS,Cabanes,2026-08-16,0.0
YT,Bonabé (1.691 m),2026-08-16,15.5
YU,Cantonigròs,2026-08-16,0.0
YV,Mataró,2026-08-16,0.0
YX,Batea,2026-08-16,0.0
YY,Viladecans - les Filipines,2026-08-16,0.0
Z1,Bonaigua (2.262 m),2026-08-16,4.0
Z2,Boí (2.537 m),2026-08-16,1.6
Z3,Malniu (2.229 m),2026-08-16,10.0
Z5,Certascan (2.398 m),2026-08-16,7.3
Z6,Sasseuva (2.226 m),2026-08-16,0.7
Z7,Espot (2.519 m),2026-08-16,7.3
Z9,Cadí Nord (2.145 m) - Prat d'Aguiló,2026-08-16,25.6
ZB,Salòria (2.451 m),2026-08-16,1.9
ZC,Ulldeter (2.413 m),2026-08-16,19.5
ZE,el Port del Comte (2.288 m),2026-08-16,0.0
C6,Castellnou de Seana,2026-08-17,0.0
C7,Tàrrega,2026-08-17,0.0
C8,Cervera,2026-08-17,0.0
C9,Mas de Barberans,2026-08-17,0.0
CC,Orís,2026-08-17,2.4
CD,la Seu d'Urgell - Bellestar,2026-08-17,0.0
CE,els Hostalets de Pierola,2026-08-17,0.0
CG,Molló - Fabert,2026-08-17,0.0
CI,Sant Pau de Segúries,2026-08-17,1.0
CJ,Organyà,2026-08-17,0.0
CL,Sant Salvador de Guardiola,2026-08-17,0.0
CP,Sant Romà d'Abella,2026-08-17,0.0
CQ,Vilanova de Meià,2026-08-17,0.0
CR,la Quar,2026-08-17,6.4
CT,el Pont de Suert,2026-08-17,0.0
CW,l'Espluga de Francolí,2026-08-17,0.0
CY,Muntanyola,2026-08-17,2.0
D1,Margalef,2026-08-17,0.0
D2,Vacarisses,2026-08-17,0.0
D3,Vallirana,2026-08-17,0.0
D4,Roses,2026-08-17,0.0
D5,Barcelona - Observatori Fabra,2026-08-17,0.0
D6,Portbou - coll dels Belitres,2026-08-17,0.0
D7,Vinebre,2026-08-17,0.0
D8,Horta de Sant Joan,2026-08-17,0.0
D9,el Vendrell,2026-08-17,0.0
DB,el Perelló,2026-08-17,0.0
DF,la Bisbal d'Empordà,2026-08-17,0.0
DG,Núria (1.971 m),2026-08-17,0.0
DI,Font-rubí,2026-08-17,0.0
DJ,Banyoles,2026-08-17,0.0
DK,Torredembarra,2026-08-17,0.0
DL,Illa de Buda,2026-08-17,0.0
DN,Anglès,2026-08-17,0.0
DO,Castell d'Aro,2026-08-17,0.0
DP,Das - Aeròdrom,2026-08-17,0.0
DQ,Vila-rodona,2026-08-17,0.0
H1,Òdena,2026-08-17,0.0
J5,Pantà de Darnius - Boadella,2026-08-17,0.0
KE,Pantà de Sau,2026-08-17,4.3
KP,Fogars de la Selva,2026-08-17,0.2
KX,la Roca del Vallès - ETAP Cardedeu,2026-08-17,0.0
M6,Sant Joan de les Abadesses,2026-08-17,0.0
MQ,Cardona,2026-08-17,0.0
MR,Pantà de Siurana,2026-08-17,0.0
MS,Castellar de n'Hug - el Clot del Moro,2026-08-17,0.0
MV,Guixers - Valls,2026-08-17,0.0
MW,Navès,2026-08-17,0.0
U2,Sant Pere Pescador,2026-08-17,0.0
U3,Sant Martí Sarroca,2026-08-17,0.0
U4,Castellnou de Bages,2026-08-17,0.0
U6,Vinyols i els Arcs - Cambrils,2026-08-17,0.0
U7,Aldover,2026-08-17,0.0
U9,l'Aldea,2026-08-17,0.0
UA,l'Ametlla de Mar,2026-08-17,0.0
UB,la Tallada d'Empordà,2026-08-17,0.0
UE,Torroella de Montgrí,2026-08-17,0.0
UF,PN del Garraf - el Rascler,2026-08-17,0.0
UH,el Montmell,2026-08-17,0.0
UI,Gisclareny,2026-08-17,0.0
UJ,Santa Coloma de Queralt,2026-08-17,0.0
UK,Sant Pere de Ribes - PN del Garraf,2026-08-17,0.0
UM,la Granadella,2026-08-17,0.0
UN,Cassà de la Selva,2026-08-17,0.0
UO,Fornells de la Selva,2026-08-17,0.0
UP,Cabrils,2026-08-17,0.0
UQ,Dosrius - PN Montnegre Corredor,2026-08-17,0.2
US,les Cases d'Alcanar,2026-08-17,0.0
UU,Amposta,2026-08-17,0.0
UW,els Alfacs,2026-08-17,0.0
UX,Ulldecona - els Valentins,2026-08-17,0.0
UY,Os de Balaguer - el Monestir d'Avellanes,2026-08-17,0.0
V1,Vallfogona de Balaguer,2026-08-17,0.0
V4,Montesquiu,2026-08-17,0.0
V5,Perafita,2026-08-17,0.1
V8,el Poal,2026-08-17,0.0
VA,Ascó,2026-08-17,0.0
VB,Benissanet,2026-08-17,0.0
VC,Pantà de Riba-roja,2026-08-17,0.0
VD,el Canós,2026-08-17,0.0
VH,Gimenells,2026-08-17,0.0
VK,Raimat,2026-08-17,0.0
VM,Vilanova de Segrià,2026-08-17,0.0
VO,Lladurs,2026-08-17,0.0
VP,Pinós,2026-08-17,0.0
VQ,Constantí,2026-08-17,0.0
VS,Lac Redon (2.245 m),2026-08-17,0.0
VU,Rellinars,2026-08-17,0.0
VV,Sant Llorenç Savall,2026-08-17,0.0
VX,Tagamanent - PN del Montseny,2026-08-17,0.0
VY,Nulles,2026-08-17,0.0
VZ,Espolla,2026-08-17,0.0
W1,Castelló d'Empúries,2026-08-17,0.0
W4,Vilafranca del Penedès - la Granada,2026-08-17,0.0
W5,Oliana,2026-08-17,1.9
W8,Blancafort,2026-08-17,0.0
W9,la Vall d'en Bas,2026-08-17,0.0
WA,Oliola,2026-08-17,0.0
WB,Albesa,2026-08-17,0.0
WC,Golmés,2026-08-17,0.0
WG,Algerri,2026-08-17,0.0
WI,Maials,2026-08-17,0.0
WJ,el Masroig,2026-08-17,0.0
WK,Alfarràs,2026-08-17,0.0
WL,Sant Martí de Riucorb,2026-08-17,0.0
WM,Santuari de Queralt,2026-08-17,0.0
WN,Montserrat - Sant Dimes,2026-08-17,0.0
WO,la Bisbal del Penedès,2026-08-17,0.0
WP,Canaletes,2026-08-17,0.0
WQ,Montsec d'Ares (1.571 m),2026-08-17,0.0
WR,Torroja del Priorat,2026-08-17,0.0
WS,Viladrau,2026-08-17,11.1
WT,Malgrat de Mar,2026-08-17,0.0
WU,Badalona - Museu,2026-08-17,0.0
WV,Guardiola de Berguedà,2026-08-17,0.1
WW,Artés,2026-08-17,0.1
WX,Camarasa,2026-08-17,0.0
WZ,Cunit,2026-08-17,0.0
X1,Falset,2026-08-17,0.0
X3,Alguaire,2026-08-17,0.0
X4,Barcelona - el Raval,2026-08-17,0.0
X5,PN dels Ports,2026-08-17,0.0
X6,Baldomar,2026-08-17,0.0
X7,Torres de Segre,2026-08-17,0.0
X8,Barcelona - Zona Universitària,2026-08-17,0.0
X9,Caldes de Montbui,2026-08-17,0.0
XA,la Panadella,2026-08-17,0.0
XB,la Llacuna,2026-08-17,0.0
XC,Castellbisbal,2026-08-17,0.0
XD,Ulldemolins,2026-08-17,0.0
XE,Tarragona - Complex Educatiu,2026-08-17,0.0
XF,Sabadell - Parc Agrari,2026-08-17,0.0
XG,Parets del Vallès,2026-08-17,0.0
XH,Sort,2026-08-17,0.0
XI,Mollerussa,2026-08-17,0.0
XJ,Girona,2026-08-17,0.0
XK,Puig Sesolles (1.666 m),2026-08-17,10.1
XL,el Prat de Llobregat,2026-08-17,0.0
XM,els Alamús,2026-08-17,0.0
XN,Seròs,2026-08-17,0.0
XO,Vic,2026-08-17,1.2
XP,Gandesa,2026-08-17,0.0
XQ,Tremp,2026-08-17,0.0
XR,Prades,2026-08-17,0.0
XS,Santa Coloma de Farners,2026-08-17,0.0
XT,Solsona,2026-08-17,0.0
XU,Canyelles,2026-08-17,0.0
XV,Sant Cugat del Vallès - CAR,2026-08-17,0.1
XX,Anglesola - Tornabous,2026-08-17,0.0
XY,Alcarràs,2026-08-17,0.0
XZ,Torroella de Fluvià,2026-08-17,0.0
Y4,Alinyà,2026-08-17,0.0
Y5,Navata,2026-08-17,0.0
Y6,Tivissa,2026-08-17,0.0
YA,Puigcerdà,2026-08-17,0.0
YB,Olot,2026-08-17,0.0
YC,la Pobla de Segur,2026-08-17,0.0
YD,les Borges Blanques,2026-08-17,0.0
YE,Massoteres,2026-08-17,0.0
YF,Miami Platja,2026-08-17,0.0
YG,Tírvia,2026-08-17,0.1
YH,Pujalt,2026-08-17,0.0
YJ,Lleida - la Femosa,2026-08-17,0.0
YK,Terrassa,2026-08-17,0.1
YL,Riudecanyes,2026-08-17,0.0
YM,Granollers,2026-08-17,0.0
YN,Vielha - Elipòrt,2026-08-17,0.0
YO,Sant Sadurní d'Anoia,2026-08-17,0.0
YP,Palafrugell,2026-08-17,0.0
YQ,Port de Barcelona - ZAL Prat,2026-08-17,0.0
YR,Vilanova i la Geltrú,2026-08-17,0.0
YS,Cabanes,2026-08-17,0.0
YT,Bonabé (1.691 m),2026-08-17,0.0
YU,Cantonigròs,2026-08-17,0.0
YV,Mataró,2026-08-17,0.0
YX,Batea,2026-08-17,0.0
YY,Viladecans - les Filipines,2026-08-17,0.0
Z1,Bonaigua (2.262 m),2026-08-17,0.0
Z2,Boí (2.537 m),2026-08-17,0.0
Z3,Malniu (2.229 m),2026-08-17,0.0
Z5,Certascan (2.398 m),2026-08-17,0.0
Z6,Sasseuva (2.226 m),2026-08-17,0.0
Z7,Espot (2.519 m),2026-08-17,0.0
Z9,Cadí Nord (2.145 m) - Prat d'Aguiló,2026-08-17,0.0
ZB,Salòria (2.451 m),2026-08-17,0.0
ZC,Ulldeter (2.413 m),2026-08-17,0.0
ZE,el Port del Comte (2.288 m),2026-08-17,0.0
C6,Castellnou de Seana,2026-08-18,0.0
C7,Tàrrega,2026-08-18,0.0
C8,Cervera,2026-08-18,0.0
C9,Mas de Barberans,2026-08-18,0.0
CC,Orís,2026-08-18,0.0
CD,la Seu d'Urgell - Bellestar,2026-08-18,0.0
CE,els Hostalets de Pierola,2026-08-18,0.0
CG,Molló - Fabert,2026-08-18,0.0
CI,Sant Pau de Segúries,2026-08-18,0.0
CJ,Organyà,2026-08-18,0.0
CL,Sant Salvador de Guardiola,2026-08-18,0.0
CP,Sant Romà d'Abella,2026-08-18,0.0
CQ,Vilanova de Meià,2026-08-18,0.0
CR,la Quar,2026-08-18,0.1
CT,el Pont de Suert,2026-08-18,0.0
CW,l'Espluga de Francolí,2026-08-18,0.0
CY,Muntanyola,2026-08-18,0.0
D1,Margalef,2026-08-18,0.0
D2,Vacarisses,2026-08-18,0.0
D3,Vallirana,2026-08-18,0.0
D4,Roses,2026-08-18,0.0
D5,Barcelona - Observatori Fabra,2026-08-18,0.0
D6,Portbou - coll dels Belitres,2026-08-18,0.0
D7,Vinebre,2026-08-18,0.0
D8,Horta de Sant Joan,2026-08-18,0.0
D9,el Vendrell,2026-08-18,0.0
DB,el Perelló,2026-08-18,0.0
DF,la Bisbal d'Empordà,2026-08-18,0.0
DG,Núria (1.971 m),2026-08-18,0.0
DI,Font-rubí,2026-08-18,0.0
DJ,Banyoles,2026-08-18,0.0
DK,Torredembarra,2026-08-18,0.0
DL,Illa de Buda,2026-08-18,0.0
DN,Anglès,2026-08-18,0.0
DO,Castell d'Aro,2026-08-18,0.0
DP,Das - Aeròdrom,2026-08-18,0.0
DQ,Vila-rodona,2026-08-18,0.0
H1,Òdena,2026-08-18,0.0
J5,Pantà de Darnius - Boadella,2026-08-18,0.0
KE,Pantà de Sau,2026-08-18,0.0
KP,Fogars de la Selva,2026-08-18,0.0
KX,la Roca del Vallès - ETAP Cardedeu,2026-08-18,0.0
M6,Sant Joan de les Abadesses,2026-08-18,0.0
MQ,Cardona,2026-08-18,0.0
MR,Pantà de Siurana,2026-08-18,0.0
MS,Castellar de n'Hug - el Clot del Moro,2026-08-18,0.0
MV,Guixers - Valls,2026-08-18,0.0
MW,Navès,2026-08-18,0.0
U2,Sant Pere Pescador,2026-08-18,0.0
U3,Sant Martí Sarroca,2026-08-18,0.0
U4,Castellnou de Bages,2026-08-18,0.0
U6,Vinyols i els Arcs - Cambrils,2026-08-18,0.0
U7,Aldover,2026-08-18,0.0
U9,l'Aldea,2026-08-18,0.0
UA,l'Ametlla de Mar,2026-08-18,0.0
UB,la Tallada d'Empordà,2026-08-18,0.0
UE,Torroella de Montgrí,2026-08-18,0.0
UF,PN del Garraf - el Rascler,2026-08-18,0.1
UH,el Montmell,2026-08-18,0.0
UI,Gisclareny,2026-08-18,0.0
UJ,Santa Coloma de Queralt,2026-08-18,0.2
UK,Sant Pere de Ribes - PN del Garraf,2026-08-18,0.0
UM,la Granadella,2026-08-18,0.0
UN,Cassà de la Selva,2026-08-18,0.0
UO,Fornells de la Selva,2026-08-18,0.0
UP,Cabrils,2026-08-18,0.0
UQ,Dosrius - PN Montnegre Corredor,2026-08-18,0.0
US,les Cases d'Alcanar,2026-08-18,0.0
UU,Amposta,2026-08-18,0.0
UW,els Alfacs,2026-08-18,0.0
UX,Ulldecona - els Valentins,2026-08-18,0.0
UY,Os de Balaguer - el Monestir d'Avellanes,2026-08-18,0.0
V1,Vallfogona de Balaguer,2026-08-18,0.0
V4,Montesquiu,2026-08-18,0.8
V5,Perafita,2026-08-18,0.0
V8,el Poal,2026-08-18,0.0
VA,Ascó,2026-08-18,0.0
VB,Benissanet,2026-08-18,0.0
VC,Pantà de Riba-roja,2026-08-18,0.0
VD,el Canós,2026-08-18,0.0
VH,Gimenells,2026-08-18,0.0
VK,Raimat,2026-08-18,0.0
VM,Vilanova de Segrià,2026-08-18,0.0
VO,Lladurs,2026-08-18,0.0
VP,Pinós,2026-08-18,0.0
VQ,Constantí,2026-08-18,0.0
VS,Lac Redon (2.245 m),2026-08-18,0.0
VU,Rellinars,2026-08-18,0.0
VV,Sant Llorenç Savall,2026-08-18,0.0
VX,Tagamanent - PN del Montseny,2026-08-18,0.0
VY,Nulles,2026-08-18,0.0
VZ,Espolla,2026-08-18,0.0
W1,Castelló d'Empúries,2026-08-18,0.0
W4,Vilafranca del Penedès - la Granada,2026-08-18,0.0
W5,Oliana,2026-08-18,0.0
W8,Blancafort,2026-08-18,0.0
W9,la Vall d'en Bas,2026-08-18,0.0
WA,Oliola,2026-08-18,0.0
WB,Albesa,2026-08-18,0.0
WC,Golmés,2026-08-18,0.0
WG,Algerri,2026-08-18,0.0
WI,Maials,2026-08-18,0.0
WJ,el Masroig,2026-08-18,0.0
WK,Alfarràs,2026-08-18,0.0
WL,Sant Martí de Riucorb,2026-08-18,0.0
WM,Santuari de Queralt,2026-08-18,0.0
WN,Montserrat - Sant Dimes,2026-08-18,0.0
WO,la Bisbal del Penedès,2026-08-18,0.0
WP,Canaletes,2026-08-18,0.0
WQ,Montsec d'Ares (1.571 m),2026-08-18,0.0
WR,Torroja del Priorat,2026-08-18,0.0
WS,Viladrau,2026-08-18,0.2
WT,Malgrat de Mar,2026-08-18,0.0
WU,Badalona - Museu,2026-08-18,0.0
WV,Guardiola de Berguedà,2026-08-18,0.0
WW,Artés,2026-08-18,0.0
WX,Camarasa,2026-08-18,0.0
WZ,Cunit,2026-08-18,0.0
X1,Falset,2026-08-18,0.0
X3,Alguaire,2026-08-18,0.0
X4,Barcelona - el Raval,2026-08-18,0.0
X5,PN dels Ports,2026-08-18,0.0
X6,Baldomar,2026-08-18,0.0
X7,Torres de Segre,2026-08-18,0.0
X8,Barcelona - Zona Universitària,2026-08-18,0.0
X9,Caldes de Montbui,2026-08-18,0.0
XA,la Panadella,2026-08-18,0.2
XB,la Llacuna,2026-08-18,0.0
XC,Castellbisbal,2026-08-18,0.0
XD,Ulldemolins,2026-08-18,0.0
XE,Tarragona - Complex Educatiu,2026-08-18,0.0
XF,Sabadell - Parc Agrari,2026-08-18,0.0
XG,Parets del Vallès,2026-08-18,0.0
XH,Sort,2026-08-18,0.0
XI,Mollerussa,2026-08-18,0.0
XJ,Girona,2026-08-18,0.0
XK,Puig Sesolles (1.666 m),2026-08-18,0.0
XL,el Prat de Llobregat,2026-08-18,0.0
XM,els Alamús,2026-08-18,0.0
XN,Seròs,2026-08-18,0.0
XO,Vic,2026-08-18,0.0
XP,Gandesa,2026-08-18,0.0
XQ,Tremp,2026-08-18,0.0
XR,Prades,2026-08-18,0.0
XS,Santa Coloma de Farners,2026-08-18,0.0
XT,Solsona,2026-08-18,0.0
XU,Canyelles,2026-08-18,0.0
XV,Sant Cugat del Vallès - CAR,2026-08-18,0.0
XX,Anglesola - Tornabous,2026-08-18,0.0
XY,Alcarràs,2026-08-18,0.0
XZ,Torroella de Fluvià,2026-08-18,0.0
Y4,Alinyà,2026-08-18,0.0
Y5,Navata,2026-08-18,0.0
Y6,Tivissa,2026-08-18,0.0
YA,Puigcerdà,2026-08-18,0.0
YB,Olot,2026-08-18,0.0
YC,la Pobla de Segur,2026-08-18,0.0
YD,les Borges Blanques,2026-08-18,0.0
YE,Massoteres,2026-08-18,0.0
YF,Miami Platja,2026-08-18,0.0
YG,Tírvia,2026-08-18,0.0
YH,Pujalt,2026-08-18,0.0
YJ,Lleida - la Femosa,2026-08-18,0.0
YK,Terrassa,2026-08-18,0.0
YL,Riudecanyes,2026-08-18,0.0
YM,Granollers,2026-08-18,0.0
YN,Vielha - Elipòrt,2026-08-18,0.0
YO,Sant Sadurní d'Anoia,2026-08-18,0.0
YP,Palafrugell,2026-08-18,0.0
YQ,Port de Barcelona - ZAL Prat,2026-08-18,0.0
YR,Vilanova i la Geltrú,2026-08-18,0.0
YS,Cabanes,2026-08-18,0.0
YT,Bonabé (1.691 m),2026-08-18,0.0
YU,Cantonigròs,2026-08-18,0.0
YV,Mataró,2026-08-18,0.0
YX,Batea,2026-08-18,0.0
YY,Viladecans - les Filipines,2026-08-18,0.0
Z1,Bonaigua (2.262 m),2026-08-18,0.0
Z2,Boí (2.537 m),2026-08-18,0.0
Z3,Malniu (2.229 m),2026-08-18,0.0
Z5,Certascan (2.398 m),2026-08-18,0.0
Z6,Sasseuva (2.226 m),2026-08-18,0.0
Z7,Espot (2.519 m),2026-08-18,0.0
Z9,Cadí Nord (2.145 m) - Prat d'Aguiló,2026-08-18,0.0
ZB,Salòria (2.451 m),2026-08-18,0.0
ZC,Ulldeter (2.413 m),2026-08-18,0.0
ZE,el Port del Comte (2.288 m),2026-08-18,0.0
C6,Castellnou de Seana,2026-08-19,0.0
C7,Tàrrega,2026-08-19,0.0
C8,Cervera,2026-08-19,0.0
C9,Mas de Barberans,2026-08-19,0.0
CC,Orís,2026-08-19,0.0
CD,la Seu d'Urgell - Bellestar,2026-08-19,0.0
CE,els Hostalets de Pierola,2026-08-19,0.0
CG,Molló - Fabert,2026-08-19,2.4
CI,Sant Pau de Segúries,2026-08-19,0.0
CJ,Organyà,2026-08-19,0.0
CL,Sant Salvador de Guardiola,2026-08-19,0.6
CP,Sant Romà d'Abella,2026-08-19,0.0
CQ,Vilanova de Meià,2026-08-19,0.0
CR,la Quar,2026-08-19,0.0
CT,el Pont de Suert,2026-08-19,3.4
CW,l'Espluga de Francolí,2026-08-19,0.0
CY,Muntanyola,2026-08-19,0.0
D1,Margalef,2026-08-19,0.0
D2,Vacarisses,2026-08-19,0.2
D3,Vallirana,2026-08-19,0.0
D4,Roses,2026-08-19,0.0
D5,Barcelona - Observatori Fabra,2026-08-19,0.0
D6,Portbou - coll dels Belitres,2026-08-19,0.0
D7,Vinebre,2026-08-19,0.0
D8,Horta de Sant Joan,2026-08-19,0.0
D9,el Vendrell,2026-08-19,0.0
DB,el Perelló,2026-08-19,0.0
DF,la Bisbal d'Empordà,2026-08-19,0.0
DG,Núria (1.971 m),2026-08-19,0.0
DI,Font-rubí,2026-08-19,0.0
DJ,Banyoles,2026-08-19,0.0
DK,Torredembarra,2026-08-19,0.0
DL,Illa de Buda,2026-08-19,0.0
DN,Anglès,2026-08-19,0.0
DO,Castell d'Aro,2026-08-19,0.0
DP,Das - Aeròdrom,2026-08-19,0.0
DQ,Vila-rodona,2026-08-19,0.0
H1,Òdena,2026-08-19,0.4
J5,Pantà de Darnius - Boadella,2026-08-19,0.0
KE,Pantà de Sau,2026-08-19,0.0
KP,Fogars de la Selva,2026-08-19,0.0
KX,la Roca del Vallès - ETAP Cardedeu,2026-08-19,0.0
M6,Sant Joan de les Abadesses,2026-08-19,0.0
MQ,Cardona,2026-08-19,0.0
MR,Pantà de Siurana,2026-08-19,0.0
MS,Castellar de n'Hug - el Clot del Moro,2026-08-19,0.0
MV,Guixers - Valls,2026-08-19,0.0
MW,Navès,2026-08-19,0.0
U2,Sant Pere Pescador,2026-08-19,0.0
U3,Sant Martí Sarroca,2026-08-19,0.0
U4,Castellnou de Bages,2026-08-19,0.0
U6,Vinyols i els Arcs - Cambrils,2026-08-19,0.0
U7,Aldover,2026-08-19,0.0
U9,l'Aldea,2026-08-19,0.0
UA,l'Ametlla de Mar,2026-08-19,0.0
UB,la Tallada d'Empordà,2026-08-19,0.0
UE,Torroella de Montgrí,2026-08-19,0.0
UF,PN del Garraf - el Rascler,2026-08-19,0.1
UH,el Montmell,2026-08-19,0.0
UI,Gisclareny,2026-08-19,0.0
UJ,Santa Coloma de Queralt,2026-08-19,1.7
UK,Sant Pere de Ribes - PN del Garraf,2026-08-19,0.0
UM,la Granadella,2026-08-19,0.0
UN,Cassà de la Selva,2026-08-19,0.0
UO,Fornells de la Selva,2026-08-19,0.0
UP,Cabrils,2026-08-19,0.0
UQ,Dosrius - PN Montnegre Corredor,2026-08-19,0.0
US,les Cases d'Alcanar,2026-08-19,0.0
UU,Amposta,2026-08-19,0.0
UW,els Alfacs,2026-08-19,0.0
UX,Ulldecona - els Valentins,2026-08-19,0.0
UY,Os de Balaguer - el Monestir d'Avellanes,2026-08-19,0.0
V1,Vallfogona de Balaguer,2026-08-19,0.0
V4,Montesquiu,2026-08-19,0.0
V5,Perafita,2026-08-19,0.0
V8,el Poal,2026-08-19,0.0
VA,Ascó,2026-08-19,0.0
VB,Benissanet,2026-08-19,0.0
VC,Pantà de Riba-roja,2026-08-19,0.0
VD,el Canós,2026-08-19,0.0
VH,Gimenells,2026-08-19,0.0
VK,Raimat,2026-08-19,0.0
VM,Vilanova de Segrià,2026-08-19,0.0
VO,Lladurs,2026-08-19,0.0
VP,Pinós,2026-08-19,0.1
VQ,Constantí,2026-08-19,0.0
VS,Lac Redon (2.245 m),2026-08-19,11.2
VU,Rellinars,2026-08-19,0.0
VV,Sant Llorenç Savall,2026-08-19,0.0
VX,Tagamanent - PN del Montseny,2026-08-19,3.1
VY,Nulles,2026-08-19,0.0
VZ,Espolla,2026-08-19,0.0
W1,Castelló d'Empúries,2026-08-19,0.0
W4,Vilafranca del Penedès - la Granada,2026-08-19,0.0
W5,Oliana,2026-08-19,0.0
W8,Blancafort,2026-08-19,0.0
W9,la Vall d'en Bas,2026-08-19,0.0
WA,Oliola,2026-08-19,0.0
WB,Albesa,2026-08-19,0.0
WC,Golmés,2026-08-19,0.0
WG,Algerri,2026-08-19,0.0
WI,Maials,2026-08-19,0.0
WJ,el Masroig,2026-08-19,0.0
WK,Alfarràs,2026-08-19,0.0
WL,Sant Martí de Riucorb,2026-08-19,0.0
WM,Santuari de Queralt,2026-08-19,0.0
WN,Montserrat - Sant Dimes,2026-08-19,0.0
WO,la Bisbal del Penedès,2026-08-19,0.0
WP,Canaletes,2026-08-19,0.0
WQ,Montsec d'Ares (1.571 m),2026-08-19,0.0
WR,Torroja del Priorat,2026-08-19,0.0
WS,Viladrau,2026-08-19,0.6
WT,Malgrat de Mar,2026-08-19,0.0
WU,Badalona - Museu,2026-08-19,0.0
WV,Guardiola de Berguedà,2026-08-19,0.0
WW,Artés,2026-08-19,0.2
WX,Camarasa,2026-08-19,0.0
WZ,Cunit,2026-08-19,0.0
X1,Falset,2026-08-19,0.0
X3,Alguaire,2026-08-19,0.0
X4,Barcelona - el Raval,2026-08-19,0.0
X5,PN dels Ports,2026-08-19,1.7
X6,Baldomar,2026-08-19,0.0
X7,Torres de Segre,2026-08-19,0.0
X8,Barcelona - Zona Universitària,2026-08-19,0.0
X9,Caldes de Montbui,2026-08-19,0.0
XA,la Panadella,2026-08-19,0.0
XB,la Llacuna,2026-08-19,0.0
XC,Castellbisbal,2026-08-19,0.0
XD,Ulldemolins,2026-08-19,0.0
XE,Tarragona - Complex Educatiu,2026-08-19,0.0
XF,Sabadell - Parc Agrari,2026-08-19,0.0
XG,Parets del Vallès,2026-08-19,0.0
XH,Sort,2026-08-19,0.2
XI,Mollerussa,2026-08-19,0.0
XJ,Girona,2026-08-19,0.0
XK,Puig Sesolles (1.666 m),2026-08-19,0.3
XL,el Prat de Llobregat,2026-08-19,0.0
XM,els Alamús,2026-08-19,0.0
XN,Seròs,2026-08-19,0.0
XO,Vic,2026-08-19,0.0
XP,Gandesa,2026-08-19,0.0
XQ,Tremp,2026-08-19,0.0
XR,Prades,2026-08-19,0.0
XS,Santa Coloma de Farners,2026-08-19,0.1
XT,Solsona,2026-08-19,0.0
XU,Canyelles,2026-08-19,0.0
XV,Sant Cugat del Vallès - CAR,2026-08-19,0.0
XX,Anglesola - Tornabous,2026-08-19,0.0
XY,Alcarràs,2026-08-19,0.0
XZ,Torroella de Fluvià,2026-08-19,0.0
Y4,Alinyà,2026-08-19,0.0
Y5,Navata,2026-08-19,0.0
Y6,Tivissa,2026-08-19,0.0
YA,Puigcerdà,2026-08-19,0.0
YB,Olot,2026-08-19,0.0
YC,la Pobla de Segur,2026-08-19,0.0
YD,les Borges Blanques,2026-08-19,0.0
YE,Massoteres,2026-08-19,0.0
YF,Miami Platja,2026-08-19,0.0
YG,Tírvia,2026-08-19,2.9
YH,Pujalt,2026-08-19,0.0
YJ,Lleida - la Femosa,2026-08-19,0.0
YK,Terrassa,2026-08-19,0.0
YL,Riudecanyes,2026-08-19,0.0
YM,Granollers,2026-08-19,0.0
YN,Vielha - Elipòrt,2026-08-19,17.8
YO,Sant Sadurní d'Anoia,2026-08-19,0.0
YP,Palafrugell,2026-08-19,0.0
YQ,Port de Barcelona - ZAL Prat,2026-08-19,0.0
YR,Vilanova i la Geltrú,2026-08-19,0.0
YS,Cabanes,2026-08-19,0.0
YT,Bonabé (1.691 m),2026-08-19,9.9
YU,Cantonigròs,2026-08-19,0.0
YV,Mataró,2026-08-19,0.0
YX,Batea,2026-08-19,0.0
YY,Viladecans - les Filipines,2026-08-19,0.0
Z1,Bonaigua (2.262 m),2026-08-19,13.0
Z2,Boí (2.537 m),2026-08-19,5.4
Z3,Malniu (2.229 m),2026-08-19,0.0
Z5,Certascan (2.398 m),2026-08-19,5.4
Z6,Sasseuva (2.226 m),2026-08-19,8.3
Z7,Espot (2.519 m),2026-08-19,6.4
Z9,Cadí Nord (2.145 m) - Prat d'Aguiló,2026-08-19,0.0
ZB,Salòria (2.451 m),2026-08-19,1.4
ZC,Ulldeter (2.413 m),2026-08-19,0.0
ZE,el Port del Comte (2.288 m),2026-08-19,0.0
C6,Castellnou de Seana,2026-08-20,10.6
C7,Tàrrega,2026-08-20,4.3
C8,Cervera,2026-08-20,9.3
C9,Mas de Barberans,2026-08-20,0.7
CC,Orís,2026-08-20,0.2
CD,la Seu d'Urgell - Bellestar,2026-08-20,1.8
CE,els Hostalets de Pierola,2026-08-20,17.5
CG,Molló - Fabert,2026-08-20,0.7
CI,Sant Pau de Segúries,2026-08-20,0.1
CJ,Organyà,2026-08-20,3.8
CL,Sant Salvador de Guardiola,2026-08-20,3.7
CP,Sant Romà d'Abella,2026-08-20,0.9
CQ,Vilanova de Meià,2026-08-20,1.2
CR,la Quar,2026-08-20,1.5
CT,el Pont de Suert,2026-08-20,16.8
CW,l'Espluga de Francolí,2026-08-20,0.0
CY,Muntanyola,2026-08-20,5.4
D1,Margalef,2026-08-20,0.0
D2,Vacarisses,2026-08-20,17.4
D3,Vallirana,2026-08-20,1.7
D4,Roses,2026-08-20,0.0
D5,Barcelona - Observatori Fabra,2026-08-20,5.0
D6,Portbou - coll dels Belitres,2026-08-20,0.0
D7,Vinebre,2026-08-20,0.0
D8,Horta de Sant Joan,2026-08-20,1.4
D9,el Vendrell,2026-08-20,1.3
DB,el Perelló,2026-08-20,0.0
DF,la Bisbal d'Empordà,2026-08-20,2.6
DG,Núria (1.971 m),2026-08-20,8.5
DI,Font-rubí,2026-08-20,1.1
DJ,Banyoles,2026-08-20,7.0
DK,Torredembarra,2026-08-20,0.7
DL,Illa de Buda,2026-08-20,0.0
DN,Anglès,2026-08-20,14.4
DO,Castell d'Aro,2026-08-20,0.4
DP,Das - Aeròdrom,2026-08-20,1.9
DQ,Vila-rodona,2026-08-20,4.9
H1,Òdena,2026-08-20,1.2
J5,Pantà de Darnius - Boadella,2026-08-20,0.3
KE,Pantà de Sau,2026-08-20,0.5
KP,Fogars de la Selva,2026-08-20,2.1
KX,la Roca del Vallès - ETAP Cardedeu,2026-08-20,11.1
M6,Sant Joan de les Abadesses,2026-08-20,0.2
MQ,Cardona,2026-08-20,0.7
MR,Pantà de Siurana,2026-08-20,0.0
MS,Castellar de n'Hug - el Clot del Moro,2026-08-20,0.6
MV,Guixers - Valls,2026-08-20,0.8
MW,Navès,2026-08-20,0.2
U2,Sant Pere Pescador,2026-08-20,1.3
U3,Sant Martí Sarroca,2026-08-20,3.9
U4,Castellnou de Bages,2026-08-20,1.0
U6,Vinyols i els Arcs - Cambrils,2026-08-20,0.3
U7,Aldover,2026-08-20,0.5
U9,l'Aldea,2026-08-20,0.0
UA,l'Ametlla de Mar,2026-08-20,0.0
UB,la Tallada d'Empordà,2026-08-20,7.0
UE,Torroella de Montgrí,2026-08-20,1.9
UF,PN del Garraf - el Rascler,2026-08-20,1.1
UH,el Montmell,2026-08-20,10.5
UI,Gisclareny,2026-08-20,1.0
UJ,Santa Coloma de Queralt,2026-08-20,1.5
UK,Sant Pere de Ribes - PN del Garraf,2026-08-20,0.8
UM,la Granadella,2026-08-20,0.0
UN,Cassà de la Selva,2026-08-20,1.3
UO,Fornells de la Selva,2026-08-20,0.8
UP,Cabrils,2026-08-20,2.9
UQ,Dosrius - PN Montnegre Corredor,2026-08-20,8.6
US,les Cases d'Alcanar,2026-08-20,1.0
UU,Amposta,2026-08-20,0.0
UW,els Alfacs,2026-08-20,0.4
UX,Ulldecona - els Valentins,2026-08-20,1.1
UY,Os de Balaguer - el Monestir d'Avellanes,2026-08-20,3.7
V1,Vallfogona de Balaguer,2026-08-20,2.3
V4,Montesquiu,2026-08-20,0.0
V5,Perafita,2026-08-20,0.0
V8,el Poal,2026-08-20,1.3
VA,Ascó,2026-08-20,10.3
VB,Benissanet,2026-08-20,0.0
VC,Pantà de Riba-roja,2026-08-20,0.4
VD,el Canós,2026-08-20,11.9
VH,Gimenells,2026-08-20,1.1
VK,Raimat,2026-08-20,0.1
VM,Vilanova de Segrià,2026-08-20,1.0
VO,Lladurs,2026-08-20,1.2
VP,Pinós,2026-08-20,8.5
VQ,Constantí,2026-08-20,0.0
VS,Lac Redon (2.245 m),2026-08-20,34.7
VU,Rellinars,2026-08-20,13.9
VV,Sant Llorenç Savall,2026-08-20,12.6
VX,Tagamanent - PN del Montseny,2026-08-20,3.6
VY,Nulles,2026-08-20,0.1
VZ,Espolla,2026-08-20,0.1
W1,Castelló d'Empúries,2026-08-20,1.6
W4,Vilafranca del Penedès - la Granada,2026-08-20,1.0
W5,Oliana,2026-08-20,0.0
W8,Blancafort,2026-08-20,0.0
W9,la Vall d'en Bas,2026-08-20,0.5
WA,Oliola,2026-08-20,2.2
WB,Albesa,2026-08-20,4.9
WC,Golmés,2026-08-20,5.6
WG,Algerri,2026-08-20,5.1
WI,Maials,2026-08-20,0.8
WJ,el Masroig,2026-08-20,0.0
WK,Alfarràs,2026-08-20,0.4
WL,Sant Martí de Riucorb,2026-08-20,0.3
WM,Santuari de Queralt,2026-08-20,2.1
WN,Montserrat - Sant Dimes,2026-08-20,13.6
WO,la Bisbal del Penedès,2026-08-20,7.1
WP,Canaletes,2026-08-20,1.3
WQ,Montsec d'Ares (1.571 m),2026-08-20,4.2
WR,Torroja del Priorat,2026-08-20,0.0
WS,Viladrau,2026-08-20,2.7
WT,Malgrat de Mar,2026-08-20,9.1
WU,Badalona - Museu,2026-08-20,2.1
WV,Guardiola de Berguedà,2026-08-20,1.0
WW,Artés,2026-08-20,16.6
WX,Camarasa,2026-08-20,2.5
WZ,Cunit,2026-08-20,5.9
X1,Falset,2026-08-20,0.0
X3,Alguaire,2026-08-20,0.2
X4,Barcelona - el Raval,2026-08-20,1.6
X5,PN dels Ports,2026-08-20,3.0
X6,Baldomar,2026-08-20,0.6
X7,Torres de Segre,2026-08-20,0.6
X8,Barcelona - Zona Universitària,2026-08-20,2.3
X9,Caldes de Montbui,2026-08-20,11.3
XA,la Panadella,2026-08-20,1.7
XB,la Llacuna,2026-08-20,2.2
XC,Castellbisbal,2026-08-20,0.4
XD,Ulldemolins,2026-08-20,0.0
XE,Tarragona - Complex Educatiu,2026-08-20,0.0
XF,Sabadell - Parc Agrari,2026-08-20,21.9
XG,Parets del Vallès,2026-08-20,14.8
XH,Sort,2026-08-20,6.5
XI,Mollerussa,2026-08-20,0.1
XJ,Girona,2026-08-20,1.3
XK,Puig Sesolles (1.666 m),2026-08-20,2.2
XL,el Prat de Llobregat,2026-08-20,1.2
XM,els Alamús,2026-08-20,0.3
XN,Seròs,2026-08-20,1.6
XO,Vic,2026-08-20,0.8
XP,Gandesa,2026-08-20,0.0
XQ,Tremp,2026-08-20,4.7
XR,Prades,2026-08-20,0.0
XS,Santa Coloma de Farners,2026-08-20,4.5
XT,Solsona,2026-08-20,0.6
XU,Canyelles,2026-08-20,1.7
XV,Sant Cugat del Vallès - CAR,2026-08-20,1.6
XX,Anglesola - Tornabous,2026-08-20,7.6
XY,Alcarràs,2026-08-20,1.2
XZ,Torroella de Fluvià,2026-08-20,3.6
Y4,Alinyà,2026-08-20,2.3
Y5,Navata,2026-08-20,0.6
Y6,Tivissa,2026-08-20,0.0
YA,Puigcerdà,2026-08-20,1.7
YB,Olot,2026-08-20,0.7
YC,la Pobla de Segur,2026-08-20,12.7
YD,les Borges Blanques,2026-08-20,0.4
YE,Massoteres,2026-08-20,2.4
YF,Miami Platja,2026-08-20,0.0
YG,Tírvia,2026-08-20,5.1
YH,Pujalt,2026-08-20,19.1
YJ,Lleida - la Femosa,2026-08-20,0.8
YK,Terrassa,2026-08-20,19.9
YL,Riudecanyes,2026-08-20,0.0
YM,Granollers,2026-08-20,9.6
YN,Vielha - Elipòrt,2026-08-20,19.0
YO,Sant Sadurní d'Anoia,2026-08-20,0.4
YP,Palafrugell,2026-08-20,0.4
YQ,Port de Barcelona - ZAL Prat,2026-08-20,1.9
YR,Vilanova i la Geltrú,2026-08-20,7.0
YS,Cabanes,2026-08-20,0.1
YT,Bonabé (1.691 m),2026-08-20,27.6
YU,Cantonigròs,2026-08-20,0.1
YV,Mataró,2026-08-20,8.1
YX,Batea,2026-08-20,1.6
YY,Viladecans - les Filipines,2026-08-20,0.7
Z1,Bonaigua (2.262 m),2026-08-20,34.0
Z2,Boí (2.537 m),2026-08-20,37.0
Z3,Malniu (2.229 m),2026-08-20,1.2
Z5,Certascan (2.398 m),2026-08-20,15.8
Z6,Sasseuva (2.226 m),2026-08-20,21.4
Z7,Espot (2.519 m),2026-08-20,17.4
Z9,Cadí Nord (2.145 m) - Prat d'Aguiló,2026-08-20,18.7
ZB,Salòria (2.451 m),2026-08-20,13.9
ZC,Ulldeter (2.413 m),2026-08-20,4.6
ZE,el Port del Comte (2.288 m),2026-08-20,6.4
C6,Castellnou de Seana,2026-08-21,0.0
C7,Tàrrega,2026-08-21,0.0
C8,Cervera,2026-08-21,0.0
C9,Mas de Barberans,2026-08-21,0.0
CC,Orís,2026-08-21,5.5
CD,la Seu d'Urgell - Bellestar,2026-08-21,0.4
CE,els Hostalets de Pierola,2026-08-21,1.2
CG,Molló - Fabert,2026-08-21,0.1
CI,Sant Pau de Segúries,2026-08-21,0.0
CJ,Organyà,2026-08-21,0.2
CL,Sant Salvador de Guardiola,2026-08-21,0.4
CP,Sant Romà d'Abella,2026-08-21,0.1
CQ,Vilanova de Meià,2026-08-21,0.0
CR,la Quar,2026-08-21,0.5
CT,el Pont de Suert,2026-08-21,0.0
CW,l'Espluga de Francolí,2026-08-21,0.0
CY,Muntanyola,2026-08-21,0.0
D1,Margalef,2026-08-21,0.0
D2,Vacarisses,2026-08-21,0.8
D3,Vallirana,2026-08-21,0.7
D4,Roses,2026-08-21,7.3
D5,Barcelona - Observatori Fabra,2026-08-21,1.3
D6,Portbou - coll dels Belitres,2026-08-21,10.4
D7,Vinebre,2026-08-21,0.0
D8,Horta de Sant Joan,2026-08-21,0.0
D9,el Vendrell,2026-08-21,16.1
DB,el Perelló,2026-08-21,0.0
DF,la Bisbal d'Empordà,2026-08-21,0.0
DG,Núria (1.971 m),2026-08-21,0.7
DI,Font-rubí,2026-08-21,0.2
DJ,Banyoles,2026-08-21,14.8
DK,Torredembarra,2026-08-21,24.1
DL,Illa de Buda,2026-08-21,0.0
DN,Anglès,2026-08-21,14.6
DO,Castell d'Aro,2026-08-21,0.0
DP,Das - Aeròdrom,2026-08-21,3.5
DQ,Vila-rodona,2026-08-21,0.0
H1,Òdena,2026-08-21,0.5
J5,Pantà de Darnius - Boadella,2026-08-21,13.9
KE,Pantà de Sau,2026-08-21,0.0
KP,Fogars de la Selva,2026-08-21,0.1
KX,la Roca del Vallès - ETAP Cardedeu,2026-08-21,0.0
M6,Sant Joan de les Abadesses,2026-08-21,0.0
MQ,Cardona,2026-08-21,0.5
MR,Pantà de Siurana,2026-08-21,0.0
MS,Castellar de n'Hug - el Clot del Moro,2026-08-21,0.6
MV,Guixers - Valls,2026-08-21,0.1
MW,Navès,2026-08-21,0.2
U2,Sant Pere Pescador,2026-08-21,10.2
U3,Sant Martí Sarroca,2026-08-21,0.5
U4,Castellnou de Bages,2026-08-21,0.2
U6,Vinyols i els Arcs - Cambrils,2026-08-21,0.0
U7,Aldover,2026-08-21,0.0
U9,l'Aldea,2026-08-21,0.0
UA,l'Ametlla de Mar,2026-08-21,0.0
UB,la Tallada d'Empordà,2026-08-21,0.8
UE,Torroella de Montgrí,2026-08-21,0.1
UF,PN del Garraf - el Rascler,2026-08-21,4.2
UH,el Montmell,2026-08-21,0.0
UI,Gisclareny,2026-08-21,1.0
UJ,Santa Coloma de Queralt,2026-08-21,0.0
UK,Sant Pere de Ribes - PN del Garraf,2026-08-21,6.8
UM,la Granadella,2026-08-21,0.0
UN,Cassà de la Selva,2026-08-21,0.0
UO,Fornells de la Selva,2026-08-21,1.4
UP,Cabrils,2026-08-21,0.3
UQ,Dosrius - PN Montnegre Corredor,2026-08-21,0.0
US,les Cases d'Alcanar,2026-08-21,0.0
UU,Amposta,2026-08-21,0.0
UW,els Alfacs,2026-08-21,0.0
UX,Ulldecona - els Valentins,2026-08-21,0.0
UY,Os de Balaguer - el Monestir d'Avellanes,2026-08-21,0.0
V1,Vallfogona de Balaguer,2026-08-21,0.0
V4,Montesquiu,2026-08-21,0.3
V5,Perafita,2026-08-21,7.0
V8,el Poal,2026-08-21,0.0
VA,Ascó,2026-08-21,0.0
VB,Benissanet,2026-08-21,0.0
VC,Pantà de Riba-roja,2026-08-21,0.0
VD,el Canós,2026-08-21,0.0
VH,Gimenells,2026-08-21,0.0
VK,Raimat,2026-08-21,0.0
VM,Vilanova de Segrià,2026-08-21,0.0
VO,Lladurs,2026-08-21,0.0
VP,Pinós,2026-08-21,0.0
VQ,Constantí,2026-08-21,0.0
VS,Lac Redon (2.245 m),2026-08-21,0.0
VU,Rellinars,2026-08-21,1.1
VV,Sant Llorenç Savall,2026-08-21,0.5
VX,Tagamanent - PN del Montseny,2026-08-21,0.1
VY,Nulles,2026-08-21,0.0
VZ,Espolla,2026-08-21,6.5
W1,Castelló d'Empúries,2026-08-21,20.6
W4,Vilafranca del Penedès - la Granada,2026-08-21,2.1
W5,Oliana,2026-08-21,0.0
W8,Blancafort,2026-08-21,0.0
W9,la Vall d'en Bas,2026-08-21,0.1
WA,Oliola,2026-08-21,0.0
WB,Albesa,2026-08-21,0.1
WC,Golmés,2026-08-21,0.0
WG,Algerri,2026-08-21,0.0
WI,Maials,2026-08-21,0.0
WJ,el Masroig,2026-08-21,0.0
WK,Alfarràs,2026-08-21,0.0
WL,Sant Martí de Riucorb,2026-08-21,0.0
WM,Santuari de Queralt,2026-08-21,0.5
WN,Montserrat - Sant Dimes,2026-08-21,1.1
WO,la Bisbal del Penedès,2026-08-21,0.0
WP,Canaletes,2026-08-21,0.9
WQ,Montsec d'Ares (1.571 m),2026-08-21,0.0
WR,Torroja del Priorat,2026-08-21,0.0
WS,Viladrau,2026-08-21,0.0
WT,Malgrat de Mar,2026-08-21,0.0
WU,Badalona - Museu,2026-08-21,0.5
WV,Guardiola de Berguedà,2026-08-21,0.5
WW,Artés,2026-08-21,0.1
WX,Camarasa,2026-08-21,0.0
WZ,Cunit,2026-08-21,2.4
X1,Falset,2026-08-21,0.0
X3,Alguaire,2026-08-21,0.0
X4,Barcelona - el Raval,2026-08-21,1.5
X5,PN dels Ports,2026-08-21,0.1
X6,Baldomar,2026-08-21,0.0
X7,Torres de Segre,2026-08-21,0.0
X8,Barcelona - Zona Universitària,2026-08-21,2.2
X9,Caldes de Montbui,2026-08-21,0.2
XA,la Panadella,2026-08-21,0.1
XB,la Llacuna,2026-08-21,0.1
XC,Castellbisbal,2026-08-21,1.0
XD,Ulldemolins,2026-08-21,0.0
XE,Tarragona - Complex Educatiu,2026-08-21,0.0
XF,Sabadell - Parc Agrari,2026-08-21,0.7
XG,Parets del Vallès,2026-08-21,0.1
XH,Sort,2026-08-21,0.5
XI,Mollerussa,2026-08-21,0.0
XJ,Girona,2026-08-21,0.4
XK,Puig Sesolles (1.666 m),2026-08-21,0.1
XL,el Prat de Llobregat,2026-08-21,1.4
XM,els Alamús,2026-08-21,0.1
XN,Seròs,2026-08-21,0.0
XO,Vic,2026-08-21,0.0
XP,Gandesa,2026-08-21,0.0
XQ,Tremp,2026-08-21,0.0
XR,Prades,2026-08-21,0.0
XS,Santa Coloma de Farners,2026-08-21,0.5
XT,Solsona,2026-08-21,0.1
XU,Canyelles,2026-08-21,4.4
XV,Sant Cugat del Vallès - CAR,2026-08-21,0.9
XX,Anglesola - Tornabous,2026-08-21,0.0
XY,Alcarràs,2026-08-21,0.0
XZ,Torroella de Fluvià,2026-08-21,9.5
Y4,Alinyà,2026-08-21,0.0
Y5,Navata,2026-08-21,22.9
Y6,Tivissa,2026-08-21,0.0
YA,Puigcerdà,2026-08-21,3.2
YB,Olot,2026-08-21,0.1
YC,la Pobla de Segur,2026-08-21,0.2
YD,les Borges Blanques,2026-08-21,0.0
YE,Massoteres,2026-08-21,0.0
YF,Miami Platja,2026-08-21,0.0
YG,Tírvia,2026-08-21,1.1
YH,Pujalt,2026-08-21,0.1
YJ,Lleida - la Femosa,2026-08-21,0.0
YK,Terrassa,2026-08-21,0.6
YL,Riudecanyes,2026-08-21,0.0
YM,Granollers,2026-08-21,0.1
YN,Vielha - Elipòrt,2026-08-21,0.1
YO,Sant Sadurní d'Anoia,2026-08-21,1.3
YP,Palafrugell,2026-08-21,8.2
YQ,Port de Barcelona - ZAL Prat,2026-08-21,0.7
YR,Vilanova i la Geltrú,2026-08-21,0.8
YS,Cabanes,2026-08-21,14.1
YT,Bonabé (1.691 m),2026-08-21,1.6
YU,Cantonigròs,2026-08-21,2.5
YV,Mataró,2026-08-21,0.4
YX,Batea,2026-08-21,0.0
YY,Viladecans - les Filipines,2026-08-21,1.0
Z1,Bonaigua (2.262 m),2026-08-21,1.0
Z2,Boí (2.537 m),2026-08-21,0.0
Z3,Malniu (2.229 m),2026-08-21,5.0
Z5,Certascan (2.398 m),2026-08-21,1.3
Z6,Sasseuva (2.226 m),2026-08-21,1.9
Z7,Espot (2.519 m),2026-08-21,0.7
Z9,Cadí Nord (2.145 m) - Prat d'Aguiló,2026-08-21,3.2
ZB,Salòria (2.451 m),2026-08-21,1.0
ZC,Ulldeter (2.413 m),2026-08-21,0.0
ZE,el Port del Comte (2.288 m),2026-08-21,0.8
C6,Castellnou de Seana,2026-08-22,0.0
C7,Tàrrega,2026-08-22,0.0
C8,Cervera,2026-08-22,0.0
C9,Mas de Barberans,2026-08-22,6.4
CC,Orís,2026-08-22,0.1
CD,la Seu d'Urgell - Bellestar,2026-08-22,0.0
CE,els Hostalets de Pierola,2026-08-22,0.1
CG,Molló - Fabert,2026-08-22,0.0
CI,Sant Pau de Segúries,2026-08-22,0.0
CJ,Organyà,2026-08-22,1.3
CL,Sant Salvador de Guardiola,2026-08-22,0.0
CP,Sant Romà d'Abella,2026-08-22,0.2
CQ,Vilanova de Meià,2026-08-22,0.2
CR,la Quar,2026-08-22,1.0
CT,el Pont de Suert,2026-08-22,0.1
CW,l'Espluga de Francolí,2026-08-22,0.0
CY,Muntanyola,2026-08-22,0.0
D1,Margalef,2026-08-22,0.0
D2,Vacarisses,2026-08-22,0.0
D3,Vallirana,2026-08-22,0.1
D4,Roses,2026-08-22,0.0
D5,Barcelona - Observatori Fabra,2026-08-22,0.0
D6,Portbou - coll dels Belitres,2026-08-22,0.0
D7,Vinebre,2026-08-22,0.0
D8,Horta de Sant Joan,2026-08-22,0.0
D9,el Vendrell,2026-08-22,129.4
DB,el Perelló,2026-08-22,3.7
DF,la Bisbal d'Empordà,2026-08-22,0.0
DG,Núria (1.971 m),2026-08-22,0.0
DI,Font-rubí,2026-08-22,3.9
DJ,Banyoles,2026-08-22,0.0
DK,Torredembarra,2026-08-22,112.7
DL,Illa de Buda,2026-08-22,1.2
DN,Anglès,2026-08-22,0.0
DO,Castell d'Aro,2026-08-22,0.0
DP,Das - Aeròdrom,2026-08-22,0.0
DQ,Vila-rodona,2026-08-22,2.7
H1,Òdena,2026-08-22,0.0
J5,Pantà de Darnius - Boadella,2026-08-22,0.0
KE,Pantà de Sau,2026-08-22,0.0
KP,Fogars de la Selva,2026-08-22,0.0
KX,la Roca del Vallès - ETAP Cardedeu,2026-08-22,0.0
M6,Sant Joan de les Abadesses,2026-08-22,0.0
MQ,Cardona,2026-08-22,0.0
MR,Pantà de Siurana,2026-08-22,0.0
MS,Castellar de n'Hug - el Clot del Moro,2026-08-22,0.0
MV,Guixers - Valls,2026-08-22,2.8
MW,Navès,2026-08-22,0.0
U2,Sant Pere Pescador,2026-08-22,0.0
U3,Sant Martí Sarroca,2026-08-22,15.0
U4,Castellnou de Bages,2026-08-22,0.0
U6,Vinyols i els Arcs - Cambrils,2026-08-22,23.4
U7,Aldover,2026-08-22,0.2
U9,l'Aldea,2026-08-22,1.3
UA,l'Ametlla de Mar,2026-08-22,1.1
UB,la Tallada d'Empordà,2026-08-22,0.0
UE,Torroella de Montgrí,2026-08-22,0.0
UF,PN del Garraf - el Rascler,2026-08-22,1.1
UH,el Montmell,2026-08-22,12.2
UI,Gisclareny,2026-08-22,0.1
UJ,Santa Coloma de Queralt,2026-08-22,0.0
UK,Sant Pere de Ribes - PN del Garraf,2026-08-22,2.7
UM,la Granadella,2026-08-22,0.0
UN,Cassà de la Selva,2026-08-22,0.1
UO,Fornells de la Selva,2026-08-22,0.0
UP,Cabrils,2026-08-22,0.0
UQ,Dosrius - PN Montnegre Corredor,2026-08-22,0.2
US,les Cases d'Alcanar,2026-08-22,23.4
UU,Amposta,2026-08-22,0.0
UW,els Alfacs,2026-08-22,0.8
UX,Ulldecona - els Valentins,2026-08-22,3.7
UY,Os de Balaguer - el Monestir d'Avellanes,2026-08-22,0.0
V1,Vallfogona de Balaguer,2026-08-22,0.0
V4,Montesquiu,2026-08-22,0.5
V5,Perafita,2026-08-22,0.4
V8,el Poal,2026-08-22,0.0
VA,Ascó,2026-08-22,0.0
VB,Benissanet,2026-08-22,0.0
VC,Pantà de Riba-roja,2026-08-22,0.0
VD,el Canós,2026-08-22,0.0
VH,Gimenells,2026-08-22,0.0
VK,Raimat,2026-08-22,0.0
VM,Vilanova de Segrià,2026-08-22,0.0
VO,Lladurs,2026-08-22,5.8
VP,Pinós,2026-08-22,0.0
VQ,Constantí,2026-08-22,3.6
VS,Lac Redon (2.245 m),2026-08-22,0.0
VU,Rellinars,2026-08-22,0.0
VV,Sant Llorenç Savall,2026-08-22,0.0
VX,Tagamanent - PN del Montseny,2026-08-22,0.5
VY,Nulles,2026-08-22,3.1
VZ,Espolla,2026-08-22,0.0
W1,Castelló d'Empúries,2026-08-22,0.0
W4,Vilafranca del Penedès - la Granada,2026-08-22,1.8
W5,Oliana,2026-08-22,2.1
W8,Blancafort,2026-08-22,0.0
W9,la Vall d'en Bas,2026-08-22,0.0
WA,Oliola,2026-08-22,0.4
WB,Albesa,2026-08-22,0.0
WC,Golmés,2026-08-22,0.0
WG,Algerri,2026-08-22,0.0
WI,Maials,2026-08-22,0.0
WJ,el Masroig,2026-08-22,0.0
WK,Alfarràs,2026-08-22,0.0
WL,Sant Martí de Riucorb,2026-08-22,0.4
WM,Santuari de Queralt,2026-08-22,3.0
WN,Montserrat - Sant Dimes,2026-08-22,0.0
WO,la Bisbal del Penedès,2026-08-22,38.2
WP,Canaletes,2026-08-22,0.2
WQ,Montsec d'Ares (1.571 m),2026-08-22,0.0
WR,Torroja del Priorat,2026-08-22,0.0
WS,Viladrau,2026-08-22,0.8
WT,Malgrat de Mar,2026-08-22,0.0
WU,Badalona - Museu,2026-08-22,0.0
WV,Guardiola de Berguedà,2026-08-22,0.0
WW,Artés,2026-08-22,0.0
WX,Camarasa,2026-08-22,0.0
WZ,Cunit,2026-08-22,15.2
X1,Falset,2026-08-22,0.0
X3,Alguaire,2026-08-22,0.0
X4,Barcelona - el Raval,2026-08-22,0.0
X5,PN dels Ports,2026-08-22,9.9
X6,Baldomar,2026-08-22,0.0
X7,Torres de Segre,2026-08-22,0.0
X8,Barcelona - Zona Universitària,2026-08-22,0.0
X9,Caldes de Montbui,2026-08-22,0.1
XA,la Panadella,2026-08-22,0.8
XB,la Llacuna,2026-08-22,0.0
XC,Castellbisbal,2026-08-22,0.1
XD,Ulldemolins,2026-08-22,0.0
XE,Tarragona - Complex Educatiu,2026-08-22,48.8
XF,Sabadell - Parc Agrari,2026-08-22,0.2
XG,Parets del Vallès,2026-08-22,0.3
XH,Sort,2026-08-22,0.0
XI,Mollerussa,2026-08-22,0.0
XJ,Girona,2026-08-22,0.0
XK,Puig Sesolles (1.666 m),2026-08-22,0.9
XL,el Prat de Llobregat,2026-08-22,0.0
XM,els Alamús,2026-08-22,0.0
XN,Seròs,2026-08-22,0.0
XO,Vic,2026-08-22,0.0
XP,Gandesa,2026-08-22,0.2
XQ,Tremp,2026-08-22,0.0
XR,Prades,2026-08-22,0.0
XS,Santa Coloma de Farners,2026-08-22,0.3
XT,Solsona,2026-08-22,0.3
XU,Canyelles,2026-08-22,5.4
XV,Sant Cugat del Vallès - CAR,2026-08-22,0.0
XX,Anglesola - Tornabous,2026-08-22,0.0
XY,Alcarràs,2026-08-22,0.0
XZ,Torroella de Fluvià,2026-08-22,0.0
Y4,Alinyà,2026-08-22,1.4
Y5,Navata,2026-08-22,0.0
Y6,Tivissa,2026-08-22,0.0
YA,Puigcerdà,2026-08-22,0.0
YB,Olot,2026-08-22,0.0
YC,la Pobla de Segur,2026-08-22,0.0
YD,les Borges Blanques,2026-08-22,0.0
YE,Massoteres,2026-08-22,0.0
YF,Miami Platja,2026-08-22,5.1
YG,Tírvia,2026-08-22,0.0
YH,Pujalt,2026-08-22,0.1
YJ,Lleida - la Femosa,2026-08-22,0.0
YK,Terrassa,2026-08-22,0.0
YL,Riudecanyes,2026-08-22,1.6
YM,Granollers,2026-08-22,0.0
YN,Vielha - Elipòrt,2026-08-22,0.0
YO,Sant Sadurní d'Anoia,2026-08-22,0.6
YP,Palafrugell,2026-08-22,0.0
YQ,Port de Barcelona - ZAL Prat,2026-08-22,0.0
YR,Vilanova i la Geltrú,2026-08-22,4.6
YS,Cabanes,2026-08-22,0.0
YT,Bonabé (1.691 m),2026-08-22,0.0
YU,Cantonigròs,2026-08-22,0.3
YV,Mataró,2026-08-22,0.0
YX,Batea,2026-08-22,0.0
YY,Viladecans - les Filipines,2026-08-22,0.0
Z1,Bonaigua (2.262 m),2026-08-22,0.0
Z2,Boí (2.537 m),2026-08-22,0.3
Z3,Malniu (2.229 m),2026-08-22,0.0
Z5,Certascan (2.398 m),2026-08-22,0.0
Z6,Sasseuva (2.226 m),2026-08-22,1.1
Z7,Espot (2.519 m),2026-08-22,0.0
Z9,Cadí Nord (2.145 m) - Prat d'Aguiló,2026-08-22,0.0
ZB,Salòria (2.451 m),2026-08-22,0.0
ZC,Ulldeter (2.413 m),2026-08-22,0.0
ZE,el Port del Comte (2.288 m),2026-08-22,0.0
C6,Castellnou de Seana,2026-08-23,0.0
C7,Tàrrega,2026-08-23,0.0
C8,Cervera,2026-08-23,0.0
C9,Mas de Barberans,2026-08-23,0.1
CC,Orís,2026-08-23,0.0
CD,la Seu d'Urgell - Bellestar,2026-08-23,0.0
CE,els Hostalets de Pierola,2026-08-23,0.0
CG,Molló - Fabert,2026-08-23,0.6
CI,Sant Pau de Segúries,2026-08-23,0.0
CJ,Organyà,2026-08-23,0.0
CL,Sant Salvador de Guardiola,2026-08-23,0.0
CP,Sant Romà d'Abella,2026-08-23,0.0
CQ,Vilanova de Meià,2026-08-23,0.0
CR,la Quar,2026-08-23,0.0
CT,el Pont de Suert,2026-08-23,0.0
CW,l'Espluga de Francolí,2026-08-23,0.0
CY,Muntanyola,2026-08-23,0.0
D1,Margalef,2026-08-23,0.0
D2,Vacarisses,2026-08-23,0.0
D3,Vallirana,2026-08-23,0.0
D4,Roses,2026-08-23,0.0
D5,Barcelona - Observatori Fabra,2026-08-23,0.0
D6,Portbou - coll dels Belitres,2026-08-23,0.0
D7,Vinebre,2026-08-23,0.0
D8,Horta de Sant Joan,2026-08-23,0.0
D9,el Vendrell,2026-08-23,0.0
DB,el Perelló,2026-08-23,0.0
DF,la Bisbal d'Empordà,2026-08-23,0.0
DG,Núria (1.971 m),2026-08-23,0.0
DI,Font-rubí,2026-08-23,0.0
DJ,Banyoles,2026-08-23,0.0
DK,Torredembarra,2026-08-23,0.0
DL,Illa de Buda,2026-08-23,0.0
DN,Anglès,2026-08-23,0.0
DO,Castell d'Aro,2026-08-23,0.0
DP,Das - Aeròdrom,2026-08-23,0.0
DQ,Vila-rodona,2026-08-23,0.0
H1,Òdena,2026-08-23,0.0
J5,Pantà de Darnius - Boadella,2026-08-23,0.0
KE,Pantà de Sau,2026-08-23,0.0
KP,Fogars de la Selva,2026-08-23,0.0
KX,la Roca del Vallès - ETAP Cardedeu,2026-08-23,0.0
M6,Sant Joan de les Abadesses,2026-08-23,0.0
MQ,Cardona,2026-08-23,0.0
MR,Pantà de Siurana,2026-08-23,0.0
MS,Castellar de n'Hug - el Clot del Moro,2026-08-23,0.0
MV,Guixers - Valls,2026-08-23,0.0
MW,Navès,2026-08-23,0.0
U2,Sant Pere Pescador,2026-08-23,0.0
U3,Sant Martí Sarroca,2026-08-23,0.0
U4,Castellnou de Bages,2026-08-23,0.0
U6,Vinyols i els Arcs - Cambrils,2026-08-23,0.0
U7,Aldover,2026-08-23,0.0
U9,l'Aldea,2026-08-23,0.1
UA,l'Ametlla de Mar,2026-08-23,0.0
UB,la Tallada d'Empordà,2026-08-23,0.0
UE,Torroella de Montgrí,2026-08-23,0.0
UF,PN del Garraf - el Rascler,2026-08-23,0.0
UH,el Montmell,2026-08-23,0.0
UI,Gisclareny,2026-08-23,0.5
UJ,Santa Coloma de Queralt,2026-08-23,0.0
UK,Sant Pere de Ribes - PN del Garraf,2026-08-23,0.0
UM,la Granadella,2026-08-23,0.0
UN,Cassà de la Selva,2026-08-23,0.0
UO,Fornells de la Selva,2026-08-23,0.0
UP,Cabrils,2026-08-23,0.0
UQ,Dosrius - PN Montnegre Corredor,2026-08-23,0.0
US,les Cases d'Alcanar,2026-08-23,0.0
UU,Amposta,2026-08-23,1.2
UW,els Alfacs,2026-08-23,0.0
UX,Ulldecona - els Valentins,2026-08-23,0.1
UY,Os de Balaguer - el Monestir d'Avellanes,2026-08-23,0.0
V1,Vallfogona de Balaguer,2026-08-23,0.0
V4,Montesquiu,2026-08-23,0.0
V5,Perafita,2026-08-23,0.0
V8,el Poal,2026-08-23,0.0
VA,Ascó,2026-08-23,0.0
VB,Benissanet,2026-08-23,0.0
VC,Pantà de Riba-roja,2026-08-23,0.0
VD,el Canós,2026-08-23,0.0
VH,Gimenells,2026-08-23,0.0
VK,Raimat,2026-08-23,0.0
VM,Vilanova de Segrià,2026-08-23,0.0
VO,Lladurs,2026-08-23,0.0
VP,Pinós,2026-08-23,0.0
VQ,Constantí,2026-08-23,0.0
VS,Lac Redon (2.245 m),2026-08-23,0.0
VU,Rellinars,2026-08-23,0.0
VV,Sant Llorenç Savall,2026-08-23,0.0
VX,Tagamanent - PN del Montseny,2026-08-23,0.0
VY,Nulles,2026-08-23,0.0
VZ,Espolla,2026-08-23,0.0
W1,Castelló d'Empúries,2026-08-23,0.0
W4,Vilafranca del Penedès - la Granada,2026-08-23,0.0
W5,Oliana,2026-08-23,0.0
W8,Blancafort,2026-08-23,0.0
W9,la Vall d'en Bas,2026-08-23,0.0
WA,Oliola,2026-08-23,0.0
WB,Albesa,2026-08-23,0.0
WC,Golmés,2026-08-23,0.0
WG,Algerri,2026-08-23,0.0
WI,Maials,2026-08-23,0.0
WJ,el Masroig,2026-08-23,0.0
WK,Alfarràs,2026-08-23,0.0
WL,Sant Martí de Riucorb,2026-08-23,0.0
WM,Santuari de Queralt,2026-08-23,0.0
WN,Montserrat - Sant Dimes,2026-08-23,0.0
WO,la Bisbal del Penedès,2026-08-23,0.0
WP,Canaletes,2026-08-23,0.0
WQ,Montsec d'Ares (1.571 m),2026-08-23,0.1
WR,Torroja del Priorat,2026-08-23,0.0
WS,Viladrau,2026-08-23,0.0
WT,Malgrat de Mar,2026-08-23,0.0
WU,Badalona - Museu,2026-08-23,0.0
WV,Guardiola de Berguedà,2026-08-23,0.0
WW,Artés,2026-08-23,0.0
WX,Camarasa,2026-08-23,0.0
WZ,Cunit,2026-08-23,0.0
X1,Falset,2026-08-23,0.0
X3,Alguaire,2026-08-23,0.0
X4,Barcelona - el Raval,2026-08-23,0.0
X5,PN dels Ports,2026-08-23,0.0
X6,Baldomar,2026-08-23,0.0
X7,Torres de Segre,2026-08-23,0.0
X8,Barcelona - Zona Universitària,2026-08-23,0.0
X9,Caldes de Montbui,2026-08-23,0.0
XA,la Panadella,2026-08-23,0.0
XB,la Llacuna,2026-08-23,0.0
XC,Castellbisbal,2026-08-23,0.0
XD,Ulldemolins,2026-08-23,0.0
XE,Tarragona - Complex Educatiu,2026-08-23,0.0
XF,Sabadell - Parc Agrari,2026-08-23,0.0
XG,Parets del Vallès,2026-08-23,0.0
XH,Sort,2026-08-23,0.0
XI,Mollerussa,2026-08-23,0.0
XJ,Girona,2026-08-23,0.0
XK,Puig Sesolles (1.666 m),2026-08-23,0.0
XL,el Prat de Llobregat,2026-08-23,0.0
XM,els Alamús,2026-08-23,0.0
XN,Seròs,2026-08-23,0.0
XO,Vic,2026-08-23,0.0
XP,Gandesa,2026-08-23,0.0
XQ,Tremp,2026-08-23,0.0
XR,Prades,2026-08-23,0.0
XS,Santa Coloma de Farners,2026-08-23,0.0
XT,Solsona,2026-08-23,0.0
XU,Canyelles,2026-08-23,0.0
XV,Sant Cugat del Vallès - CAR,2026-08-23,0.0
XX,Anglesola - Tornabous,2026-08-23,0.0
XY,Alcarràs,2026-08-23,0.0
XZ,Torroella de Fluvià,2026-08-23,0.0
Y4,Alinyà,2026-08-23,2.2
Y5,Navata,2026-08-23,0.0
Y6,Tivissa,2026-08-23,0.0
YA,Puigcerdà,2026-08-23,0.0
YB,Olot,2026-08-23,0.0
YC,la Pobla de Segur,2026-08-23,0.0
YD,les Borges Blanques,2026-08-23,0.0
YE,Massoteres,2026-08-23,0.0
YF,Miami Platja,2026-08-23,0.0
YG,Tírvia,2026-08-23,0.0
YH,Pujalt,2026-08-23,0.2
YJ,Lleida - la Femosa,2026-08-23,0.0
YK,Terrassa,2026-08-23,0.0
YL,Riudecanyes,2026-08-23,0.0
YM,Granollers,2026-08-23,0.0
YN,Vielha - Elipòrt,2026-08-23,0.0
YO,Sant Sadurní d'Anoia,2026-08-23,0.0
YP,Palafrugell,2026-08-23,0.0
YQ,Port de Barcelona - ZAL Prat,2026-08-23,0.0
YR,Vilanova i la Geltrú,2026-08-23,0.0
YS,Cabanes,2026-08-23,0.0
YT,Bonabé (1.691 m),2026-08-23,0.0
YU,Cantonigròs,2026-08-23,0.0
YV,Mataró,2026-08-23,0.0
YX,Batea,2026-08-23,0.4
YY,Viladecans - les Filipines,2026-08-23,0.0
Z1,Bonaigua (2.262 m),2026-08-23,0.0
Z2,Boí (2.537 m),2026-08-23,0.0
Z3,Malniu (2.229 m),2026-08-23,0.0
Z5,Certascan (2.398 m),2026-08-23,0.0
Z6,Sasseuva (2.226 m),2026-08-23,0.0
Z7,Espot (2.519 m),2026-08-23,6.1
Z9,Cadí Nord (2.145 m) - Prat d'Aguiló,2026-08-23,1.0
ZB,Salòria (2.451 m),2026-08-23,0.0
ZC,Ulldeter (2.413 m),2026-08-23,0.4
ZE,el Port del Comte (2.288 m),2026-08-23,6.6
C6,Castellnou de Seana,2026-08-24,0.4
C7,Tàrrega,2026-08-24,0.0
C8,Cervera,2026-08-24,0.0
C9,Mas de Barberans,2026-08-24,0.0
CC,Orís,2026-08-24,0.0
CD,la Seu d'Urgell - Bellestar,2026-08-24,25.4
CE,els Hostalets de Pierola,2026-08-24,0.0
CG,Molló - Fabert,2026-08-24,12.2
CI,Sant Pau de Segúries,2026-08-24,7.9
CJ,Organyà,2026-08-24,11.7
CL,Sant Salvador de Guardiola,2026-08-24,0.0
CP,Sant Romà d'Abella,2026-08-24,4.1
CQ,Vilanova de Meià,2026-08-24,0.1
CR,la Quar,2026-08-24,6.8
CT,el Pont de Suert,2026-08-24,2.6
CW,l'Espluga de Francolí,2026-08-24,0.7
CY,Muntanyola,2026-08-24,0.0
D1,Margalef,2026-08-24,11.5
D2,Vacarisses,2026-08-24,0.0
D3,Vallirana,2026-08-24,0.2
D4,Roses,2026-08-24,0.0
D5,Barcelona - Observatori Fabra,2026-08-24,0.1
D6,Portbou - coll dels Belitres,2026-08-24,0.4
D7,Vinebre,2026-08-24,15.0
D8,Horta de Sant Joan,2026-08-24,0.0
D9,el Vendrell,2026-08-24,20.2
DB,el Perelló,2026-08-24,0.3
DF,la Bisbal d'Empordà,2026-08-24,1.6
DG,Núria (1.971 m),2026-08-24,10.1
DI,Font-rubí,2026-08-24,0.7
DJ,Banyoles,2026-08-24,0.0
DK,Torredembarra,2026-08-24,50.1
DL,Illa de Buda,2026-08-24,0.0
DN,Anglès,2026-08-24,0.0
DO,Castell d'Aro,2026-08-24,0.1
DP,Das - Aeròdrom,2026-08-24,33.9
DQ,Vila-rodona,2026-08-24,7.7
H1,Òdena,2026-08-24,0.0
J5,Pantà de Darnius - Boadella,2026-08-24,3.4
KE,Pantà de Sau,2026-08-24,0.0
KP,Fogars de la Selva,2026-08-24,1.3
KX,la Roca del Vallès - ETAP Cardedeu,2026-08-24,0.1
M6,Sant Joan de les Abadesses,2026-08-24,18.3
MQ,Cardona,2026-08-24,0.0
MR,Pantà de Siurana,2026-08-24,17.4
MS,Castellar de n'Hug - el Clot del Moro,2026-08-24,9.3
MV,Guixers - Valls,2026-08-24,23.4
MW,Navès,2026-08-24,0.1
U2,Sant Pere Pescador,2026-08-24,0.0
U3,Sant Martí Sarroca,2026-08-24,0.7
U4,Castellnou de Bages,2026-08-24,0.0
U6,Vinyols i els Arcs - Cambrils,2026-08-24,88.8
U7,Aldover,2026-08-24,0.1
U9,l'Aldea,2026-08-24,0.0
UA,l'Ametlla de Mar,2026-08-24,0.1
UB,la Tallada d'Empordà,2026-08-24,0.6
UE,Torroella de Montgrí,2026-08-24,1.0
UF,PN del Garraf - el Rascler,2026-08-24,3.9
UH,el Montmell,2026-08-24,4.0
UI,Gisclareny,2026-08-24,23.9
UJ,Santa Coloma de Queralt,2026-08-24,0.1
UK,Sant Pere de Ribes - PN del Garraf,2026-08-24,5.9
UM,la Granadella,2026-08-24,5.9
UN,Cassà de la Selva,2026-08-24,6.6
UO,Fornells de la Selva,2026-08-24,3.2
UP,Cabrils,2026-08-24,0.0
UQ,Dosrius - PN Montnegre Corredor,2026-08-24,0.5
US,les Cases d'Alcanar,2026-08-24,0.0
UU,Amposta,2026-08-24,0.0
UW,els Alfacs,2026-08-24,0.0
UX,Ulldecona - els Valentins,2026-08-24,0.0
UY,Os de Balaguer - el Monestir d'Avellanes,2026-08-24,3.2
V1,Vallfogona de Balaguer,2026-08-24,1.3
V4,Montesquiu,2026-08-24,6.3
V5,Perafita,2026-08-24,0.0
V8,el Poal,2026-08-24,0.7
VA,Ascó,2026-08-24,11.2
VB,Benissanet,2026-08-24,27.0
VC,Pantà de Riba-roja,2026-08-24,15.7
VD,el Canós,2026-08-24,0.0
VH,Gimenells,2026-08-24,3.9
VK,Raimat,2026-08-24,4.7
VM,Vilanova de Segrià,2026-08-24,0.2
VO,Lladurs,2026-08-24,1.7
VP,Pinós,2026-08-24,0.0
VQ,Constantí,2026-08-24,41.9
VS,Lac Redon (2.245 m),2026-08-24,26.3
VU,Rellinars,2026-08-24,0.0
VV,Sant Llorenç Savall,2026-08-24,0.0
VX,Tagamanent - PN del Montseny,2026-08-24,0.0
VY,Nulles,2026-08-24,17.7
VZ,Espolla,2026-08-24,1.3
W1,Castelló d'Empúries,2026-08-24,0.0
W4,Vilafranca del Penedès - la Granada,2026-08-24,0.3
W5,Oliana,2026-08-24,1.5
W8,Blancafort,2026-08-24,0.1
W9,la Vall d'en Bas,2026-08-24,2.5
WA,Oliola,2026-08-24,2.1
WB,Albesa,2026-08-24,0.7
WC,Golmés,2026-08-24,0.6
WG,Algerri,2026-08-24,3.8
WI,Maials,2026-08-24,7.9
WJ,el Masroig,2026-08-24,43.0
WK,Alfarràs,2026-08-24,5.1
WL,Sant Martí de Riucorb,2026-08-24,0.0
WM,Santuari de Queralt,2026-08-24,3.7
WN,Montserrat - Sant Dimes,2026-08-24,0.0
WO,la Bisbal del Penedès,2026-08-24,9.0
WP,Canaletes,2026-08-24,0.2
WQ,Montsec d'Ares (1.571 m),2026-08-24,8.3
WR,Torroja del Priorat,2026-08-24,28.0
WS,Viladrau,2026-08-24,0.1
WT,Malgrat de Mar,2026-08-24,0.0
WU,Badalona - Museu,2026-08-24,0.0
WV,Guardiola de Berguedà,2026-08-24,17.0
WW,Artés,2026-08-24,0.0
WX,Camarasa,2026-08-24,0.6
WZ,Cunit,2026-08-24,28.1
X1,Falset,2026-08-24,40.5
X3,Alguaire,2026-08-24,3.6
X4,Barcelona - el Raval,2026-08-24,0.1
X5,PN dels Ports,2026-08-24,0.0
X6,Baldomar,2026-08-24,0.1
X7,Torres de Segre,2026-08-24,5.8
X8,Barcelona - Zona Universitària,2026-08-24,0.2
X9,Caldes de Montbui,2026-08-24,0.1
XA,la Panadella,2026-08-24,0.1
XB,la Llacuna,2026-08-24,0.1
XC,Castellbisbal,2026-08-24,0.0
XD,Ulldemolins,2026-08-24,9.5
XE,Tarragona - Complex Educatiu,2026-08-24,77.4
XF,Sabadell - Parc Agrari,2026-08-24,0.0
XG,Parets del Vallès,2026-08-24,0.0
XH,Sort,2026-08-24,20.5
XI,Mollerussa,2026-08-24,0.8
XJ,Girona,2026-08-24,0.0
XK,Puig Sesolles (1.666 m),2026-08-24,0.1
XL,el Prat de Llobregat,2026-08-24,0.8
XM,els Alamús,2026-08-24,4.0
XN,Seròs,2026-08-24,3.8
XO,Vic,2026-08-24,0.2
XP,Gandesa,2026-08-24,14.4
XQ,Tremp,2026-08-24,30.5
XR,Prades,2026-08-24,7.5
XS,Santa Coloma de Farners,2026-08-24,0.2
XT,Solsona,2026-08-24,0.0
XU,Canyelles,2026-08-24,3.6
XV,Sant Cugat del Vallès - CAR,2026-08-24,0.0
XX,Anglesola - Tornabous,2026-08-24,0.4
XY,Alcarràs,2026-08-24,2.9
XZ,Torroella de Fluvià,2026-08-24,0.0
Y4,Alinyà,2026-08-24,14.5
Y5,Navata,2026-08-24,0.0
Y6,Tivissa,2026-08-24,16.6
YA,Puigcerdà,2026-08-24,32.6
YB,Olot,2026-08-24,3.7
YC,la Pobla de Segur,2026-08-24,25.9
YD,les Borges Blanques,2026-08-24,2.8
YE,Massoteres,2026-08-24,0.0
YF,Miami Platja,2026-08-24,0.7
YG,Tírvia,2026-08-24,21.1
YH,Pujalt,2026-08-24,0.0
YJ,Lleida - la Femosa,2026-08-24,9.7
YK,Terrassa,2026-08-24,0.0
YL,Riudecanyes,2026-08-24,59.1
YM,Granollers,2026-08-24,0.1
YN,Vielha - Elipòrt,2026-08-24,40.5
YO,Sant Sadurní d'Anoia,2026-08-24,0.0
YP,Palafrugell,2026-08-24,8.6
YQ,Port de Barcelona - ZAL Prat,2026-08-24,1.0
YR,Vilanova i la Geltrú,2026-08-24,17.7
YS,Cabanes,2026-08-24,0.0
YT,Bonabé (1.691 m),2026-08-24,13.3
YU,Cantonigròs,2026-08-24,0.8
YV,Mataró,2026-08-24,0.0
YX,Batea,2026-08-24,11.0
YY,Viladecans - les Filipines,2026-08-24,2.9
Z1,Bonaigua (2.262 m),2026-08-24,8.3
Z2,Boí (2.537 m),2026-08-24,12.2
Z3,Malniu (2.229 m),2026-08-24,21.6
Z5,Certascan (2.398 m),2026-08-24,11.2
Z6,Sasseuva (2.226 m),2026-08-24,9.5
Z7,Espot (2.519 m),2026-08-24,21.6
Z9,Cadí Nord (2.145 m) - Prat d'Aguiló,2026-08-24,39.6
ZB,Salòria (2.451 m),2026-08-24,14.3
ZC,Ulldeter (2.413 m),2026-08-24,11.1
ZE,el Port del Comte (2.288 m),2026-08-24,13.7
C6,Castellnou de Seana,2026-08-25,0.0
C7,Tàrrega,2026-08-25,0.0
C8,Cervera,2026-08-25,0.0
C9,Mas de Barberans,2026-08-25,0.0
CC,Orís,2026-08-25,0.0
CD,la Seu d'Urgell - Bellestar,2026-08-25,0.0
CE,els Hostalets de Pierola,2026-08-25,0.0
CG,Molló - Fabert,2026-08-25,0.0
CI,Sant Pau de Segúries,2026-08-25,0.2
CJ,Organyà,2026-08-25,0.0
CL,Sant Salvador de Guardiola,2026-08-25,0.0
CP,Sant Romà d'Abella,2026-08-25,0.0
CQ,Vilanova de Meià,2026-08-25,0.0
CR,la Quar,2026-08-25,0.1
CT,el Pont de Suert,2026-08-25,0.0
CW,l'Espluga de Francolí,2026-08-25,0.0
CY,Muntanyola,2026-08-25,0.0
D1,Margalef,2026-08-25,0.0
D2,Vacarisses,2026-08-25,0.0
D3,Vallirana,2026-08-25,0.0
D4,Roses,2026-08-25,0.0
D5,Barcelona - Observatori Fabra,2026-08-25,0.0
D6,Portbou - coll dels Belitres,2026-08-25,0.0
D7,Vinebre,2026-08-25,0.0
D8,Horta de Sant Joan,2026-08-25,0.0
D9,el Vendrell,2026-08-25,0.0
DB,el Perelló,2026-08-25,0.0
DF,la Bisbal d'Empordà,2026-08-25,0.0
DG,Núria (1.971 m),2026-08-25,0.0
DI,Font-rubí,2026-08-25,0.0
DJ,Banyoles,2026-08-25,0.0
DK,Torredembarra,2026-08-25,0.0
DL,Illa de Buda,2026-08-25,0.0
DN,Anglès,2026-08-25,0.0
DO,Castell d'Aro,2026-08-25,0.0
DP,Das - Aeròdrom,2026-08-25,0.2
DQ,Vila-rodona,2026-08-25,0.0
H1,Òdena,2026-08-25,0.0
J5,Pantà de Darnius - Boadella,2026-08-25,0.0
KE,Pantà de Sau,2026-08-25,0.0
KP,Fogars de la Selva,2026-08-25,0.0
KX,la Roca del Vallès - ETAP Cardedeu,2026-08-25,0.0
M6,Sant Joan de les Abadesses,2026-08-25,0.0
MQ,Cardona,2026-08-25,0.0
MR,Pantà de Siurana,2026-08-25,0.0
MS,Castellar de n'Hug - el Clot del Moro,2026-08-25,0.1
MV,Guixers - Valls,2026-08-25,0.1
MW,Navès,2026-08-25,0.0
U2,Sant Pere Pescador,2026-08-25,0.0
U3,Sant Martí Sarroca,2026-08-25,0.0
U4,Castellnou de Bages,2026-08-25,0.0
U6,Vinyols i els Arcs - Cambrils,2026-08-25,0.0
U7,Aldover,2026-08-25,0.0
U9,l'Aldea,2026-08-25,0.0
UA,l'Ametlla de Mar,2026-08-25,0.0
UB,la Tallada d'Empordà,2026-08-25,0.1
UE,Torroella de Montgrí,2026-08-25,0.0
UF,PN del Garraf - el Rascler,2026-08-25,0.0
UH,el Montmell,2026-08-25,0.0
UI,Gisclareny,2026-08-25,0.0
UJ,Santa Coloma de Queralt,2026-08-25,0.0
UK,Sant Pere de Ribes - PN del Garraf,2026-08-25,0.0
UM,la Granadella,2026-08-25,0.0
UN,Cassà de la Selva,2026-08-25,0.1
UO,Fornells de la Selva,2026-08-25,0.0
UP,Cabrils,2026-08-25,0.0
UQ,Dosrius - PN Montnegre Corredor,2026-08-25,0.0
US,les Cases d'Alcanar,2026-08-25,0.0
UU,Amposta,2026-08-25,0.0
UW,els Alfacs,2026-08-25,0.0
UX,Ulldecona - els Valentins,2026-08-25,0.0
UY,Os de Balaguer - el Monestir d'Avellanes,2026-08-25,0.0
V1,Vallfogona de Balaguer,2026-08-25,0.0
V4,Montesquiu,2026-08-25,0.0
V5,Perafita,2026-08-25,0.0
V8,el Poal,2026-08-25,0.0
VA,Ascó,2026-08-25,0.0
VB,Benissanet,2026-08-25,0.0
VC,Pantà de Riba-roja,2026-08-25,0.0
VD,el Canós,2026-08-25,0.0
VH,Gimenells,2026-08-25,0.0
VK,Raimat,2026-08-25,0.0
VM,Vilanova de Segrià,2026-08-25,0.0
VO,Lladurs,2026-08-25,0.0
VP,Pinós,2026-08-25,0.0
VQ,Constantí,2026-08-25,0.0
VS,Lac Redon (2.245 m),2026-08-25,0.0
VU,Rellinars,2026-08-25,0.0
VV,Sant Llorenç Savall,2026-08-25,0.0
VX,Tagamanent - PN del Montseny,2026-08-25,0.0
VY,Nulles,2026-08-25,0.0
VZ,Espolla,2026-08-25,0.0
W1,Castelló d'Empúries,2026-08-25,0.0
W4,Vilafranca del Penedès - la Granada,2026-08-25,0.0
W5,Oliana,2026-08-25,0.0
W8,Blancafort,2026-08-25,0.0
W9,la Vall d'en Bas,2026-08-25,0.1
WA,Oliola,2026-08-25,0.0
WB,Albesa,2026-08-25,0.0
WC,Golmés,2026-08-25,0.0
WG,Algerri,2026-08-25,0.0
WI,Maials,2026-08-25,0.0
WJ,el Masroig,2026-08-25,0.1
WK,Alfarràs,2026-08-25,0.0
WL,Sant Martí de Riucorb,2026-08-25,0.0
WM,Santuari de Queralt,2026-08-25,0.0
WN,Montserrat - Sant Dimes,2026-08-25,0.0
WO,la Bisbal del Penedès,2026-08-25,0.0
WP,Canaletes,2026-08-25,0.0
WQ,Montsec d'Ares (1.571 m),2026-08-25,0.0
WR,Torroja del Priorat,2026-08-25,0.0
WS,Viladrau,2026-08-25,0.0
WT,Malgrat de Mar,2026-08-25,0.0
WU,Badalona - Museu,2026-08-25,0.0
WV,Guardiola de Berguedà,2026-08-25,0.0
WW,Artés,2026-08-25,0.0
WX,Camarasa,2026-08-25,0.0
WZ,Cunit,2026-08-25,0.1
X1,Falset,2026-08-25,0.1
X3,Alguaire,2026-08-25,0.0
X4,Barcelona - el Raval,2026-08-25,0.0
X5,PN dels Ports,2026-08-25,0.0
X6,Baldomar,2026-08-25,0.0
X7,Torres de Segre,2026-08-25,0.0
X8,Barcelona - Zona Universitària,2026-08-25,0.0
X9,Caldes de Montbui,2026-08-25,0.0
XA,la Panadella,2026-08-25,0.0
XB,la Llacuna,2026-08-25,0.0
XC,Castellbisbal,2026-08-25,0.0
XD,Ulldemolins,2026-08-25,0.0
XE,Tarragona - Complex Educatiu,2026-08-25,0.0
XF,Sabadell - Parc Agrari,2026-08-25,0.0
XG,Parets del Vallès,2026-08-25,0.0
XH,Sort,2026-08-25,0.0
XI,Mollerussa,2026-08-25,0.0
XJ,Girona,2026-08-25,0.0
XK,Puig Sesolles (1.666 m),2026-08-25,0.0
XL,el Prat de Llobregat,2026-08-25,0.0
XM,els Alamús,2026-08-25,0.0
XN,Seròs,2026-08-25,0.0
XO,Vic,2026-08-25,0.0
XP,Gandesa,2026-08-25,0.0
XQ,Tremp,2026-08-25,0.0
XR,Prades,2026-08-25,0.1
XS,Santa Coloma de Farners,2026-08-25,0.0
XT,Solsona,2026-08-25,0.0
XU,Canyelles,2026-08-25,0.0
XV,Sant Cugat del Vallès - CAR,2026-08-25,0.0
XX,Anglesola - Tornabous,2026-08-25,0.0
XY,Alcarràs,2026-08-25,0.0
XZ,Torroella de Fluvià,2026-08-25,0.0
Y4,Alinyà,2026-08-25,0.0
Y5,Navata,2026-08-25,0.0
Y6,Tivissa,2026-08-25,0.0
YA,Puigcerdà,2026-08-25,0.1
YB,Olot,2026-08-25,0.0
YC,la Pobla de Segur,2026-08-25,0.0
YD,les Borges Blanques,2026-08-25,0.0
YE,Massoteres,2026-08-25,0.0
YF,Miami Platja,2026-08-25,0.0
YG,Tírvia,2026-08-25,0.0
YH,Pujalt,2026-08-25,0.0
YJ,Lleida - la Femosa,2026-08-25,0.0
YK,Terrassa,2026-08-25,0.0
YL,Riudecanyes,2026-08-25,0.0
YM,Granollers,2026-08-25,0.0
YN,Vielha - Elipòrt,2026-08-25,0.0
YO,Sant Sadurní d'Anoia,2026-08-25,0.0
YP,Palafrugell,2026-08-25,0.0
YQ,Port de Barcelona - ZAL Prat,2026-08-25,0.0
YR,Vilanova i la Geltrú,2026-08-25,0.0
YS,Cabanes,2026-08-25,0.0
YT,Bonabé (1.691 m),2026-08-25,0.0
YU,Cantonigròs,2026-08-25,0.0
YV,Mataró,2026-08-25,0.0
YX,Batea,2026-08-25,0.0
YY,Viladecans - les Filipines,2026-08-25,0.0
Z1,Bonaigua (2.262 m),2026-08-25,0.0
Z2,Boí (2.537 m),2026-08-25,0.0
Z3,Malniu (2.229 m),2026-08-25,0.0
Z5,Certascan (2.398 m),2026-08-25,0.0
Z6,Sasseuva (2.226 m),2026-08-25,0.0
Z7,Espot (2.519 m),2026-08-25,0.0
Z9,Cadí Nord (2.145 m) - Prat d'Aguiló,2026-08-25,0.0
ZB,Salòria (2.451 m),2026-08-25,0.0
ZC,Ulldeter (2.413 m),2026-08-25,0.0
ZE,el Port del Comte (2.288 m),2026-08-25,0.0
C6,Castellnou de Seana,2026-08-26,0.0
C7,Tàrrega,2026-08-26,0.0
C8,Cervera,2026-08-26,0.0
C9,Mas de Barberans,2026-08-26,0.0
CC,Orís,2026-08-26,0.0
CD,la Seu d'Urgell - Bellestar,2026-08-26,0.0
CE,els Hostalets de Pierola,2026-08-26,0.0
CG,Molló - Fabert,2026-08-26,0.0
CI,Sant Pau de Segúries,2026-08-26,0.0
CJ,Organyà,2026-08-26,0.0
CL,Sant Salvador de Guardiola,2026-08-26,0.0
CP,Sant Romà d'Abella,2026-08-26,0.0
CQ,Vilanova de Meià,2026-08-26,0.0
CR,la Quar,2026-08-26,0.1
CT,el Pont de Suert,2026-08-26,0.0
CW,l'Espluga de Francolí,2026-08-26,0.0
CY,Muntanyola,2026-08-26,0.0
D1,Margalef,2026-08-26,0.0
D2,Vacarisses,2026-08-26,0.0
D3,Vallirana,2026-08-26,0.0
D4,Roses,2026-08-26,0.0
D5,Barcelona - Observatori Fabra,2026-08-26,0.0
D6,Portbou - coll dels Belitres,2026-08-26,0.0
D7,Vinebre,2026-08-26,0.0
D8,Horta de Sant Joan,2026-08-26,0.0
D9,el Vendrell,2026-08-26,0.0
DB,el Perelló,2026-08-26,0.0
DF,la Bisbal d'Empordà,2026-08-26,0.0
DG,Núria (1.971 m),2026-08-26,0.0
DI,Font-rubí,2026-08-26,0.0
DJ,Banyoles,2026-08-26,0.0
DK,Torredembarra,2026-08-26,0.0
DL,Illa de Buda,2026-08-26,0.0
DN,Anglès,2026-08-26,0.0
DO,Castell d'Aro,2026-08-26,0.0
DP,Das - Aeròdrom,2026-08-26,0.0
DQ,Vila-rodona,2026-08-26,0.0
H1,Òdena,2026-08-26,0.0
J5,Pantà de Darnius - Boadella,2026-08-26,0.0
KE,Pantà de Sau,2026-08-26,0.0
KP,Fogars de la Selva,2026-08-26,0.0
KX,la Roca del Vallès - ETAP Cardedeu,2026-08-26,0.0
M6,Sant Joan de les Abadesses,2026-08-26,0.1
MQ,Cardona,2026-08-26,0.0
MR,Pantà de Siurana,2026-08-26,0.1
MS,Castellar de n'Hug - el Clot del Moro,2026-08-26,0.0
MV,Guixers - Valls,2026-08-26,0.0
MW,Navès,2026-08-26,0.0
U2,Sant Pere Pescador,2026-08-26,0.0
U3,Sant Martí Sarroca,2026-08-26,0.0
U4,Castellnou de Bages,2026-08-26,0.0
U6,Vinyols i els Arcs - Cambrils,2026-08-26,0.0
U7,Aldover,2026-08-26,0.0
U9,l'Aldea,2026-08-26,0.0
UA,l'Ametlla de Mar,2026-08-26,0.0
UB,la Tallada d'Empordà,2026-08-26,0.0
UE,Torroella de Montgrí,2026-08-26,0.0
UF,PN del Garraf - el Rascler,2026-08-26,0.0
UH,el Montmell,2026-08-26,0.0
UI,Gisclareny,2026-08-26,0.0
UJ,Santa Coloma de Queralt,2026-08-26,0.0
UK,Sant Pere de Ribes - PN del Garraf,2026-08-26,0.0
UM,la Granadella,2026-08-26,0.0
UN,Cassà de la Selva,2026-08-26,0.0
UO,Fornells de la Selva,2026-08-26,0.0
UP,Cabrils,2026-08-26,0.0
UQ,Dosrius - PN Montnegre Corredor,2026-08-26,0.0
US,les Cases d'Alcanar,2026-08-26,0.0
UU,Amposta,2026-08-26,0.0
UW,els Alfacs,2026-08-26,0.0
UX,Ulldecona - els Valentins,2026-08-26,0.0
UY,Os de Balaguer - el Monestir d'Avellanes,2026-08-26,0.0
V1,Vallfogona de Balaguer,2026-08-26,0.0
V4,Montesquiu,2026-08-26,0.0
V5,Perafita,2026-08-26,0.0
V8,el Poal,2026-08-26,0.0
VA,Ascó,2026-08-26,0.0
VB,Benissanet,2026-08-26,0.0
VC,Pantà de Riba-roja,2026-08-26,0.0
VD,el Canós,2026-08-26,0.0
VH,Gimenells,2026-08-26,0.0
VK,Raimat,2026-08-26,0.0
VM,Vilanova de Segrià,2026-08-26,0.0
VO,Lladurs,2026-08-26,0.0
VP,Pinós,2026-08-26,0.0
VQ,Constantí,2026-08-26,0.0
VS,Lac Redon (2.245 m),2026-08-26,0.0
VU,Rellinars,2026-08-26,0.0
VV,Sant Llorenç Savall,2026-08-26,0.0
VX,Tagamanent - PN del Montseny,2026-08-26,0.0
VY,Nulles,2026-08-26,0.0
VZ,Espolla,2026-08-26,0.0
W1,Castelló d'Empúries,2026-08-26,0.0
W4,Vilafranca del Penedès - la Granada,2026-08-26,0.0
W5,Oliana,2026-08-26,0.0
W8,Blancafort,2026-08-26,0.0
W9,la Vall d'en Bas,2026-08-26,0.0
WA,Oliola,2026-08-26,0.0
WB,Albesa,2026-08-26,0.0
WC,Golmés,2026-08-26,0.0
WG,Algerri,2026-08-26,0.0
WI,Maials,2026-08-26,0.0
WJ,el Masroig,2026-08-26,0.0
WK,Alfarràs,2026-08-26,0.0
WL,Sant Martí de Riucorb,2026-08-26,0.0
WM,Santuari de Queralt,2026-08-26,0.0
WN,Montserrat - Sant Dimes,2026-08-26,0.0
WO,la Bisbal del Penedès,2026-08-26,0.0
WP,Canaletes,2026-08-26,0.0
WQ,Montsec d'Ares (1.571 m),2026-08-26,0.0
WR,Torroja del Priorat,2026-08-26,0.0
WS,Viladrau,2026-08-26,0.0
WT,Malgrat de Mar,2026-08-26,0.0
WU,Badalona - Museu,2026-08-26,0.0
WV,Guardiola de Berguedà,2026-08-26,0.0
WW,Artés,2026-08-26,0.0
WX,Camarasa,2026-08-26,0.0
WZ,Cunit,2026-08-26,0.0
X1,Falset,2026-08-26,0.0
X3,Alguaire,2026-08-26,0.0
X4,Barcelona - el Raval,2026-08-26,0.0
X5,PN dels Ports,2026-08-26,0.0
X6,Baldomar,2026-08-26,0.0
X7,Torres de Segre,2026-08-26,0.0
X8,Barcelona - Zona Universitària,2026-08-26,0.0
X9,Caldes de Montbui,2026-08-26,0.0
XA,la Panadella,2026-08-26,0.0
XB,la Llacuna,2026-08-26,0.0
XC,Castellbisbal,2026-08-26,0.0
XD,Ulldemolins,2026-08-26,0.0
XE,Tarragona - Complex Educatiu,2026-08-26,0.0
XF,Sabadell - Parc Agrari,2026-08-26,0.0
XG,Parets del Vallès,2026-08-26,0.0
XH,Sort,2026-08-26,0.0
XI,Mollerussa,2026-08-26,0.0
XJ,Girona,2026-08-26,0.0
XK,Puig Sesolles (1.666 m),2026-08-26,0.0
XL,el Prat de Llobregat,2026-08-26,0.0
XM,els Alamús,2026-08-26,0.0
XN,Seròs,2026-08-26,0.0
XO,Vic,2026-08-26,0.0
XP,Gandesa,2026-08-26,0.0
XQ,Tremp,2026-08-26,0.0
XR,Prades,2026-08-26,0.0
XS,Santa Coloma de Farners,2026-08-26,0.0
XT,Solsona,2026-08-26,0.0
XU,Canyelles,2026-08-26,0.0
XV,Sant Cugat del Vallès - CAR,2026-08-26,0.0
XX,Anglesola - Tornabous,2026-08-26,0.0
XY,Alcarràs,2026-08-26,0.0
XZ,Torroella de Fluvià,2026-08-26,0.0
Y4,Alinyà,2026-08-26,0.0
Y5,Navata,2026-08-26,0.0
Y6,Tivissa,2026-08-26,0.0
YA,Puigcerdà,2026-08-26,0.0
YB,Olot,2026-08-26,0.0
YC,la Pobla de Segur,2026-08-26,0.0
YD,les Borges Blanques,2026-08-26,0.0
YE,Massoteres,2026-08-26,0.0
YF,Miami Platja,2026-08-26,0.9
YG,Tírvia,2026-08-26,0.0
YH,Pujalt,2026-08-26,0.0
YJ,Lleida - la Femosa,2026-08-26,0.0
YK,Terrassa,2026-08-26,0.0
YL,Riudecanyes,2026-08-26,0.0
YM,Granollers,2026-08-26,0.0
YN,Vielha - Elipòrt,2026-08-26,0.0
YO,Sant Sadurní d'Anoia,2026-08-26,0.0
YP,Palafrugell,2026-08-26,0.0
YQ,Port de Barcelona - ZAL Prat,2026-08-26,0.0
YR,Vilanova i la Geltrú,2026-08-26,0.0
YS,Cabanes,2026-08-26,0.0
YT,Bonabé (1.691 m),2026-08-26,0.0
YU,Cantonigròs,2026-08-26,0.0
YV,Mataró,2026-08-26,0.0
YX,Batea,2026-08-26,0.0
YY,Viladecans - les Filipines,2026-08-26,0.0
Z1,Bonaigua (2.262 m),2026-08-26,0.0
Z2,Boí (2.537 m),2026-08-26,0.0
Z3,Malniu (2.229 m),2026-08-26,0.0
Z5,Certascan (2.398 m),2026-08-26,0.0
Z6,Sasseuva (2.226 m),2026-08-26,0.0
Z7,Espot (2.519 m),2026-08-26,0.0
Z9,Cadí Nord (2.145 m) - Prat d'Aguiló,2026-08-26,0.0
ZB,Salòria (2.451 m),2026-08-26,0.0
ZC,Ulldeter (2.413 m),2026-08-26,0.0
ZE,el Port del Comte (2.288 m),2026-08-26,0.0
C6,Castellnou de Seana,2026-08-27,0.0
C7,Tàrrega,2026-08-27,0.0
C8,Cervera,2026-08-27,0.0
C9,Mas de Barberans,2026-08-27,0.0
CC,Orís,2026-08-27,0.0
CD,la Seu d'Urgell - Bellestar,2026-08-27,0.0
CE,els Hostalets de Pierola,2026-08-27,0.0
CG,Molló - Fabert,2026-08-27,0.0
CI,Sant Pau de Segúries,2026-08-27,0.0
CJ,Organyà,2026-08-27,0.0
CL,Sant Salvador de Guardiola,2026-08-27,0.0
CP,Sant Romà d'Abella,2026-08-27,0.0
CQ,Vilanova de Meià,2026-08-27,0.0
CR,la Quar,2026-08-27,0.0
CT,el Pont de Suert,2026-08-27,0.0
CW,l'Espluga de Francolí,2026-08-27,0.0
CY,Muntanyola,2026-08-27,0.0
D1,Margalef,2026-08-27,0.0
D2,Vacarisses,2026-08-27,0.0
D3,Vallirana,2026-08-27,0.0
D4,Roses,2026-08-27,0.0
D5,Barcelona - Observatori Fabra,2026-08-27,0.0
D6,Portbou - coll dels Belitres,2026-08-27,0.0
D7,Vinebre,2026-08-27,0.0
D8,Horta de Sant Joan,2026-08-27,0.0
D9,el Vendrell,2026-08-27,0.0
DB,el Perelló,2026-08-27,0.0
DF,la Bisbal d'Empordà,2026-08-27,0.0
DG,Núria (1.971 m),2026-08-27,0.0
DI,Font-rubí,2026-08-27,0.0
DJ,Banyoles,2026-08-27,0.0
DK,Torredembarra,2026-08-27,0.1
DL,Illa de Buda,2026-08-27,0.0
DN,Anglès,2026-08-27,0.0
DO,Castell d'Aro,2026-08-27,0.0
DP,Das - Aeròdrom,2026-08-27,0.0
DQ,Vila-rodona,2026-08-27,0.0
H1,Òdena,2026-08-27,0.0
J5,Pantà de Darnius - Boadella,2026-08-27,0.0
KE,Pantà de Sau,2026-08-27,0.0
KP,Fogars de la Selva,2026-08-27,0.0
KX,la Roca del Vallès - ETAP Cardedeu,2026-08-27,0.0
M6,Sant Joan de les Abadesses,2026-08-27,0.0
MQ,Cardona,2026-08-27,0.0
MR,Pantà de Siurana,2026-08-27,0.0
MS,Castellar de n'Hug - el Clot del Moro,2026-08-27,0.0
MV,Guixers - Valls,2026-08-27,0.0
MW,Navès,2026-08-27,0.0
U2,Sant Pere Pescador,2026-08-27,0.0
U3,Sant Martí Sarroca,2026-08-27,0.0
U4,Castellnou de Bages,2026-08-27,0.0
U6,Vinyols i els Arcs - Cambrils,2026-08-27,0.0
U7,Aldover,2026-08-27,0.0
U9,l'Aldea,2026-08-27,0.0
UA,l'Ametlla de Mar,2026-08-27,0.0
UB,la Tallada d'Empordà,2026-08-27,0.0
UE,Torroella de Montgrí,2026-08-27,0.0
UF,PN del Garraf - el Rascler,2026-08-27,0.0
UH,el Montmell,2026-08-27,0.0
UI,Gisclareny,2026-08-27,0.0
UJ,Santa Coloma de Queralt,2026-08-27,0.0
UK,Sant Pere de Ribes - PN del Garraf,2026-08-27,0.0
UM,la Granadella,2026-08-27,0.0
UN,Cassà de la Selva,2026-08-27,0.0
UO,Fornells de la Selva,2026-08-27,0.0
UP,Cabrils,2026-08-27,0.0
UQ,Dosrius - PN Montnegre Corredor,2026-08-27,0.0
US,les Cases d'Alcanar,2026-08-27,0.0
UU,Amposta,2026-08-27,0.0
UW,els Alfacs,2026-08-27,0.0
UX,Ulldecona - els Valentins,2026-08-27,0.0
UY,Os de Balaguer - el Monestir d'Avellanes,2026-08-27,0.0
V1,Vallfogona de Balaguer,2026-08-27,0.0
V4,Montesquiu,2026-08-27,0.0
V5,Perafita,2026-08-27,0.0
V8,el Poal,2026-08-27,0.0
VA,Ascó,2026-08-27,0.0
VB,Benissanet,2026-08-27,0.0
VC,Pantà de Riba-roja,2026-08-27,0.0
VD,el Canós,2026-08-27,0.0
VH,Gimenells,2026-08-27,0.0
VK,Raimat,2026-08-27,0.0
VM,Vilanova de Segrià,2026-08-27,0.0
VO,Lladurs,2026-08-27,0.0
VP,Pinós,2026-08-27,0.0
VQ,Constantí,2026-08-27,0.0
VS,Lac Redon (2.245 m),2026-08-27,0.0
VU,Rellinars,2026-08-27,0.0
VV,Sant Llorenç Savall,2026-08-27,0.0
VX,Tagamanent - PN del Montseny,2026-08-27,0.0
VY,Nulles,2026-08-27,0.0
VZ,Espolla,2026-08-27,0.0
W1,Castelló d'Empúries,2026-08-27,0.0
W4,Vilafranca del Penedès - la Granada,2026-08-27,0.0
W5,Oliana,2026-08-27,0.0
W8,Blancafort,2026-08-27,0.0
W9,la Vall d'en Bas,2026-08-27,0.0
WA,Oliola,2026-08-27,0.0
WB,Albesa,2026-08-27,0.0
WC,Golmés,2026-08-27,0.0
WG,Algerri,2026-08-27,0.0
WI,Maials,2026-08-27,0.0
WJ,el Masroig,2026-08-27,0.0
WK,Alfarràs,2026-08-27,0.0
WL,Sant Martí de Riucorb,2026-08-27,0.0
WM,Santuari de Queralt,2026-08-27,0.0
WN,Montserrat - Sant Dimes,2026-08-27,0.0
WO,la Bisbal del Penedès,2026-08-27,0.1
WP,Canaletes,2026-08-27,0.0
WQ,Montsec d'Ares (1.571 m),2026-08-27,0.0
WR,Torroja del Priorat,2026-08-27,0.0
WS,Viladrau,2026-08-27,0.0
WT,Malgrat de Mar,2026-08-27,0.0
WU,Badalona - Museu,2026-08-27,0.0
WV,Guardiola de Berguedà,2026-08-27,0.0
WW,Artés,2026-08-27,0.0
WX,Camarasa,2026-08-27,0.0
WZ,Cunit,2026-08-27,1.3
X1,Falset,2026-08-27,0.0
X3,Alguaire,2026-08-27,0.0
X4,Barcelona - el Raval,2026-08-27,0.0
X5,PN dels Ports,2026-08-27,0.0
X6,Baldomar,2026-08-27,0.0
X7,Torres de Segre,2026-08-27,0.0
X8,Barcelona - Zona Universitària,2026-08-27,0.0
X9,Caldes de Montbui,2026-08-27,0.0
XA,la Panadella,2026-08-27,0.0
XB,la Llacuna,2026-08-27,0.0
XC,Castellbisbal,2026-08-27,0.0
XD,Ulldemolins,2026-08-27,0.0
XE,Tarragona - Complex Educatiu,2026-08-27,0.0
XF,Sabadell - Parc Agrari,2026-08-27,0.0
XG,Parets del Vallès,2026-08-27,0.0
XH,Sort,2026-08-27,0.0
XI,Mollerussa,2026-08-27,0.0
XJ,Girona,2026-08-27,0.0
XK,Puig Sesolles (1.666 m),2026-08-27,0.1
XL,el Prat de Llobregat,2026-08-27,0.0
XM,els Alamús,2026-08-27,0.0
XN,Seròs,2026-08-27,0.0
XO,Vic,2026-08-27,0.0
XP,Gandesa,2026-08-27,0.0
XQ,Tremp,2026-08-27,0.0
XR,Prades,2026-08-27,0.0
XS,Santa Coloma de Farners,2026-08-27,0.0
XT,Solsona,2026-08-27,0.0
XU,Canyelles,2026-08-27,0.0
XV,Sant Cugat del Vallès - CAR,2026-08-27,0.0
XX,Anglesola - Tornabous,2026-08-27,0.0
XY,Alcarràs,2026-08-27,0.0
XZ,Torroella de Fluvià,2026-08-27,0.0
Y4,Alinyà,2026-08-27,0.0
Y5,Navata,2026-08-27,0.0
Y6,Tivissa,2026-08-27,0.0
YA,Puigcerdà,2026-08-27,0.0
YB,Olot,2026-08-27,0.0
YC,la Pobla de Segur,2026-08-27,0.0
YD,les Borges Blanques,2026-08-27,0.0
YE,Massoteres,2026-08-27,0.0
YF,Miami Platja,2026-08-27,0.0
YG,Tírvia,2026-08-27,0.0
YH,Pujalt,2026-08-27,0.0
YJ,Lleida - la Femosa,2026-08-27,0.0
YK,Terrassa,2026-08-27,0.0
YL,Riudecanyes,2026-08-27,0.0
YM,Granollers,2026-08-27,0.0
YN,Vielha - Elipòrt,2026-08-27,0.1
YO,Sant Sadurní d'Anoia,2026-08-27,0.1
YP,Palafrugell,2026-08-27,0.0
YQ,Port de Barcelona - ZAL Prat,2026-08-27,0.0
YR,Vilanova i la Geltrú,2026-08-27,0.2
YS,Cabanes,2026-08-27,0.0
YT,Bonabé (1.691 m),2026-08-27,0.0
YU,Cantonigròs,2026-08-27,0.0
YV,Mataró,2026-08-27,0.0
YX,Batea,2026-08-27,0.0
YY,Viladecans - les Filipines,2026-08-27,0.0
Z1,Bonaigua (2.262 m),2026-08-27,0.0
Z2,Boí (2.537 m),2026-08-27,0.0
Z3,Malniu (2.229 m),2026-08-27,0.0
Z5,Certascan (2.398 m),2026-08-27,0.0
Z6,Sasseuva (2.226 m),2026-08-27,0.8
Z7,Espot (2.519 m),2026-08-27,0.0
Z9,Cadí Nord (2.145 m) - Prat d'Aguiló,2026-08-27,0.0
ZB,Salòria (2.451 m),2026-08-27,0.0
ZC,Ulldeter (2.413 m),2026-08-27,0.0
ZE,el Port del Comte (2.288 m),2026-08-27,0.0
C6,Castellnou de Seana,2026-08-28,0.0
C7,Tàrrega,2026-08-28,0.0
C8,Cervera,2026-08-28,0.0
C9,Mas de Barberans,2026-08-28,0.0
CC,Orís,2026-08-28,0.0
CD,la Seu d'Urgell - Bellestar,2026-08-28,0.0
CE,els Hostalets de Pierola,2026-08-28,0.0
CG,Molló - Fabert,2026-08-28,0.0
CI,Sant Pau de Segúries,2026-08-28,0.0
CJ,Organyà,2026-08-28,0.0
CL,Sant Salvador de Guardiola,2026-08-28,0.0
CP,Sant Romà d'Abella,2026-08-28,0.0
CQ,Vilanova de Meià,2026-08-28,0.0
CR,la Quar,2026-08-28,0.0
CT,el Pont de Suert,2026-08-28,0.0
CW,l'Espluga de Francolí,2026-08-28,0.0
CY,Muntanyola,2026-08-28,0.0
D1,Margalef,2026-08-28,0.0
D2,Vacarisses,2026-08-28,0.0
D3,Vallirana,2026-08-28,0.2
D4,Roses,2026-08-28,0.0
D5,Barcelona - Observatori Fabra,2026-08-28,0.1
D6,Portbou - coll dels Belitres,2026-08-28,0.0
D7,Vinebre,2026-08-28,0.0
D8,Horta de Sant Joan,2026-08-28,0.0
D9,el Vendrell,2026-08-28,0.0
DB,el Perelló,2026-08-28,0.0
DF,la Bisbal d'Empordà,2026-08-28,0.0
DG,Núria (1.971 m),2026-08-28,0.0
DI,Font-rubí,2026-08-28,0.0
DJ,Banyoles,2026-08-28,0.1
DK,Torredembarra,2026-08-28,0.0
DL,Illa de Buda,2026-08-28,0.0
DN,Anglès,2026-08-28,0.0
DO,Castell d'Aro,2026-08-28,0.0
DP,Das - Aeròdrom,2026-08-28,0.0
DQ,Vila-rodona,2026-08-28,0.0
H1,Òdena,2026-08-28,0.0
J5,Pantà de Darnius - Boadella,2026-08-28,0.0
KE,Pantà de Sau,2026-08-28,0.0
KP,Fogars de la Selva,2026-08-28,0.1
KX,la Roca del Vallès - ETAP Cardedeu,2026-08-28,0.1
M6,Sant Joan de les Abadesses,2026-08-28,0.0
MQ,Cardona,2026-08-28,0.0
MR,Pantà de Siurana,2026-08-28,0.0
MS,Castellar de n'Hug - el Clot del Moro,2026-08-28,0.0
MV,Guixers - Valls,2026-08-28,0.0
MW,Navès,2026-08-28,0.0
U2,Sant Pere Pescador,2026-08-28,0.0
U3,Sant Martí Sarroca,2026-08-28,0.0
U4,Castellnou de Bages,2026-08-28,0.0
U6,Vinyols i els Arcs - Cambrils,2026-08-28,0.0
U7,Aldover,2026-08-28,0.0
U9,l'Aldea,2026-08-28,0.0
UA,l'Ametlla de Mar,2026-08-28,0.0
UB,la Tallada d'Empordà,2026-08-28,0.0
UE,Torroella de Montgrí,2026-08-28,0.0
UF,PN del Garraf - el Rascler,2026-08-28,0.0
UH,el Montmell,2026-08-28,0.0
UI,Gisclareny,2026-08-28,0.0
UJ,Santa Coloma de Queralt,2026-08-28,0.0
UK,Sant Pere de Ribes - PN del Garraf,2026-08-28,0.4
UM,la Granadella,2026-08-28,0.0
UN,Cassà de la Selva,2026-08-28,0.1
UO,Fornells de la Selva,2026-08-28,0.0
UP,Cabrils,2026-08-28,0.0
UQ,Dosrius - PN Montnegre Corredor,2026-08-28,0.0
US,les Cases d'Alcanar,2026-08-28,0.0
UU,Amposta,2026-08-28,0.0
UW,els Alfacs,2026-08-28,0.0
UX,Ulldecona - els Valentins,2026-08-28,0.0
UY,Os de Balaguer - el Monestir d'Avellanes,2026-08-28,0.0
V1,Vallfogona de Balaguer,2026-08-28,0.0
V4,Montesquiu,2026-08-28,0.0
V5,Perafita,2026-08-28,0.0
V8,el Poal,2026-08-28,0.0
VA,Ascó,2026-08-28,0.0
VB,Benissanet,2026-08-28,0.0
VC,Pantà de Riba-roja,2026-08-28,0.0
VD,el Canós,2026-08-28,0.0
VH,Gimenells,2026-08-28,0.0
VK,Raimat,2026-08-28,0.0
VM,Vilanova de Segrià,2026-08-28,0.0
VO,Lladurs,2026-08-28,0.0
VP,Pinós,2026-08-28,0.0
VQ,Constantí,2026-08-28,0.0
VS,Lac Redon (2.245 m),2026-08-28,0.0
VU,Rellinars,2026-08-28,0.0
VV,Sant Llorenç Savall,2026-08-28,0.0
VX,Tagamanent - PN del Montseny,2026-08-28,0.1
VY,Nulles,2026-08-28,0.0
VZ,Espolla,2026-08-28,0.0
W1,Castelló d'Empúries,2026-08-28,0.0
W4,Vilafranca del Penedès - la Granada,2026-08-28,0.0
W5,Oliana,2026-08-28,0.0
W8,Blancafort,2026-08-28,0.0
W9,la Vall d'en Bas,2026-08-28,0.0
WA,Oliola,2026-08-28,0.0
WB,Albesa,2026-08-28,0.0
WC,Golmés,2026-08-28,0.0
WG,Algerri,2026-08-28,0.0
WI,Maials,2026-08-28,0.0
WJ,el Masroig,2026-08-28,0.0
WK,Alfarràs,2026-08-28,0.0
WL,Sant Martí de Riucorb,2026-08-28,0.0
WM,Santuari de Queralt,2026-08-28,0.0
WN,Montserrat - Sant Dimes,2026-08-28,0.0
WO,la Bisbal del Penedès,2026-08-28,0.0
WP,Canaletes,2026-08-28,0.0
WQ,Montsec d'Ares (1.571 m),2026-08-28,0.0
WR,Torroja del Priorat,2026-08-28,0.0
WS,Viladrau,2026-08-28,0.2
WT,Malgrat de Mar,2026-08-28,0.0
WU,Badalona - Museu,2026-08-28,0.0
WV,Guardiola de Berguedà,2026-08-28,0.0
WW,Artés,2026-08-28,0.0
WX,Camarasa,2026-08-28,0.0
WZ,Cunit,2026-08-28,0.1
X1,Falset,2026-08-28,0.0
X3,Alguaire,2026-08-28,0.0
X4,Barcelona - el Raval,2026-08-28,0.1
X5,PN dels Ports,2026-08-28,0.0
X6,Baldomar,2026-08-28,0.0
X7,Torres de Segre,2026-08-28,0.0
X8,Barcelona - Zona Universitària,2026-08-28,0.0
X9,Caldes de Montbui,2026-08-28,0.0
XA,la Panadella,2026-08-28,0.0
XB,la Llacuna,2026-08-28,0.0
XC,Castellbisbal,2026-08-28,0.2
XD,Ulldemolins,2026-08-28,0.0
XE,Tarragona - Complex Educatiu,2026-08-28,0.0
XF,Sabadell - Parc Agrari,2026-08-28,0.0
XG,Parets del Vallès,2026-08-28,0.1
XH,Sort,2026-08-28,0.0
XI,Mollerussa,2026-08-28,0.0
XJ,Girona,2026-08-28,0.1
XK,Puig Sesolles (1.666 m),2026-08-28,0.0
XL,el Prat de Llobregat,2026-08-28,0.1
XM,els Alamús,2026-08-28,0.0
XN,Seròs,2026-08-28,0.0
XO,Vic,2026-08-28,0.0
XP,Gandesa,2026-08-28,0.0
XQ,Tremp,2026-08-28,0.0
XR,Prades,2026-08-28,0.0
XS,Santa Coloma de Farners,2026-08-28,0.0
XT,Solsona,2026-08-28,0.0
XU,Canyelles,2026-08-28,0.0
XV,Sant Cugat del Vallès - CAR,2026-08-28,0.0
XX,Anglesola - Tornabous,2026-08-28,0.0
XY,Alcarràs,2026-08-28,0.0
XZ,Torroella de Fluvià,2026-08-28,0.0
Y4,Alinyà,2026-08-28,0.0
Y5,Navata,2026-08-28,0.0
Y6,Tivissa,2026-08-28,0.0
YA,Puigcerdà,2026-08-28,0.0
YB,Olot,2026-08-28,0.0
YC,la Pobla de Segur,2026-08-28,0.0
YD,les Borges Blanques,2026-08-28,0.0
YE,Massoteres,2026-08-28,0.0
YF,Miami Platja,2026-08-28,0.0
YG,Tírvia,2026-08-28,0.0
YH,Pujalt,2026-08-28,0.0
YJ,Lleida - la Femosa,2026-08-28,0.0
YK,Terrassa,2026-08-28,0.0
YL,Riudecanyes,2026-08-28,0.0
YM,Granollers,2026-08-28,0.0
YN,Vielha - Elipòrt,2026-08-28,0.0
YO,Sant Sadurní d'Anoia,2026-08-28,0.0
YP,Palafrugell,2026-08-28,0.1
YQ,Port de Barcelona - ZAL Prat,2026-08-28,0.2
YR,Vilanova i la Geltrú,2026-08-28,0.7
YS,Cabanes,2026-08-28,0.0
YT,Bonabé (1.691 m),2026-08-28,0.0
YU,Cantonigròs,2026-08-28,0.0
YV,Mataró,2026-08-28,0.0
YX,Batea,2026-08-28,0.0
YY,Viladecans - les Filipines,2026-08-28,0.1
Z1,Bonaigua (2.262 m),2026-08-28,0.0
Z2,Boí (2.537 m),2026-08-28,0.0
Z3,Malniu (2.229 m),2026-08-28,0.0
Z5,Certascan (2.398 m),2026-08-28,0.0
Z6,Sasseuva (2.226 m),2026-08-28,0.0
Z7,Espot (2.519 m),2026-08-28,0.0
Z9,Cadí Nord (2.145 m) - Prat d'Aguiló,2026-08-28,0.0
ZB,Salòria (2.451 m),2026-08-28,0.0
ZC,Ulldeter (2.413 m),2026-08-28,0.0
ZE,el Port del Comte (2.288 m),2026-08-28,0.0
C6,Castellnou de Seana,2026-08-29,0.0
C7,Tàrrega,2026-08-29,0.0
C8,Cervera,2026-08-29,0.0
C9,Mas de Barberans,2026-08-29,0.0
CC,Orís,2026-08-29,0.0
CD,la Seu d'Urgell - Bellestar,2026-08-29,0.0
CE,els Hostalets de Pierola,2026-08-29,0.0
CG,Molló - Fabert,2026-08-29,0.0
CI,Sant Pau de Segúries,2026-08-29,0.0
CJ,Organyà,2026-08-29,0.0
CL,Sant Salvador de Guardiola,2026-08-29,0.0
CP,Sant Romà d'Abella,2026-08-29,0.0
CQ,Vilanova de Meià,2026-08-29,0.0
CR,la Quar,2026-08-29,0.0
CT,el Pont de Suert,2026-08-29,0.0
CW,l'Espluga de Francolí,2026-08-29,0.0
CY,Muntanyola,2026-08-29,0.0
D1,Margalef,2026-08-29,0.0
D2,Vacarisses,2026-08-29,0.0
D3,Vallirana,2026-08-29,0.0
D4,Roses,2026-08-29,0.0
D5,Barcelona - Observatori Fabra,2026-08-29,0.0
D6,Portbou - coll dels Belitres,2026-08-29,0.0
D7,Vinebre,2026-08-29,0.0
D8,Horta de Sant Joan,2026-08-29,0.0
D9,el Vendrell,2026-08-29,0.0
DB,el Perelló,2026-08-29,0.0
DF,la Bisbal d'Empordà,2026-08-29,0.0
DG,Núria (1.971 m),2026-08-29,0.0
DI,Font-rubí,2026-08-29,0.0
DJ,Banyoles,2026-08-29,0.0
DK,Torredembarra,2026-08-29,0.0
DL,Illa de Buda,2026-08-29,0.0
DN,Anglès,2026-08-29,0.0
DO,Castell d'Aro,2026-08-29,0.0
DP,Das - Aeròdrom,2026-08-29,0.0
DQ,Vila-rodona,2026-08-29,0.0
H1,Òdena,2026-08-29,0.0
J5,Pantà de Darnius - Boadella,2026-08-29,0.0
KE,Pantà de Sau,2026-08-29,0.0
KP,Fogars de la Selva,2026-08-29,0.0
KX,la Roca del Vallès - ETAP Cardedeu,2026-08-29,0.0
M6,Sant Joan de les Abadesses,2026-08-29,0.0
MQ,Cardona,2026-08-29,0.0
MR,Pantà de Siurana,2026-08-29,0.0
MS,Castellar de n'Hug - el Clot del Moro,2026-08-29,0.0
MV,Guixers - Valls,2026-08-29,0.0
MW,Navès,2026-08-29,0.0
U2,Sant Pere Pescador,2026-08-29,0.0
U3,Sant Martí Sarroca,2026-08-29,0.0
U4,Castellnou de Bages,2026-08-29,0.0
U6,Vinyols i els Arcs - Cambrils,2026-08-29,0.0
U7,Aldover,2026-08-29,0.0
U9,l'Aldea,2026-08-29,0.0
UA,l'Ametlla de Mar,2026-08-29,0.0
UB,la Tallada d'Empordà,2026-08-29,0.0
UE,Torroella de Montgrí,2026-08-29,0.0
UF,PN del Garraf - el Rascler,2026-08-29,0.0
UH,el Montmell,2026-08-29,0.0
UI,Gisclareny,2026-08-29,0.0
UJ,Santa Coloma de Queralt,2026-08-29,0.0
UK,Sant Pere de Ribes - PN del Garraf,2026-08-29,0.0
UM,la Granadella,2026-08-29,0.0
UN,Cassà de la Selva,2026-08-29,0.0
UO,Fornells de la Selva,2026-08-29,0.0
UP,Cabrils,2026-08-29,0.0
UQ,Dosrius - PN Montnegre Corredor,2026-08-29,0.0
US,les Cases d'Alcanar,2026-08-29,0.0
UU,Amposta,2026-08-29,0.0
UW,els Alfacs,2026-08-29,0.0
UX,Ulldecona - els Valentins,2026-08-29,0.0
UY,Os de Balaguer - el Monestir d'Avellanes,2026-08-29,0.0
V1,Vallfogona de Balaguer,2026-08-29,0.0
V4,Montesquiu,2026-08-29,0.0
V5,Perafita,2026-08-29,0.0
V8,el Poal,2026-08-29,0.0
VA,Ascó,2026-08-29,0.0
VB,Benissanet,2026-08-29,0.0
VC,Pantà de Riba-roja,2026-08-29,0.0
VD,el Canós,2026-08-29,0.0
VH,Gimenells,2026-08-29,0.0
VK,Raimat,2026-08-29,0.0
VM,Vilanova de Segrià,2026-08-29,0.0
VO,Lladurs,2026-08-29,0.0
VP,Pinós,2026-08-29,0.0
VQ,Constantí,2026-08-29,0.0
VS,Lac Redon (2.245 m),2026-08-29,0.0
VU,Rellinars,2026-08-29,0.0
VV,Sant Llorenç Savall,2026-08-29,0.0
VX,Tagamanent - PN del Montseny,2026-08-29,0.0
VY,Nulles,2026-08-29,0.0
VZ,Espolla,2026-08-29,0.0
W1,Castelló d'Empúries,2026-08-29,0.0
W4,Vilafranca del Penedès - la Granada,2026-08-29,0.0
W5,Oliana,2026-08-29,0.0
W8,Blancafort,2026-08-29,0.0
W9,la Vall d'en Bas,2026-08-29,0.0
WA,Oliola,2026-08-29,0.0
WB,Albesa,2026-08-29,0.0
WC,Golmés,2026-08-29,0.0
WG,Algerri,2026-08-29,0.0
WI,Maials,2026-08-29,0.0
WJ,el Masroig,2026-08-29,0.0
WK,Alfarràs,2026-08-29,0.0
WL,Sant Martí de Riucorb,2026-08-29,0.0
WM,Santuari de Queralt,2026-08-29,0.0
WN,Montserrat - Sant Dimes,2026-08-29,0.0
WO,la Bisbal del Penedès,2026-08-29,0.0
WP,Canaletes,2026-08-29,0.0
WQ,Montsec d'Ares (1.571 m),2026-08-29,0.0
WR,Torroja del Priorat,2026-08-29,0.0
WS,Viladrau,2026-08-29,0.0
WT,Malgrat de Mar,2026-08-29,0.0
WU,Badalona - Museu,2026-08-29,0.0
WV,Guardiola de Berguedà,2026-08-29,0.0
WW,Artés,2026-08-29,0.0
WX,Camarasa,2026-08-29,0.0
WZ,Cunit,2026-08-29,0.0
X1,Falset,2026-08-29,0.0
X3,Alguaire,2026-08-29,0.0
X4,Barcelona - el Raval,2026-08-29,0.0
X5,PN dels Ports,2026-08-29,0.0
X6,Baldomar,2026-08-29,0.0
X7,Torres de Segre,2026-08-29,0.0
X8,Barcelona - Zona Universitària,2026-08-29,0.0
X9,Caldes de Montbui,2026-08-29,0.0
XA,la Panadella,2026-08-29,0.0
XB,la Llacuna,2026-08-29,0.0
XC,Castellbisbal,2026-08-29,0.0
XD,Ulldemolins,2026-08-29,0.0
XE,Tarragona - Complex Educatiu,2026-08-29,0.0
XF,Sabadell - Parc Agrari,2026-08-29,0.0
XG,Parets del Vallès,2026-08-29,0.0
XH,Sort,2026-08-29,0.0
XI,Mollerussa,2026-08-29,0.0
XJ,Girona,2026-08-29,0.0
XK,Puig Sesolles (1.666 m),2026-08-29,0.0
XL,el Prat de Llobregat,2026-08-29,0.0
XM,els Alamús,2026-08-29,0.0
XN,Seròs,2026-08-29,0.0
XO,Vic,2026-08-29,0.0
XP,Gandesa,2026-08-29,0.0
XQ,Tremp,2026-08-29,0.0
XR,Prades,2026-08-29,0.0
XS,Santa Coloma de Farners,2026-08-29,0.0
XT,Solsona,2026-08-29,0.0
XU,Canyelles,2026-08-29,0.0
XV,Sant Cugat del Vallès - CAR,2026-08-29,0.0
XX,Anglesola - Tornabous,2026-08-29,0.0
XY,Alcarràs,2026-08-29,0.0
XZ,Torroella de Fluvià,2026-08-29,0.0
Y4,Alinyà,2026-08-29,0.0
Y5,Navata,2026-08-29,0.0
Y6,Tivissa,2026-08-29,0.0
YA,Puigcerdà,2026-08-29,0.0
YB,Olot,2026-08-29,0.0
YC,la Pobla de Segur,2026-08-29,0.0
YD,les Borges Blanques,2026-08-29,0.0
YE,Massoteres,2026-08-29,0.0
YF,Miami Platja,2026-08-29,0.0
YG,Tírvia,2026-08-29,0.0
YH,Pujalt,2026-08-29,0.0
YJ,Lleida - la Femosa,2026-08-29,0.0
YK,Terrassa,2026-08-29,0.0
YL,Riudecanyes,2026-08-29,0.0
YM,Granollers,2026-08-29,0.0
YN,Vielha - Elipòrt,2026-08-29,0.0
YO,Sant Sadurní d'Anoia,2026-08-29,0.0
YP,Palafrugell,2026-08-29,0.0
YQ,Port de Barcelona - ZAL Prat,2026-08-29,0.0
YR,Vilanova i la Geltrú,2026-08-29,0.0
YS,Cabanes,2026-08-29,0.0
YT,Bonabé (1.691 m),2026-08-29,0.0
YU,Cantonigròs,2026-08-29,0.0
YV,Mataró,2026-08-29,0.0
YX,Batea,2026-08-29,0.0
YY,Viladecans - les Filipines,2026-08-29,0.0
Z1,Bonaigua (2.262 m),2026-08-29,0.0
Z2,Boí (2.537 m),2026-08-29,0.0
Z3,Malniu (2.229 m),2026-08-29,0.0
Z5,Certascan (2.398 m),2026-08-29,0.0
Z6,Sasseuva (2.226 m),2026-08-29,0.0
Z7,Espot (2.519 m),2026-08-29,0.0
Z9,Cadí Nord (2.145 m) - Prat d'Aguiló,2026-08-29,0.0
ZB,Salòria (2.451 m),2026-08-29,0.0
ZC,Ulldeter (2.413 m),2026-08-29,0.0
ZE,el Port del Comte (2.288 m),2026-08-29,0.0
C6,Castellnou de Seana,2026-08-30,0.0
C7,Tàrrega,2026-08-30,0.0
C8,Cervera,2026-08-30,0.0
C9,Mas de Barberans,2026-08-30,0.0
CC,Orís,2026-08-30,0.0
CD,la Seu d'Urgell - Bellestar,2026-08-30,0.0
CE,els Hostalets de Pierola,2026-08-30,0.0
CG,Molló - Fabert,2026-08-30,0.0
CI,Sant Pau de Segúries,2026-08-30,0.0
CJ,Organyà,2026-08-30,0.0
CL,Sant Salvador de Guardiola,2026-08-30,0.0
CP,Sant Romà d'Abella,2026-08-30,0.0
CQ,Vilanova de Meià,2026-08-30,0.0
CR,la Quar,2026-08-30,0.0
CT,el Pont de Suert,2026-08-30,0.0
CW,l'Espluga de Francolí,2026-08-30,0.0
CY,Muntanyola,2026-08-30,0.0
D1,Margalef,2026-08-30,0.0
D2,Vacarisses,2026-08-30,0.0
D3,Vallirana,2026-08-30,0.0
D4,Roses,2026-08-30,0.0
D5,Barcelona - Observatori Fabra,2026-08-30,0.0
D6,Portbou - coll dels Belitres,2026-08-30,0.0
D7,Vinebre,2026-08-30,0.0
D8,Horta de Sant Joan,2026-08-30,0.0
D9,el Vendrell,2026-08-30,0.0
DB,el Perelló,2026-08-30,0.0
DF,la Bisbal d'Empordà,2026-08-30,0.0
DG,Núria (1.971 m),2026-08-30,0.0
DI,Font-rubí,2026-08-30,0.0
DJ,Banyoles,2026-08-30,0.0
DK,Torredembarra,2026-08-30,0.0
DL,Illa de Buda,2026-08-30,0.0
DN,Anglès,2026-08-30,0.0
DO,Castell d'Aro,2026-08-30,0.0
DP,Das - Aeròdrom,2026-08-30,0.0
DQ,Vila-rodona,2026-08-30,0.0
H1,Òdena,2026-08-30,0.0
J5,Pantà de Darnius - Boadella,2026-08-30,0.0
KE,Pantà de Sau,2026-08-30,0.0
KP,Fogars de la Selva,2026-08-30,0.0
KX,la Roca del Vallès - ETAP Cardedeu,2026-08-30,0.0
M6,Sant Joan de les Abadesses,2026-08-30,0.0
MQ,Cardona,2026-08-30,0.0
MR,Pantà de Siurana,2026-08-30,0.0
MS,Castellar de n'Hug - el Clot del Moro,2026-08-30,0.0
MV,Guixers - Valls,2026-08-30,0.0
MW,Navès,2026-08-30,0.0
U2,Sant Pere Pescador,2026-08-30,0.0
U3,Sant Martí Sarroca,2026-08-30,0.0
U4,Castellnou de Bages,2026-08-30,0.0
U6,Vinyols i els Arcs - Cambrils,2026-08-30,0.0
U7,Aldover,2026-08-30,0.0
U9,l'Aldea,2026-08-30,0.0
UA,l'Ametlla de Mar,2026-08-30,0.0
UB,la Tallada d'Empordà,2026-08-30,0.0
UE,Torroella de Montgrí,2026-08-30,0.0
UF,PN del Garraf - el Rascler,2026-08-30,0.0
UH,el Montmell,2026-08-30,0.0
UI,Gisclareny,2026-08-30,0.0
UJ,Santa Coloma de Queralt,2026-08-30,0.0
UK,Sant Pere de Ribes - PN del Garraf,2026-08-30,0.0
UM,la Granadella,2026-08-30,0.0
UN,Cassà de la Selva,2026-08-30,0.0
UO,Fornells de la Selva,2026-08-30,0.0
UP,Cabrils,2026-08-30,0.0
UQ,Dosrius - PN Montnegre Corredor,2026-08-30,0.0
US,les Cases d'Alcanar,2026-08-30,0.0
UU,Amposta,2026-08-30,0.0
UW,els Alfacs,2026-08-30,0.0
UX,Ulldecona - els Valentins,2026-08-30,0.0
UY,Os de Balaguer - el Monestir d'Avellanes,2026-08-30,0.0
V1,Vallfogona de Balaguer,2026-08-30,0.0
V4,Montesquiu,2026-08-30,0.0
V5,Perafita,2026-08-30,0.0
V8,el Poal,2026-08-30,0.0
VA,Ascó,2026-08-30,0.0
VB,Benissanet,2026-08-30,0.0
VC,Pantà de Riba-roja,2026-08-30,0.0
VD,el Canós,2026-08-30,0.0
VH,Gimenells,2026-08-30,0.0
VK,Raimat,2026-08-30,0.0
VM,Vilanova de Segrià,2026-08-30,0.0
VO,Lladurs,2026-08-30,0.0
VP,Pinós,2026-08-30,0.0
VQ,Constantí,2026-08-30,0.0
VS,Lac Redon (2.245 m),2026-08-30,0.0
VU,Rellinars,2026-08-30,0.0
VV,Sant Llorenç Savall,2026-08-30,0.0
VX,Tagamanent - PN del Montseny,2026-08-30,0.0
VY,Nulles,2026-08-30,0.0
VZ,Espolla,2026-08-30,0.0
W1,Castelló d'Empúries,2026-08-30,0.0
W4,Vilafranca del Penedès - la Granada,2026-08-30,0.0
W5,Oliana,2026-08-30,0.0
W8,Blancafort,2026-08-30,0.0
W9,la Vall d'en Bas,2026-08-30,0.0
WA,Oliola,2026-08-30,0.0
WB,Albesa,2026-08-30,0.0
WC,Golmés,2026-08-30,0.0
WG,Algerri,2026-08-30,0.0
WI,Maials,2026-08-30,0.0
WJ,el Masroig,2026-08-30,0.0
WK,Alfarràs,2026-08-30,0.0
WL,Sant Martí de Riucorb,2026-08-30,0.0
WM,Santuari de Queralt,2026-08-30,0.0
WN,Montserrat - Sant Dimes,2026-08-30,0.0
WO,la Bisbal del Penedès,2026-08-30,0.0
WP,Canaletes,2026-08-30,0.0
WQ,Montsec d'Ares (1.571 m),2026-08-30,0.0
WR,Torroja del Priorat,2026-08-30,0.0
WS,Viladrau,2026-08-30,0.0
WT,Malgrat de Mar,2026-08-30,0.0
WU,Badalona - Museu,2026-08-30,0.0
WV,Guardiola de Berguedà,2026-08-30,0.0
WW,Artés,2026-08-30,0.0
WX,Camarasa,2026-08-30,0.0
WZ,Cunit,2026-08-30,0.0
X1,Falset,2026-08-30,0.0
X3,Alguaire,2026-08-30,0.0
X4,Barcelona - el Raval,2026-08-30,0.0
X5,PN dels Ports,2026-08-30,0.0
X6,Baldomar,2026-08-30,0.0
X7,Torres de Segre,2026-08-30,0.0
X8,Barcelona - Zona Universitària,2026-08-30,0.0
X9,Caldes de Montbui,2026-08-30,0.0
XA,la Panadella,2026-08-30,0.0
XB,la Llacuna,2026-08-30,0.0
XC,Castellbisbal,2026-08-30,0.0
XD,Ulldemolins,2026-08-30,0.0
XE,Tarragona - Complex Educatiu,2026-08-30,0.0
XF,Sabadell - Parc Agrari,2026-08-30,0.0
XG,Parets del Vallès,2026-08-30,0.0
XH,Sort,2026-08-30,0.0
XI,Mollerussa,2026-08-30,0.0
XJ,Girona,2026-08-30,0.0
XK,Puig Sesolles (1.666 m),2026-08-30,0.0
XL,el Prat de Llobregat,2026-08-30,0.0
XM,els Alamús,2026-08-30,0.0
XN,Seròs,2026-08-30,0.0
XO,Vic,2026-08-30,0.0
XP,Gandesa,2026-08-30,0.0
XQ,Tremp,2026-08-30,0.0
XR,Prades,2026-08-30,0.0
XS,Santa Coloma de Farners,2026-08-30,0.0
XT,Solsona,2026-08-30,0.0
XU,Canyelles,2026-08-30,0.0
XV,Sant Cugat del Vallès - CAR,2026-08-30,0.0
XX,Anglesola - Tornabous,2026-08-30,0.0
XY,Alcarràs,2026-08-30,0.0
XZ,Torroella de Fluvià,2026-08-30,0.0
Y4,Alinyà,2026-08-30,0.0
Y5,Navata,2026-08-30,0.0
Y6,Tivissa,2026-08-30,0.0
YA,Puigcerdà,2026-08-30,0.0
YB,Olot,2026-08-30,0.0
YC,la Pobla de Segur,2026-08-30,0.0
YD,les Borges Blanques,2026-08-30,0.0
YE,Massoteres,2026-08-30,0.0
YF,Miami Platja,2026-08-30,0.0
YG,Tírvia,2026-08-30,0.0
YH,Pujalt,2026-08-30,0.0
YJ,Lleida - la Femosa,2026-08-30,0.0
YK,Terrassa,2026-08-30,0.0
YL,Riudecanyes,2026-08-30,0.0
YM,Granollers,2026-08-30,0.0
YN,Vielha - Elipòrt,2026-08-30,0.0
YO,Sant Sadurní d'Anoia,2026-08-30,0.0
YP,Palafrugell,2026-08-30,0.0
YQ,Port de Barcelona - ZAL Prat,2026-08-30,0.0
YR,Vilanova i la Geltrú,2026-08-30,0.0
YS,Cabanes,2026-08-30,0.0
YT,Bonabé (1.691 m),2026-08-30,0.0
YU,Cantonigròs,2026-08-30,0.0
YV,Mataró,2026-08-30,0.0
YX,Batea,2026-08-30,0.0
YY,Viladecans - les Filipines,2026-08-30,0.0
Z1,Bonaigua (2.262 m),2026-08-30,0.0
Z2,Boí (2.537 m),2026-08-30,0.0
Z3,Malniu (2.229 m),2026-08-30,0.0
Z5,Certascan (2.398 m),2026-08-30,0.0
Z6,Sasseuva (2.226 m),2026-08-30,0.0
Z7,Espot (2.519 m),2026-08-30,0.0
Z9,Cadí Nord (2.145 m) - Prat d'Aguiló,2026-08-30,0.0
ZB,Salòria (2.451 m),2026-08-30,0.0
ZC,Ulldeter (2.413 m),2026-08-30,0.0
ZE,el Port del Comte (2.288 m),2026-08-30,0.0
C6,Castellnou de Seana,2026-08-31,0.0
C7,Tàrrega,2026-08-31,0.0
C8,Cervera,2026-08-31,0.0
C9,Mas de Barberans,2026-08-31,0.0
CC,Orís,2026-08-31,0.0
CD,la Seu d'Urgell - Bellestar,2026-08-31,0.0
CE,els Hostalets de Pierola,2026-08-31,0.0
CG,Molló - Fabert,2026-08-31,0.0
CI,Sant Pau de Segúries,2026-08-31,0.0
CJ,Organyà,2026-08-31,0.0
CL,Sant Salvador de Guardiola,2026-08-31,0.0
CP,Sant Romà d'Abella,2026-08-31,0.0
CQ,Vilanova de Meià,2026-08-31,0.0
CR,la Quar,2026-08-31,0.0
CT,el Pont de Suert,2026-08-31,0.0
CW,l'Espluga de Francolí,2026-08-31,0.0
CY,Muntanyola,2026-08-31,0.0
D1,Margalef,2026-08-31,0.0
D2,Vacarisses,2026-08-31,0.0
D3,Vallirana,2026-08-31,0.0
D4,Roses,2026-08-31,0.0
D5,Barcelona - Observatori Fabra,2026-08-31,0.0
D6,Portbou - coll dels Belitres,2026-08-31,0.0
D7,Vinebre,2026-08-31,0.0
D8,Horta de Sant Joan,2026-08-31,0.0
D9,el Vendrell,2026-08-31,0.0
DB,el Perelló,2026-08-31,0.0
DF,la Bisbal d'Empordà,2026-08-31,0.0
DG,Núria (1.971 m),2026-08-31,0.0
DI,Font-rubí,2026-08-31,0.0
DJ,Banyoles,2026-08-31,0.0
DK,Torredembarra,2026-08-31,0.0
DL,Illa de Buda,2026-08-31,0.0
DN,Anglès,2026-08-31,0.0
DO,Castell d'Aro,2026-08-31,0.0
DP,Das - Aeròdrom,2026-08-31,0.0
DQ,Vila-rodona,2026-08-31,0.0
H1,Òdena,2026-08-31,0.0
J5,Pantà de Darnius - Boadella,2026-08-31,0.0
KE,Pantà de Sau,2026-08-31,0.0
KP,Fogars de la Selva,2026-08-31,0.0
KX,la Roca del Vallès - ETAP Cardedeu,2026-08-31,0.0
M6,Sant Joan de les Abadesses,2026-08-31,0.0
MQ,Cardona,2026-08-31,0.0
MR,Pantà de Siurana,2026-08-31,0.0
MS,Castellar de n'Hug - el Clot del Moro,2026-08-31,0.0
MV,Guixers - Valls,2026-08-31,0.0
MW,Navès,2026-08-31,0.0
U2,Sant Pere Pescador,2026-08-31,0.0
U3,Sant Martí Sarroca,2026-08-31,0.0
U4,Castellnou de Bages,2026-08-31,0.0
U6,Vinyols i els Arcs - Cambrils,2026-08-31,0.0
U7,Aldover,2026-08-31,0.0
U9,l'Aldea,2026-08-31,0.0
UA,l'Ametlla de Mar,2026-08-31,0.0
UB,la Tallada d'Empordà,2026-08-31,0.0
UE,Torroella de Montgrí,2026-08-31,0.0
UF,PN del Garraf - el Rascler,2026-08-31,0.1
UH,el Montmell,2026-08-31,0.0
UI,Gisclareny,2026-08-31,0.0
UJ,Santa Coloma de Queralt,2026-08-31,0.0
UK,Sant Pere de Ribes - PN del Garraf,2026-08-31,0.0
UM,la Granadella,2026-08-31,0.0
UN,Cassà de la Selva,2026-08-31,0.0
UO,Fornells de la Selva,2026-08-31,0.0
UP,Cabrils,2026-08-31,0.0
UQ,Dosrius - PN Montnegre Corredor,2026-08-31,0.0
US,les Cases d'Alcanar,2026-08-31,0.0
UU,Amposta,2026-08-31,0.0
UW,els Alfacs,2026-08-31,0.0
UX,Ulldecona - els Valentins,2026-08-31,0.0
UY,Os de Balaguer - el Monestir d'Avellanes,2026-08-31,0.0
V1,Vallfogona de Balaguer,2026-08-31,0.0
V4,Montesquiu,2026-08-31,0.0
V5,Perafita,2026-08-31,0.0
V8,el Poal,2026-08-31,0.0
VA,Ascó,2026-08-31,0.0
VB,Benissanet,2026-08-31,0.0
VC,Pantà de Riba-roja,2026-08-31,0.0
VD,el Canós,2026-08-31,0.0
VH,Gimenells,2026-08-31,0.0
VK,Raimat,2026-08-31,0.0
VM,Vilanova de Segrià,2026-08-31,0.0
VO,Lladurs,2026-08-31,0.0
VP,Pinós,2026-08-31,0.0
VQ,Constantí,2026-08-31,0.0
VS,Lac Redon (2.245 m),2026-08-31,0.0
VU,Rellinars,2026-08-31,0.0
VV,Sant Llorenç Savall,2026-08-31,0.0
VX,Tagamanent - PN del Montseny,2026-08-31,0.0
VY,Nulles,2026-08-31,0.0
VZ,Espolla,2026-08-31,0.0
W1,Castelló d'Empúries,2026-08-31,0.0
W4,Vilafranca del Penedès - la Granada,2026-08-31,0.0
W5,Oliana,2026-08-31,0.0
W8,Blancafort,2026-08-31,0.0
W9,la Vall d'en Bas,2026-08-31,0.5
WA,Oliola,2026-08-31,0.0
WB,Albesa,2026-08-31,0.0
WC,Golmés,2026-08-31,0.0
WG,Algerri,2026-08-31,0.0
WI,Maials,2026-08-31,0.0
WJ,el Masroig,2026-08-31,0.0
WK,Alfarràs,2026-08-31,0.0
WL,Sant Martí de Riucorb,2026-08-31,0.0
WM,Santuari de Queralt,2026-08-31,0.0
WN,Montserrat - Sant Dimes,2026-08-31,0.0
WO,la Bisbal del Penedès,2026-08-31,0.0
WP,Canaletes,2026-08-31,0.0
WQ,Montsec d'Ares (1.571 m),2026-08-31,0.0
WR,Torroja del Priorat,2026-08-31,0.0
WS,Viladrau,2026-08-31,0.0
WT,Malgrat de Mar,2026-08-31,0.0
WU,Badalona - Museu,2026-08-31,0.0
WV,Guardiola de Berguedà,2026-08-31,0.0
WW,Artés,2026-08-31,0.0
WX,Camarasa,2026-08-31,0.0
WZ,Cunit,2026-08-31,0.0
X1,Falset,2026-08-31,0.0
X3,Alguaire,2026-08-31,0.0
X4,Barcelona - el Raval,2026-08-31,0.0
X5,PN dels Ports,2026-08-31,0.0
X6,Baldomar,2026-08-31,0.0
X7,Torres de Segre,2026-08-31,0.0
X8,Barcelona - Zona Universitària,2026-08-31,0.0
X9,Caldes de Montbui,2026-08-31,0.0
XA,la Panadella,2026-08-31,0.0
XB,la Llacuna,2026-08-31,0.0
XC,Castellbisbal,2026-08-31,0.0
XD,Ulldemolins,2026-08-31,0.0
XE,Tarragona - Complex Educatiu,2026-08-31,0.0
XF,Sabadell - Parc Agrari,2026-08-31,0.0
XG,Parets del Vallès,2026-08-31,0.0
XH,Sort,2026-08-31,0.0
XI,Mollerussa,2026-08-31,0.0
XJ,Girona,2026-08-31,0.0
XK,Puig Sesolles (1.666 m),2026-08-31,0.0
XL,el Prat de Llobregat,2026-08-31,0.0
XM,els Alamús,2026-08-31,0.0
XN,Seròs,2026-08-31,0.0
XO,Vic,2026-08-31,0.0
XP,Gandesa,2026-08-31,0.0
XQ,Tremp,2026-08-31,0.0
XR,Prades,2026-08-31,0.0
XS,Santa Coloma de Farners,2026-08-31,0.0
XT,Solsona,2026-08-31,0.0
XU,Canyelles,2026-08-31,0.0
XV,Sant Cugat del Vallès - CAR,2026-08-31,0.0
XX,Anglesola - Tornabous,2026-08-31,0.0
XY,Alcarràs,2026-08-31,0.0
XZ,Torroella de Fluvià,2026-08-31,0.0
Y4,Alinyà,2026-08-31,0.0
Y5,Navata,2026-08-31,0.0
Y6,Tivissa,2026-08-31,0.0
YA,Puigcerdà,2026-08-31,0.0
YB,Olot,2026-08-31,0.0
YC,la Pobla de Segur,2026-08-31,0.0
YD,les Borges Blanques,2026-08-31,0.0
YE,Massoteres,2026-08-31,0.0
YF,Miami Platja,2026-08-31,0.0
YG,Tírvia,2026-08-31,0.0
YH,Pujalt,2026-08-31,0.0
YJ,Lleida - la Femosa,2026-08-31,0.0
YK,Terrassa,2026-08-31,0.0
YL,Riudecanyes,2026-08-31,0.0
YM,Granollers,2026-08-31,0.0
YN,Vielha - Elipòrt,2026-08-31,0.0
YO,Sant Sadurní d'Anoia,2026-08-31,0.0
YP,Palafrugell,2026-08-31,0.0
YQ,Port de Barcelona - ZAL Prat,2026-08-31,0.0
YR,Vilanova i la Geltrú,2026-08-31,0.0
YS,Cabanes,2026-08-31,0.0
YT,Bonabé (1.691 m),2026-08-31,0.0
YU,Cantonigròs,2026-08-31,0.0
YV,Mataró,2026-08-31,0.0
YX,Batea,2026-08-31,0.0
YY,Viladecans - les Filipines,2026-08-31,0.0
Z1,Bonaigua (2.262 m),2026-08-31,0.0
Z2,Boí (2.537 m),2026-08-31,0.0
Z3,Malniu (2.229 m),2026-08-31,0.0
Z5,Certascan (2.398 m),2026-08-31,0.0
Z6,Sasseuva (2.226 m),2026-08-31,0.0
Z7,Espot (2.519 m),2026-08-31,0.0
Z9,Cadí Nord (2.145 m) - Prat d'Aguiló,2026-08-31,0.0
ZB,Salòria (2.451 m),2026-08-31,0.0
ZC,Ulldeter (2.413 m),2026-08-31,0.0
ZE,el Port del Comte (2.288 m),2026-08-31,0.0
