Codi,Nom,Data,Precipitacio_mm
C6,Castellnou de Seana,2026-02-01,0.0
C7,Tàrrega,2026-02-01,0.0
C8,Cervera,2026-02-01,0.1
C9,Mas de Barberans,2026-02-01,0.0
CC,Orís,2026-02-01,0.0
CD,la Seu d'Urgell - Bellestar,2026-02-01,0.0
CE,els Hostalets de Pierola,2026-02-01,0.0
CG,Molló - Fabert,2026-02-01,0.0
CI,Sant Pau de Segúries,2026-02-01,0.0
CJ,Organyà,2026-02-01,0.0
CL,Sant Salvador de Guardiola,2026-02-01,0.0
CP,Sant Romà d'Abella,2026-02-01,0.0
CQ,Vilanova de Meià,2026-02-01,0.0
CR,la Quar,2026-02-01,0.0
CT,el Pont de Suert,2026-02-01,0.0
CW,l'Espluga de Francolí,2026-02-01,0.0
CY,Muntanyola,2026-02-01,0.0
D1,Margalef,2026-02-01,0.0
D2,Vacarisses,2026-02-01,0.0
D3,Vallirana,2026-02-01,0.0
D4,Roses,2026-02-01,0.0
D5,Barcelona - Observatori Fabra,2026-02-01,0.0
D6,Portbou - coll dels Belitres,2026-02-01,0.0
D7,Vinebre,2026-02-01,0.0
D8,Horta de Sant Joan,2026-02-01,0.0
D9,el Vendrell,2026-02-01,0.0
DB,el Perelló,2026-02-01,0.0
DF,la Bisbal d'Empordà,2026-02-01,0.0
DG,Núria (1.971 m),2026-02-01,0.0
DI,Font-rubí,2026-02-01,0.0
DJ,Banyoles,2026-02-01,0.0
DK,Torredembarra,2026-02-01,0.0
DL,Illa de Buda,2026-02-01,0.0
DN,Anglès,2026-02-01,0.0
DO,Castell d'Aro,2026-02-01,0.0
DP,Das - Aeròdrom,2026-02-01,0.0
DQ,Vila-rodona,2026-02-01,0.0
H1,Òdena,2026-02-01,0.0
J5,Pantà de Darnius - Boadella,2026-02-01,0.0
KE,Pantà de Sau,2026-02-01,0.0
KP,Fogars de la Selva,2026-02-01,0.0
KX,la Roca del Vallès - ETAP Cardedeu,2026-02-01,0.0
M6,Sant Joan de les Abadesses,2026-02-01,0.0
MQ,Cardona,2026-02-01,0.0
MR,Pantà de Siurana,2026-02-01,0.0
MS,Castellar de n'Hug - el Clot del Moro,2026-02-01,0.0
MV,Guixers - Valls,2026-02-01,0.0
MW,Navès,2026-02-01,0.0
U2,Sant Pere Pescador,2026-02-01,0.0
U3,Sant Martí Sarroca,2026-02-01,0.0
U4,Castellnou de Bages,2026-02-01,0.0
U6,Vinyols i els Arcs - Cambrils,2026-02-01,0.0
U7,Aldover,2026-02-01,0.0
U9,l'Aldea,2026-02-01,0.0
UA,l'Ametlla de Mar,2026-02-01,0.0
UB,la Tallada d'Empordà,2026-02-01,0.0
UE,Torroella de Montgrí,2026-02-01,0.0
UF,PN del Garraf - el Rascler,2026-02-01,0.0
UH,el Montmell,2026-02-01,0.0
UI,Gisclareny,2026-02-01,0.0
UJ,Santa Coloma de Queralt,2026-02-01,0.1
UK,Sant Pere de Ribes - PN del Garraf,2026-02-01,0.0
UM,la Granadella,2026-02-01,0.0
UN,Cassà de la Selva,2026-02-01,0.0
UO,Fornells de la Selva,2026-02-01,0.0
UP,Cabrils,2026-02-01,0.0
UQ,Dosrius - PN Montnegre Corredor,2026-02-01,0.0
US,les Cases d'Alcanar,2026-02-01,0.0
UU,Amposta,2026-02-01,0.0
UW,els Alfacs,2026-02-01,0.0
UX,Ulldecona - els Valentins,2026-02-01,0.0
UY,Os de Balaguer - el Monestir d'Avellanes,2026-02-01,0.1
V1,Vallfogona de Balaguer,2026-02-01,0.0
V4,Montesquiu,2026-02-01,0.0
V5,Perafita,2026-02-01,0.1
V8,el Poal,2026-02-01,0.1
VA,Ascó,2026-02-01,0.0
VB,Benissanet,2026-02-01,0.0
VC,Pantà de Riba-roja,2026-02-01,0.0
VD,el Canós,2026-02-01,0.0
VH,Gimenells,2026-02-01,0.0
VK,Raimat,2026-02-01,0.0
VM,Vilanova de Segrià,2026-02-01,0.0
VO,Lladurs,2026-02-01,0.0
VP,Pinós,2026-02-01,0.1
VQ,Constantí,2026-02-01,0.0
VS,Lac Redon (2.245 m),2026-02-01,0.3
VU,Rellinars,2026-02-01,0.0
VV,Sant Llorenç Savall,2026-02-01,0.0
VX,Tagamanent - PN del Montseny,2026-02-01,0.0
VY,Nulles,2026-02-01,0.0
VZ,Espolla,2026-02-01,0.0
W1,Castelló d'Empúries,2026-02-01,0.0
W4,Vilafranca del Penedès - la Granada,2026-02-01,0.0
W5,Oliana,2026-02-01,0.1
W8,Blancafort,2026-02-01,0.0
W9,la Vall d'en Bas,2026-02-01,0.0
WA,Oliola,2026-02-01,0.0
WB,Albesa,2026-02-01,0.0
WC,Golmés,2026-02-01,0.1
WG,Algerri,2026-02-01,0.0
WI,Maials,2026-02-01,0.0
WJ,el Masroig,2026-02-01,0.0
WK,Alfarràs,2026-02-01,0.0
WL,Sant Martí de Riucorb,2026-02-01,0.1
WM,Santuari de Queralt,2026-02-01,0.0
WN,Montserrat - Sant Dimes,2026-02-01,0.0
WO,la Bisbal del Penedès,2026-02-01,0.0
WP,Canaletes,2026-02-01,0.0
WQ,Montsec d'Ares (1.571 m),2026-02-01,0.0
WR,Torroja del Priorat,2026-02-01,0.0
WS,Viladrau,2026-02-01,0.0
WT,Malgrat de Mar,2026-02-01,0.0
WU,Badalona - Museu,2026-02-01,0.0
WV,Guardiola de Berguedà,2026-02-01,0.0
WW,Artés,2026-02-01,0.0
WX,Camarasa,2026-02-01,0.1
WZ,Cunit,2026-02-01,0.0
X1,Falset,2026-02-01,0.0
X3,Alguaire,2026-02-01,0.0
X4,Barcelona - el Raval,2026-02-01,0.0
X5,PN dels Ports,2026-02-01,0.0
X6,Baldomar,2026-02-01,0.0
X7,Torres de Segre,2026-02-01,0.0
X8,Barcelona - Zona Universitària,2026-02-01,0.0
X9,Caldes de Montbui,2026-02-01,0.0
XA,la Panadella,2026-02-01,0.0
XB,la Llacuna,2026-02-01,0.0
XC,Castellbisbal,2026-02-01,0.0
XD,Ulldemolins,2026-02-01,0.0
XE,Tarragona - Complex Educatiu,2026-02-01,0.0
XF,Sabadell - Parc Agrari,2026-02-01,0.0
XG,Parets del Vallès,2026-02-01,0.0
XH,Sort,2026-02-01,0.0
XI,Mollerussa,2026-02-01,0.0
XJ,Girona,2026-02-01,0.0
XK,Puig Sesolles (1.666 m),2026-02-01,0.0
XL,el Prat de Llobregat,2026-02-01,0.0
XM,els Alamús,2026-02-01,0.0
XN,Seròs,2026-02-01,0.0
XO,Vic,2026-02-01,0.0
XP,Gandesa,2026-02-01,0.0
XQ,Tremp,2026-02-01,0.0
XR,Prades,2026-02-01,0.0
XS,Santa Coloma de Farners,2026-02-01,0.0
XT,Solsona,2026-02-01,0.0
XU,Canyelles,2026-02-01,0.0
XV,Sant Cugat del Vallès - CAR,2026-02-01,0.0
XX,Anglesola - Tornabous,2026-02-01,0.0
XY,Alcarràs,2026-02-01,0.0
XZ,Torroella de Fluvià,2026-02-01,0.0
Y4,Alinyà,2026-02-01,0.0
Y5,Navata,2026-02-01,0.0
Y6,Tivissa,2026-02-01,0.0
YA,Puigcerdà,2026-02-01,0.0
YB,Olot,2026-02-01,0.0
YC,la Pobla de Segur,2026-02-01,0.0
YD,les Borges Blanques,2026-02-01,0.0
YE,Massoteres,2026-02-01,0.0
YF,Miami Platja,2026-02-01,0.0
YG,Tírvia,2026-02-01,0.0
YH,Pujalt,2026-02-01,0.0
YJ,Lleida - la Femosa,2026-02-01,0.0
YK,Terrassa,2026-02-01,0.0
YL,Riudecanyes,2026-02-01,0.0
YM,Granollers,2026-02-01,0.0
YN,Vielha - Elipòrt,2026-02-01,0.0
YO,Sant Sadurní d'Anoia,2026-02-01,0.0
YP,Palafrugell,2026-02-01,0.0
YQ,Port de Barcelona - ZAL Prat,2026-02-01,0.0
YR,Vilanova i la Geltrú,2026-02-01,0.0
YS,Cabanes,2026-02-01,0.0
YT,Bonabé (1.691 m),2026-02-01,0.6
YU,Cantonigròs,2026-02-01,0.0
YV,Mataró,2026-02-01,0.0
YX,Batea,2026-02-01,0.0
Z1,Bonaigua (2.262 m),2026-02-01,1.7
Z2,Boí (2.537 m),2026-02-01,0.0
Z3,Malniu (2.229 m),2026-02-01,0.0
Z5,Certascan (2.398 m),2026-02-01,0.8
Z6,Sasseuva (2.226 m),2026-02-01,0.6
Z7,Espot (2.519 m),2026-02-01,0.3
Z9,Cadí Nord (2.145 m) - Prat d'Aguiló,2026-02-01,0.0
ZB,Salòria (2.451 m),2026-02-01,0.0
ZC,Ulldeter (2.413 m),2026-02-01,0.0
ZE,el Port del Comte (2.288 m),2026-02-01,0.0
C6,Castellnou de Seana,2026-02-02,3.1
C7,Tàrrega,2026-02-02,6.6
C8,Cervera,2026-02-02,3.4
C9,Mas de Barberans,2026-02-02,1.6
CC,Orís,2026-02-02,7.0
CD,la Seu d'Urgell - Bellestar,2026-02-02,10.3
CE,els Hostalets de Pierola,2026-02-02,2.1
CG,Molló - Fabert,2026-02-02,3.2
CI,Sant Pau de Segúries,2026-02-02,6.6
CJ,Organyà,2026-02-02,15.2
CL,Sant Salvador de Guardiola,2026-02-02,2.2
CP,Sant Romà d'Abella,2026-02-02,11.9
CQ,Vilanova de Meià,2026-02-02,16.9
CR,la Quar,2026-02-02,7.3
CT,el Pont de Suert,2026-02-02,20.4
CW,l'Espluga de Francolí,2026-02-02,1.5
CY,Muntanyola,2026-02-02,8.2
D1,Margalef,2026-02-02,4.2
D2,Vacarisses,2026-02-02,1.9
D3,Vallirana,2026-02-02,6.9
D4,Roses,2026-02-02,0.9
D5,Barcelona - Observatori Fabra,2026-02-02,5.5
D6,Portbou - coll dels Belitres,2026-02-02,0.9
D7,Vinebre,2026-02-02,0.6
D8,Horta de Sant Joan,2026-02-02,1.9
D9,el Vendrell,2026-02-02,4.3
DB,el Perelló,2026-02-02,5.0
DF,la Bisbal d'Empordà,2026-02-02,1.9
DG,Núria (1.971 m),2026-02-02,10.4
DI,Font-rubí,2026-02-02,2.1
DJ,Banyoles,2026-02-02,1.4
DK,Torredembarra,2026-02-02,4.1
DL,Illa de Buda,2026-02-02,0.1
DN,Anglès,2026-02-02,2.0
DO,Castell d'Aro,2026-02-02,0.3
DP,Das - Aeròdrom,2026-02-02,5.2
DQ,Vila-rodona,2026-02-02,2.4
H1,Òdena,2026-02-02,1.3
J5,Pantà de Darnius - Boadella,2026-02-02,0.1
KE,Pantà de Sau,2026-02-02,3.8
KP,Fogars de la Selva,2026-02-02,5.3
KX,la Roca del Vallès - ETAP Cardedeu,2026-02-02,3.4
M6,Sant Joan de les Abadesses,2026-02-02,7.0
MQ,Cardona,2026-02-02,2.6
MR,Pantà de Siurana,2026-02-02,1.6
MS,Castellar de n'Hug - el Clot del Moro,2026-02-02,6.1
MV,Guixers - Valls,2026-02-02,15.2
MW,Navès,2026-02-02,4.5
U2,Sant Pere Pescador,2026-02-02,0.9
U3,Sant Martí Sarroca,2026-02-02,2.9
U4,Castellnou de Bages,2026-02-02,4.7
U6,Vinyols i els Arcs - Cambrils,2026-02-02,1.4
U7,Aldover,2026-02-02,1.5
U9,l'Aldea,2026-02-02,2.5
UA,l'Ametlla de Mar,2026-02-02,3.3
UB,la Tallada d'Empordà,2026-02-02,2.8
UE,Torroella de Montgrí,2026-02-02,1.5
UF,PN del Garraf - el Rascler,2026-02-02,6.2
UH,el Montmell,2026-02-02,3.9
UI,Gisclareny,2026-02-02,13.4
UJ,Santa Coloma de Queralt,2026-02-02,3.8
UK,Sant Pere de Ribes - PN del Garraf,2026-02-02,5.1
UM,la Granadella,2026-02-02,2.5
UN,Cassà de la Selva,2026-02-02,4.2
UO,Fornells de la Selva,2026-02-02,5.5
UP,Cabrils,2026-02-02,5.3
UQ,Dosrius - PN Montnegre Corredor,2026-02-02,6.5
US,les Cases d'Alcanar,2026-02-02,0.1
UU,Amposta,2026-02-02,0.1
UW,els Alfacs,2026-02-02,0.0
UX,Ulldecona - els Valentins,2026-02-02,0.6
UY,Os de Balaguer - el Monestir d'Avellanes,2026-02-02,8.1
V1,Vallfogona de Balaguer,2026-02-02,3.0
V4,Montesquiu,2026-02-02,5.6
V5,Perafita,2026-02-02,5.9
V8,el Poal,2026-02-02,3.1
VA,Ascó,2026-02-02,2.1
VB,Benissanet,2026-02-02,0.7
VC,Pantà de Riba-roja,2026-02-02,2.7
VD,el Canós,2026-02-02,4.4
VH,Gimenells,2026-02-02,3.9
VK,Raimat,2026-02-02,2.8
VM,Vilanova de Segrià,2026-02-02,2.7
VO,Lladurs,2026-02-02,12.3
VP,Pinós,2026-02-02,2.9
VQ,Constantí,2026-02-02,1.3
VS,Lac Redon (2.245 m),2026-02-02,5.2
VU,Rellinars,2026-02-02,2.2
VV,Sant Llorenç Savall,2026-02-02,3.4
VX,Tagamanent - PN del Montseny,2026-02-02,4.3
VY,Nulles,2026-02-02,2.3
VZ,Espolla,2026-02-02,0.5
W1,Castelló d'Empúries,2026-02-02,1.9
W4,Vilafranca del Penedès - la Granada,2026-02-02,3.2
W5,Oliana,2026-02-02,14.1
W8,Blancafort,2026-02-02,2.5
W9,la Vall d'en Bas,2026-02-02,5.8
WA,Oliola,2026-02-02,4.9
WB,Albesa,2026-02-02,2.6
WC,Golmés,2026-02-02,2.6
WG,Algerri,2026-02-02,3.9
WI,Maials,2026-02-02,3.0
WJ,el Masroig,2026-02-02,0.6
WK,Alfarràs,2026-02-02,10.1
WL,Sant Martí de Riucorb,2026-02-02,3.8
WM,Santuari de Queralt,2026-02-02,7.8
WN,Montserrat - Sant Dimes,2026-02-02,2.9
WO,la Bisbal del Penedès,2026-02-02,3.2
WP,Canaletes,2026-02-02,2.0
WQ,Montsec d'Ares (1.571 m),2026-02-02,15.0
WR,Torroja del Priorat,2026-02-02,1.6
WS,Viladrau,2026-02-02,6.2
WT,Malgrat de Mar,2026-02-02,5.6
WU,Badalona - Museu,2026-02-02,2.5
WV,Guardiola de Berguedà,2026-02-02,4.8
WW,Artés,2026-02-02,2.4
WX,Camarasa,2026-02-02,8.6
WZ,Cunit,2026-02-02,3.5
X1,Falset,2026-02-02,1.9
X3,Alguaire,2026-02-02,2.7
X4,Barcelona - el Raval,2026-02-02,5.6
X5,PN dels Ports,2026-02-02,3.1
X6,Baldomar,2026-02-02,8.8
X7,Torres de Segre,2026-02-02,2.8
X8,Barcelona - Zona Universitària,2026-02-02,5.1
X9,Caldes de Montbui,2026-02-02,2.6
XA,la Panadella,2026-02-02,3.7
XB,la Llacuna,2026-02-02,1.5
XC,Castellbisbal,2026-02-02,4.0
XD,Ulldemolins,2026-02-02,1.6
XE,Tarragona - Complex Educatiu,2026-02-02,2.3
XF,Sabadell - Parc Agrari,2026-02-02,3.4
XG,Parets del Vallès,2026-02-02,4.2
XH,Sort,2026-02-02,15.8
XI,Mollerussa,2026-02-02,2.4
XJ,Girona,2026-02-02,1.7
XK,Puig Sesolles (1.666 m),2026-02-02,7.7
XL,el Prat de Llobregat,2026-02-02,5.1
XM,els Alamús,2026-02-02,3.7
XN,Seròs,2026-02-02,2.7
XO,Vic,2026-02-02,5.1
XP,Gandesa,2026-02-02,1.3
XQ,Tremp,2026-02-02,10.2
XR,Prades,2026-02-02,2.5
XS,Santa Coloma de Farners,2026-02-02,3.1
XT,Solsona,2026-02-02,9.0
XU,Canyelles,2026-02-02,4.1
XV,Sant Cugat del Vallès - CAR,2026-02-02,4.0
XX,Anglesola - Tornabous,2026-02-02,2.9
XY,Alcarràs,2026-02-02,2.9
XZ,Torroella de Fluvià,2026-02-02,3.2
Y4,Alinyà,2026-02-02,23.6
Y5,Navata,2026-02-02,1.2
Y6,Tivissa,2026-02-02,1.0
YA,Puigcerdà,2026-02-02,3.9
YB,Olot,2026-02-02,2.5
YC,la Pobla de Segur,2026-02-02,14.5
YD,les Borges Blanques,2026-02-02,1.9
YE,Massoteres,2026-02-02,5.9
YF,Miami Platja,2026-02-02,1.4
YG,Tírvia,2026-02-02,11.8
YH,Pujalt,2026-02-02,3.6
YJ,Lleida - la Femosa,2026-02-02,2.9
YK,Terrassa,2026-02-02,3.6
YL,Riudecanyes,2026-02-02,1.6
YM,Granollers,2026-02-02,3.5
YN,Vielha - Elipòrt,2026-02-02,3.3
YO,Sant Sadurní d'Anoia,2026-02-02,2.9
YP,Palafrugell,2026-02-02,0.4
YQ,Port de Barcelona - ZAL Prat,2026-02-02,6.3
YR,Vilanova i la Geltrú,2026-02-02,5.6
YS,Cabanes,2026-02-02,0.7
YT,Bonabé (1.691 m),2026-02-02,7.5
YU,Cantonigròs,2026-02-02,6.9
YV,Mataró,2026-02-02,5.4
YX,Batea,2026-02-02,2.3
Z1,Bonaigua (2.262 m),2026-02-02,8.7
Z2,Boí (2.537 m),2026-02-02,27.0
Z3,Malniu (2.229 m),2026-02-02,7.1
Z5,Certascan (2.398 m),2026-02-02,9.1
Z6,Sasseuva (2.226 m),2026-02-02,1.1
Z7,Espot (2.519 m),2026-02-02,26.2
Z9,Cadí Nord (2.145 m) - Prat d'Aguiló,2026-02-02,19.0
ZB,Salòria (2.451 m),2026-02-02,21.8
ZC,Ulldeter (2.413 m),2026-02-02,10.0
ZE,el Port del Comte (2.288 m),2026-02-02,19.8
C6,Castellnou de Seana,2026-02-03,0.0
C7,Tàrrega,2026-02-03,0.0
C8,Cervera,2026-02-03,0.0
C9,Mas de Barberans,2026-02-03,0.0
CC,Orís,2026-02-03,0.0
CD,la Seu d'Urgell - Bellestar,2026-02-03,0.0
CE,els Hostalets de Pierola,2026-02-03,0.0
CG,Molló - Fabert,2026-02-03,0.0
CI,Sant Pau de Segúries,2026-02-03,0.0
CJ,Organyà,2026-02-03,0.1
CL,Sant Salvador de Guardiola,2026-02-03,0.0
CP,Sant Romà d'Abella,2026-02-03,0.0
CQ,Vilanova de Meià,2026-02-03,0.0
CR,la Quar,2026-02-03,0.0
CT,el Pont de Suert,2026-02-03,0.9
CW,l'Espluga de Francolí,2026-02-03,0.0
CY,Muntanyola,2026-02-03,0.0
D1,Margalef,2026-02-03,0.1
D2,Vacarisses,2026-02-03,0.0
D3,Vallirana,2026-02-03,0.0
D4,Roses,2026-02-03,0.0
D5,Barcelona - Observatori Fabra,2026-02-03,0.0
D6,Portbou - coll dels Belitres,2026-02-03,0.0
D7,Vinebre,2026-02-03,0.1
D8,Horta de Sant Joan,2026-02-03,0.0
D9,el Vendrell,2026-02-03,0.0
DB,el Perelló,2026-02-03,0.0
DF,la Bisbal d'Empordà,2026-02-03,0.0
DG,Núria (1.971 m),2026-02-03,0.0
DI,Font-rubí,2026-02-03,0.0
DJ,Banyoles,2026-02-03,0.0
DK,Torredembarra,2026-02-03,0.0
DL,Illa de Buda,2026-02-03,0.0
DN,Anglès,2026-02-03,0.0
DO,Castell d'Aro,2026-02-03,0.0
DP,Das - Aeròdrom,2026-02-03,0.0
DQ,Vila-rodona,2026-02-03,0.0
H1,Òdena,2026-02-03,0.0
J5,Pantà de Darnius - Boadella,2026-02-03,0.0
KE,Pantà de Sau,2026-02-03,0.0
KP,Fogars de la Selva,2026-02-03,0.0
KX,la Roca del Vallès - ETAP Cardedeu,2026-02-03,0.0
M6,Sant Joan de les Abadesses,2026-02-03,0.0
MQ,Cardona,2026-02-03,0.1
MR,Pantà de Siurana,2026-02-03,0.0
MS,Castellar de n'Hug - el Clot del Moro,2026-02-03,0.1
MV,Guixers - Valls,2026-02-03,0.1
MW,Navès,2026-02-03,0.1
U2,Sant Pere Pescador,2026-02-03,0.0
U3,Sant Martí Sarroca,2026-02-03,0.0
U4,Castellnou de Bages,2026-02-03,0.1
U6,Vinyols i els Arcs - Cambrils,2026-02-03,0.0
U7,Aldover,2026-02-03,0.0
U9,l'Aldea,2026-02-03,0.1
UA,l'Ametlla de Mar,2026-02-03,0.0
UB,la Tallada d'Empordà,2026-02-03,0.0
UE,Torroella de Montgrí,2026-02-03,0.0
UF,PN del Garraf - el Rascler,2026-02-03,0.0
UH,el Montmell,2026-02-03,0.0
UI,Gisclareny,2026-02-03,0.0
UJ,Santa Coloma de Queralt,2026-02-03,0.0
UK,Sant Pere de Ribes - PN del Garraf,2026-02-03,0.0
UM,la Granadella,2026-02-03,0.0
UN,Cassà de la Selva,2026-02-03,0.1
UO,Fornells de la Selva,2026-02-03,0.0
UP,Cabrils,2026-02-03,0.0
UQ,Dosrius - PN Montnegre Corredor,2026-02-03,0.1
US,les Cases d'Alcanar,2026-02-03,0.0
UU,Amposta,2026-02-03,0.0
UW,els Alfacs,2026-02-03,0.0
UX,Ulldecona - els Valentins,2026-02-03,0.0
UY,Os de Balaguer - el Monestir d'Avellanes,2026-02-03,0.0
V1,Vallfogona de Balaguer,2026-02-03,0.1
V4,Montesquiu,2026-02-03,0.1
V5,Perafita,2026-02-03,0.1
V8,el Poal,2026-02-03,0.0
VA,Ascó,2026-02-03,0.0
VB,Benissanet,2026-02-03,0.2
VC,Pantà de Riba-roja,2026-02-03,0.0
VD,el Canós,2026-02-03,0.0
VH,Gimenells,2026-02-03,0.0
VK,Raimat,2026-02-03,0.1
VM,Vilanova de Segrià,2026-02-03,0.1
VO,Lladurs,2026-02-03,0.0
VP,Pinós,2026-02-03,0.0
VQ,Constantí,2026-02-03,0.0
VS,Lac Redon (2.245 m),2026-02-03,0.0
VU,Rellinars,2026-02-03,0.0
VV,Sant Llorenç Savall,2026-02-03,0.0
VX,Tagamanent - PN del Montseny,2026-02-03,0.0
VY,Nulles,2026-02-03,0.0
VZ,Espolla,2026-02-03,0.0
W1,Castelló d'Empúries,2026-02-03,0.0
W4,Vilafranca del Penedès - la Granada,2026-02-03,0.0
W5,Oliana,2026-02-03,0.1
W8,Blancafort,2026-02-03,0.0
W9,la Vall d'en Bas,2026-02-03,0.0
WA,Oliola,2026-02-03,0.0
WB,Albesa,2026-02-03,0.1
WC,Golmés,2026-02-03,0.0
WG,Algerri,2026-02-03,0.0
WI,Maials,2026-02-03,0.0
WJ,el Masroig,2026-02-03,0.0
WK,Alfarràs,2026-02-03,0.1
WL,Sant Martí de Riucorb,2026-02-03,0.0
WM,Santuari de Queralt,2026-02-03,0.0
WN,Montserrat - Sant Dimes,2026-02-03,0.0
WO,la Bisbal del Penedès,2026-02-03,0.0
WP,Canaletes,2026-02-03,0.0
WQ,Montsec d'Ares (1.571 m),2026-02-03,0.0
WR,Torroja del Priorat,2026-02-03,0.0
WS,Viladrau,2026-02-03,0.0
WT,Malgrat de Mar,2026-02-03,0.0
WU,Badalona - Museu,2026-02-03,0.0
WV,Guardiola de Berguedà,2026-02-03,0.0
WW,Artés,2026-02-03,0.0
WX,Camarasa,2026-02-03,0.0
WZ,Cunit,2026-02-03,0.0
X1,Falset,2026-02-03,0.0
X3,Alguaire,2026-02-03,0.0
X4,Barcelona - el Raval,2026-02-03,0.0
X5,PN dels Ports,2026-02-03,0.0
X6,Baldomar,2026-02-03,0.0
X7,Torres de Segre,2026-02-03,0.0
X8,Barcelona - Zona Universitària,2026-02-03,0.0
X9,Caldes de Montbui,2026-02-03,0.0
XA,la Panadella,2026-02-03,0.0
XB,la Llacuna,2026-02-03,0.0
XC,Castellbisbal,2026-02-03,0.1
XD,Ulldemolins,2026-02-03,0.0
XE,Tarragona - Complex Educatiu,2026-02-03,0.0
XF,Sabadell - Parc Agrari,2026-02-03,0.0
XG,Parets del Vallès,2026-02-03,0.0
XH,Sort,2026-02-03,0.0
XI,Mollerussa,2026-02-03,0.0
XJ,Girona,2026-02-03,0.0
XK,Puig Sesolles (1.666 m),2026-02-03,0.0
XL,el Prat de Llobregat,2026-02-03,0.0
XM,els Alamús,2026-02-03,0.0
XN,Seròs,2026-02-03,0.0
XO,Vic,2026-02-03,0.0
XP,Gandesa,2026-02-03,0.0
XQ,Tremp,2026-02-03,0.0
XR,Prades,2026-02-03,0.0
XS,Santa Coloma de Farners,2026-02-03,0.0
XT,Solsona,2026-02-03,0.0
XU,Canyelles,2026-02-03,0.0
XV,Sant Cugat del Vallès - CAR,2026-02-03,0.0
XX,Anglesola - Tornabous,2026-02-03,0.2
XY,Alcarràs,2026-02-03,0.1
XZ,Torroella de Fluvià,2026-02-03,0.0
Y4,Alinyà,2026-02-03,0.0
Y5,Navata,2026-02-03,0.0
Y6,Tivissa,2026-02-03,0.0
YA,Puigcerdà,2026-02-03,0.0
YB,Olot,2026-02-03,0.0
YC,la Pobla de Segur,2026-02-03,0.1
YD,les Borges Blanques,2026-02-03,0.0
YE,Massoteres,2026-02-03,0.0
YF,Miami Platja,2026-02-03,0.0
YG,Tírvia,2026-02-03,0.0
YH,Pujalt,2026-02-03,0.0
YJ,Lleida - la Femosa,2026-02-03,0.0
YK,Terrassa,2026-02-03,0.0
YL,Riudecanyes,2026-02-03,0.0
YM,Granollers,2026-02-03,0.0
YN,Vielha - Elipòrt,2026-02-03,0.0
YO,Sant Sadurní d'Anoia,2026-02-03,0.0
YP,Palafrugell,2026-02-03,0.0
YQ,Port de Barcelona - ZAL Prat,2026-02-03,0.0
YR,Vilanova i la Geltrú,2026-02-03,0.0
YS,Cabanes,2026-02-03,0.0
YT,Bonabé (1.691 m),2026-02-03,0.2
YU,Cantonigròs,2026-02-03,0.0
YV,Mataró,2026-02-03,0.0
YX,Batea,2026-02-03,0.0
Z1,Bonaigua (2.262 m),2026-02-03,0.3
Z2,Boí (2.537 m),2026-02-03,1.2
Z3,Malniu (2.229 m),2026-02-03,0.0
Z5,Certascan (2.398 m),2026-02-03,0.6
Z6,Sasseuva (2.226 m),2026-02-03,0.0
Z7,Espot (2.519 m),2026-02-03,0.9
Z9,Cadí Nord (2.145 m) - Prat d'Aguiló,2026-02-03,0.3
ZB,Salòria (2.451 m),2026-02-03,0.6
ZC,Ulldeter (2.413 m),2026-02-03,0.0
ZE,el Port del Comte (2.288 m),2026-02-03,0.3
C6,Castellnou de Seana,2026-02-04,0.3
C7,Tàrrega,2026-02-04,0.2
C8,Cervera,2026-02-04,0.8
C9,Mas de Barberans,2026-02-04,1.3
CC,Orís,2026-02-04,0.5
CD,la Seu d'Urgell - Bellestar,2026-02-04,0.3
CE,els Hostalets de Pierola,2026-02-04,0.0
CG,Molló - Fabert,2026-02-04,0.0
CI,Sant Pau de Segúries,2026-02-04,0.6
CJ,Organyà,2026-02-04,1.5
CL,Sant Salvador de Guardiola,2026-02-04,0.9
CP,Sant Romà d'Abella,2026-02-04,0.6
CQ,Vilanova de Meià,2026-02-04,1.8
CR,la Quar,2026-02-04,0.1
CT,el Pont de Suert,2026-02-04,3.2
CW,l'Espluga de Francolí,2026-02-04,0.5
CY,Muntanyola,2026-02-04,0.6
D1,Margalef,2026-02-04,0.9
D2,Vacarisses,2026-02-04,0.2
D3,Vallirana,2026-02-04,0.1
D4,Roses,2026-02-04,0.0
D5,Barcelona - Observatori Fabra,2026-02-04,0.0
D6,Portbou - coll dels Belitres,2026-02-04,0.0
D7,Vinebre,2026-02-04,1.2
D8,Horta de Sant Joan,2026-02-04,1.8
D9,el Vendrell,2026-02-04,0.6
DB,el Perelló,2026-02-04,2.1
DF,la Bisbal d'Empordà,2026-02-04,1.2
DG,Núria (1.971 m),2026-02-04,0.0
DI,Font-rubí,2026-02-04,0.6
DJ,Banyoles,2026-02-04,0.0
DK,Torredembarra,2026-02-04,0.6
DL,Illa de Buda,2026-02-04,1.2
DN,Anglès,2026-02-04,0.0
DO,Castell d'Aro,2026-02-04,1.4
DP,Das - Aeròdrom,2026-02-04,0.0
DQ,Vila-rodona,2026-02-04,1.2
H1,Òdena,2026-02-04,0.3
J5,Pantà de Darnius - Boadella,2026-02-04,0.0
KE,Pantà de Sau,2026-02-04,0.1
KP,Fogars de la Selva,2026-02-04,0.1
KX,la Roca del Vallès - ETAP Cardedeu,2026-02-04,0.0
M6,Sant Joan de les Abadesses,2026-02-04,0.1
MQ,Cardona,2026-02-04,0.2
MR,Pantà de Siurana,2026-02-04,0.9
MS,Castellar de n'Hug - el Clot del Moro,2026-02-04,0.2
MV,Guixers - Valls,2026-02-04,0.8
MW,Navès,2026-02-04,0.2
U2,Sant Pere Pescador,2026-02-04,0.1
U3,Sant Martí Sarroca,2026-02-04,0.4
U4,Castellnou de Bages,2026-02-04,0.0
U6,Vinyols i els Arcs - Cambrils,2026-02-04,0.8
U7,Aldover,2026-02-04,1.8
U9,l'Aldea,2026-02-04,1.5
UA,l'Ametlla de Mar,2026-02-04,1.5
UB,la Tallada d'Empordà,2026-02-04,0.8
UE,Torroella de Montgrí,2026-02-04,0.6
UF,PN del Garraf - el Rascler,2026-02-04,0.1
UH,el Montmell,2026-02-04,1.2
UI,Gisclareny,2026-02-04,0.4
UJ,Santa Coloma de Queralt,2026-02-04,2.6
UK,Sant Pere de Ribes - PN del Garraf,2026-02-04,0.1
UM,la Granadella,2026-02-04,0.7
UN,Cassà de la Selva,2026-02-04,2.0
UO,Fornells de la Selva,2026-02-04,0.1
UP,Cabrils,2026-02-04,0.0
UQ,Dosrius - PN Montnegre Corredor,2026-02-04,0.0
US,les Cases d'Alcanar,2026-02-04,0.6
UU,Amposta,2026-02-04,1.3
UW,els Alfacs,2026-02-04,1.1
UX,Ulldecona - els Valentins,2026-02-04,0.7
UY,Os de Balaguer - el Monestir d'Avellanes,2026-02-04,0.3
V1,Vallfogona de Balaguer,2026-02-04,0.1
V4,Montesquiu,2026-02-04,0.2
V5,Perafita,2026-02-04,0.2
V8,el Poal,2026-02-04,0.3
VA,Ascó,2026-02-04,1.3
VB,Benissanet,2026-02-04,1.2
VC,Pantà de Riba-roja,2026-02-04,1.3
VD,el Canós,2026-02-04,0.2
VH,Gimenells,2026-02-04,1.1
VK,Raimat,2026-02-04,0.5
VM,Vilanova de Segrià,2026-02-04,0.4
VO,Lladurs,2026-02-04,0.3
VP,Pinós,2026-02-04,1.1
VQ,Constantí,2026-02-04,0.6
VS,Lac Redon (2.245 m),2026-02-04,0.6
VU,Rellinars,2026-02-04,0.3
VV,Sant Llorenç Savall,2026-02-04,0.5
VX,Tagamanent - PN del Montseny,2026-02-04,0.1
VY,Nulles,2026-02-04,1.0
VZ,Espolla,2026-02-04,0.0
W1,Castelló d'Empúries,2026-02-04,0.0
W4,Vilafranca del Penedès - la Granada,2026-02-04,0.1
W5,Oliana,2026-02-04,0.3
W8,Blancafort,2026-02-04,0.9
W9,la Vall d'en Bas,2026-02-04,0.0
WA,Oliola,2026-02-04,0.5
WB,Albesa,2026-02-04,0.2
WC,Golmés,2026-02-04,0.3
WG,Algerri,2026-02-04,0.2
WI,Maials,2026-02-04,1.1
WJ,el Masroig,2026-02-04,0.9
WK,Alfarràs,2026-02-04,0.4
WL,Sant Martí de Riucorb,2026-02-04,0.5
WM,Santuari de Queralt,2026-02-04,0.5
WN,Montserrat - Sant Dimes,2026-02-04,0.7
WO,la Bisbal del Penedès,2026-02-04,0.7
WP,Canaletes,2026-02-04,0.3
WQ,Montsec d'Ares (1.571 m),2026-02-04,1.2
WR,Torroja del Priorat,2026-02-04,1.0
WS,Viladrau,2026-02-04,0.2
WT,Malgrat de Mar,2026-02-04,0.0
WU,Badalona - Museu,2026-02-04,0.0
WV,Guardiola de Berguedà,2026-02-04,0.1
WW,Artés,2026-02-04,0.5
WX,Camarasa,2026-02-04,0.3
WZ,Cunit,2026-02-04,0.5
X1,Falset,2026-02-04,1.2
X3,Alguaire,2026-02-04,0.5
X4,Barcelona - el Raval,2026-02-04,0.0
X5,PN dels Ports,2026-02-04,1.9
X6,Baldomar,2026-02-04,0.4
X7,Torres de Segre,2026-02-04,0.7
X8,Barcelona - Zona Universitària,2026-02-04,0.0
X9,Caldes de Montbui,2026-02-04,0.0
XA,la Panadella,2026-02-04,1.0
XB,la Llacuna,2026-02-04,0.3
XC,Castellbisbal,2026-02-04,0.0
XD,Ulldemolins,2026-02-04,1.0
XE,Tarragona - Complex Educatiu,2026-02-04,0.7
XF,Sabadell - Parc Agrari,2026-02-04,0.0
XG,Parets del Vallès,2026-02-04,0.0
XH,Sort,2026-02-04,0.7
XI,Mollerussa,2026-02-04,0.3
XJ,Girona,2026-02-04,0.1
XK,Puig Sesolles (1.666 m),2026-02-04,0.2
XL,el Prat de Llobregat,2026-02-04,0.2
XM,els Alamús,2026-02-04,0.4
XN,Seròs,2026-02-04,1.1
XO,Vic,2026-02-04,0.1
XP,Gandesa,2026-02-04,2.0
XQ,Tremp,2026-02-04,0.9
XR,Prades,2026-02-04,1.6
XS,Santa Coloma de Farners,2026-02-04,0.0
XT,Solsona,2026-02-04,0.2
XU,Canyelles,2026-02-04,0.2
XV,Sant Cugat del Vallès - CAR,2026-02-04,0.0
XX,Anglesola - Tornabous,2026-02-04,0.1
XY,Alcarràs,2026-02-04,1.1
XZ,Torroella de Fluvià,2026-02-04,0.0
Y4,Alinyà,2026-02-04,1.1
Y5,Navata,2026-02-04,0.0
Y6,Tivissa,2026-02-04,1.6
YA,Puigcerdà,2026-02-04,0.0
YB,Olot,2026-02-04,0.0
YC,la Pobla de Segur,2026-02-04,1.6
YD,les Borges Blanques,2026-02-04,0.3
YE,Massoteres,2026-02-04,0.2
YF,Miami Platja,2026-02-04,1.0
YG,Tírvia,2026-02-04,0.0
YH,Pujalt,2026-02-04,0.9
YJ,Lleida - la Femosa,2026-02-04,0.6
YK,Terrassa,2026-02-04,0.0
YL,Riudecanyes,2026-02-04,1.1
YM,Granollers,2026-02-04,0.1
YN,Vielha - Elipòrt,2026-02-04,0.0
YO,Sant Sadurní d'Anoia,2026-02-04,0.1
YP,Palafrugell,2026-02-04,6.2
YQ,Port de Barcelona - ZAL Prat,2026-02-04,0.7
YR,Vilanova i la Geltrú,2026-02-04,0.3
YS,Cabanes,2026-02-04,0.0
YT,Bonabé (1.691 m),2026-02-04,2.1
YU,Cantonigròs,2026-02-04,0.1
YV,Mataró,2026-02-04,0.0
YX,Batea,2026-02-04,2.5
Z1,Bonaigua (2.262 m),2026-02-04,5.0
Z2,Boí (2.537 m),2026-02-04,6.2
Z3,Malniu (2.229 m),2026-02-04,0.3
Z5,Certascan (2.398 m),2026-02-04,0.9
Z6,Sasseuva (2.226 m),2026-02-04,0.6
Z7,Espot (2.519 m),2026-02-04,7.0
Z9,Cadí Nord (2.145 m) - Prat d'Aguiló,2026-02-04,1.2
ZB,Salòria (2.451 m),2026-02-04,2.2
ZC,Ulldeter (2.413 m),2026-02-04,0.0
ZE,el Port del Comte (2.288 m),2026-02-04,1.6
C6,Castellnou de Seana,2026-02-05,4.0
C7,Tàrrega,2026-02-05,3.4
C8,Cervera,2026-02-05,3.7
C9,Mas de Barberans,2026-02-05,1.9
CC,Orís,2026-02-05,7.6
CD,la Seu d'Urgell - Bellestar,2026-02-05,9.2
CE,els Hostalets de Pierola,2026-02-05,1.5
CG,Molló - Fabert,2026-02-05,1.2
CI,Sant Pau de Segúries,2026-02-05,8.4
CJ,Organyà,2026-02-05,12.7
CL,Sant Salvador de Guardiola,2026-02-05,3.1
CP,Sant Romà d'Abella,2026-02-05,13.8
CQ,Vilanova de Meià,2026-02-05,18.4
CR,la Quar,2026-02-05,11.3
CT,el Pont de Suert,2026-02-05,20.5
CW,l'Espluga de Francolí,2026-02-05,2.8
CY,Muntanyola,2026-02-05,3.7
D1,Margalef,2026-02-05,3.8
D2,Vacarisses,2026-02-05,2.3
D3,Vallirana,2026-02-05,1.8
D4,Roses,2026-02-05,0.1
D5,Barcelona - Observatori Fabra,2026-02-05,1.4
D6,Portbou - coll dels Belitres,2026-02-05,0.0
D7,Vinebre,2026-02-05,3.5
D8,Horta de Sant Joan,2026-02-05,3.4
D9,el Vendrell,2026-02-05,1.0
DB,el Perelló,2026-02-05,1.4
DF,la Bisbal d'Empordà,2026-02-05,0.0
DG,Núria (1.971 m),2026-02-05,8.7
DI,Font-rubí,2026-02-05,2.1
DJ,Banyoles,2026-02-05,0.0
DK,Torredembarra,2026-02-05,1.2
DL,Illa de Buda,2026-02-05,0.5
DN,Anglès,2026-02-05,0.1
DO,Castell d'Aro,2026-02-05,0.6
DP,Das - Aeròdrom,2026-02-05,8.2
DQ,Vila-rodona,2026-02-05,1.7
H1,Òdena,2026-02-05,1.8
J5,Pantà de Darnius - Boadella,2026-02-05,0.0
KE,Pantà de Sau,2026-02-05,1.8
KP,Fogars de la Selva,2026-02-05,0.5
KX,la Roca del Vallès - ETAP Cardedeu,2026-02-05,2.5
M6,Sant Joan de les Abadesses,2026-02-05,8.3
MQ,Cardona,2026-02-05,5.7
MR,Pantà de Siurana,2026-02-05,4.5
MS,Castellar de n'Hug - el Clot del Moro,2026-02-05,10.1
MV,Guixers - Valls,2026-02-05,18.8
MW,Navès,2026-02-05,10.6
U2,Sant Pere Pescador,2026-02-05,0.0
U3,Sant Martí Sarroca,2026-02-05,1.8
U4,Castellnou de Bages,2026-02-05,3.5
U6,Vinyols i els Arcs - Cambrils,2026-02-05,1.6
U7,Aldover,2026-02-05,2.6
U9,l'Aldea,2026-02-05,1.4
UA,l'Ametlla de Mar,2026-02-05,1.0
UB,la Tallada d'Empordà,2026-02-05,0.0
UE,Torroella de Montgrí,2026-02-05,0.0
UF,PN del Garraf - el Rascler,2026-02-05,1.3
UH,el Montmell,2026-02-05,1.6
UI,Gisclareny,2026-02-05,16.6
UJ,Santa Coloma de Queralt,2026-02-05,2.8
UK,Sant Pere de Ribes - PN del Garraf,2026-02-05,1.3
UM,la Granadella,2026-02-05,4.1
UN,Cassà de la Selva,2026-02-05,0.1
UO,Fornells de la Selva,2026-02-05,0.0
UP,Cabrils,2026-02-05,1.3
UQ,Dosrius - PN Montnegre Corredor,2026-02-05,1.5
US,les Cases d'Alcanar,2026-02-05,1.1
UU,Amposta,2026-02-05,0.8
UW,els Alfacs,2026-02-05,0.8
UX,Ulldecona - els Valentins,2026-02-05,1.4
UY,Os de Balaguer - el Monestir d'Avellanes,2026-02-05,13.5
V1,Vallfogona de Balaguer,2026-02-05,5.7
V4,Montesquiu,2026-02-05,7.6
V5,Perafita,2026-02-05,7.0
V8,el Poal,2026-02-05,4.7
VA,Ascó,2026-02-05,4.9
VB,Benissanet,2026-02-05,3.6
VC,Pantà de Riba-roja,2026-02-05,4.0
VD,el Canós,2026-02-05,4.0
VH,Gimenells,2026-02-05,7.8
VK,Raimat,2026-02-05,7.7
VM,Vilanova de Segrià,2026-02-05,7.0
VO,Lladurs,2026-02-05,14.5
VP,Pinós,2026-02-05,4.8
VQ,Constantí,2026-02-05,1.3
VS,Lac Redon (2.245 m),2026-02-05,6.1
VU,Rellinars,2026-02-05,2.3
VV,Sant Llorenç Savall,2026-02-05,2.5
VX,Tagamanent - PN del Montseny,2026-02-05,2.4
VY,Nulles,2026-02-05,1.7
VZ,Espolla,2026-02-05,0.0
W1,Castelló d'Empúries,2026-02-05,0.0
W4,Vilafranca del Penedès - la Granada,2026-02-05,1.5
W5,Oliana,2026-02-05,13.6
W8,Blancafort,2026-02-05,5.6
W9,la Vall d'en Bas,2026-02-05,2.8
WA,Oliola,2026-02-05,10.3
WB,Albesa,2026-02-05,7.3
WC,Golmés,2026-02-05,3.9
WG,Algerri,2026-02-05,8.4
WI,Maials,2026-02-05,5.0
WJ,el Masroig,2026-02-05,2.9
WK,Alfarràs,2026-02-05,10.6
WL,Sant Martí de Riucorb,2026-02-05,3.4
WM,Santuari de Queralt,2026-02-05,14.9
WN,Montserrat - Sant Dimes,2026-02-05,3.3
WO,la Bisbal del Penedès,2026-02-05,1.0
WP,Canaletes,2026-02-05,2.1
WQ,Montsec d'Ares (1.571 m),2026-02-05,18.2
WR,Torroja del Priorat,2026-02-05,3.0
WS,Viladrau,2026-02-05,3.3
WT,Malgrat de Mar,2026-02-05,0.4
WU,Badalona - Museu,2026-02-05,0.8
WV,Guardiola de Berguedà,2026-02-05,12.1
WW,Artés,2026-02-05,3.4
WX,Camarasa,2026-02-05,13.4
WZ,Cunit,2026-02-05,1.0
X1,Falset,2026-02-05,3.0
X3,Alguaire,2026-02-05,8.5
X4,Barcelona - el Raval,2026-02-05,1.0
X5,PN dels Ports,2026-02-05,4.6
X6,Baldomar,2026-02-05,12.2
X7,Torres de Segre,2026-02-05,5.6
X8,Barcelona - Zona Universitària,2026-02-05,1.4
X9,Caldes de Montbui,2026-02-05,2.2
XA,la Panadella,2026-02-05,3.2
XB,la Llacuna,2026-02-05,2.2
XC,Castellbisbal,2026-02-05,1.0
XD,Ulldemolins,2026-02-05,4.0
XE,Tarragona - Complex Educatiu,2026-02-05,1.2
XF,Sabadell - Parc Agrari,2026-02-05,2.3
XG,Parets del Vallès,2026-02-05,1.9
XH,Sort,2026-02-05,20.6
XI,Mollerussa,2026-02-05,4.1
XJ,Girona,2026-02-05,0.2
XK,Puig Sesolles (1.666 m),2026-02-05,3.9
XL,el Prat de Llobregat,2026-02-05,1.3
XM,els Alamús,2026-02-05,4.1
XN,Seròs,2026-02-05,5.0
XO,Vic,2026-02-05,2.3
XP,Gandesa,2026-02-05,3.5
XQ,Tremp,2026-02-05,18.9
XR,Prades,2026-02-05,5.0
XS,Santa Coloma de Farners,2026-02-05,0.1
XT,Solsona,2026-02-05,13.1
XU,Canyelles,2026-02-05,1.1
XV,Sant Cugat del Vallès - CAR,2026-02-05,1.3
XX,Anglesola - Tornabous,2026-02-05,4.1
XY,Alcarràs,2026-02-05,5.1
XZ,Torroella de Fluvià,2026-02-05,0.0
Y4,Alinyà,2026-02-05,18.0
Y5,Navata,2026-02-05,0.0
Y6,Tivissa,2026-02-05,3.2
YA,Puigcerdà,2026-02-05,6.7
YB,Olot,2026-02-05,2.1
YC,la Pobla de Segur,2026-02-05,15.2
YD,les Borges Blanques,2026-02-05,4.8
YE,Massoteres,2026-02-05,4.6
YF,Miami Platja,2026-02-05,1.1
YG,Tírvia,2026-02-05,10.8
YH,Pujalt,2026-02-05,4.0
YJ,Lleida - la Femosa,2026-02-05,4.3
YK,Terrassa,2026-02-05,2.0
YL,Riudecanyes,2026-02-05,2.3
YM,Granollers,2026-02-05,2.2
YN,Vielha - Elipòrt,2026-02-05,2.2
YO,Sant Sadurní d'Anoia,2026-02-05,1.7
YP,Palafrugell,2026-02-05,0.2
YQ,Port de Barcelona - ZAL Prat,2026-02-05,1.2
YR,Vilanova i la Geltrú,2026-02-05,0.8
YS,Cabanes,2026-02-05,0.1
YT,Bonabé (1.691 m),2026-02-05,1.7
YU,Cantonigròs,2026-02-05,3.9
YV,Mataró,2026-02-05,1.2
YX,Batea,2026-02-05,4.5
Z1,Bonaigua (2.262 m),2026-02-05,9.4
Z2,Boí (2.537 m),2026-02-05,13.9
Z3,Malniu (2.229 m),2026-02-05,10.4
Z5,Certascan (2.398 m),2026-02-05,3.3
Z6,Sasseuva (2.226 m),2026-02-05,0.9
Z7,Espot (2.519 m),2026-02-05,17.0
Z9,Cadí Nord (2.145 m) - Prat d'Aguiló,2026-02-05,15.6
ZB,Salòria (2.451 m),2026-02-05,14.5
ZC,Ulldeter (2.413 m),2026-02-05,12.2
ZE,el Port del Comte (2.288 m),2026-02-05,19.1
C6,Castellnou de Seana,2026-02-06,1.0
C7,Tàrrega,2026-02-06,0.2
C8,Cervera,2026-02-06,0.1
C9,Mas de Barberans,2026-02-06,0.0
CC,Orís,2026-02-06,0.1
CD,la Seu d'Urgell - Bellestar,2026-02-06,1.3
CE,els Hostalets de Pierola,2026-02-06,0.0
CG,Molló - Fabert,2026-02-06,0.6
CI,Sant Pau de Segúries,2026-02-06,0.0
CJ,Organyà,2026-02-06,4.4
CL,Sant Salvador de Guardiola,2026-02-06,0.3
CP,Sant Romà d'Abella,2026-02-06,5.2
CQ,Vilanova de Meià,2026-02-06,6.3
CR,la Quar,2026-02-06,0.0
CT,el Pont de Suert,2026-02-06,1.6
CW,l'Espluga de Francolí,2026-02-06,0.9
CY,Muntanyola,2026-02-06,0.0
D1,Margalef,2026-02-06,1.2
D2,Vacarisses,2026-02-06,0.0
D3,Vallirana,2026-02-06,0.0
D4,Roses,2026-02-06,0.0
D5,Barcelona - Observatori Fabra,2026-02-06,0.0
D6,Portbou - coll dels Belitres,2026-02-06,0.0
D7,Vinebre,2026-02-06,1.7
D8,Horta de Sant Joan,2026-02-06,4.3
D9,el Vendrell,2026-02-06,0.0
DB,el Perelló,2026-02-06,0.1
DF,la Bisbal d'Empordà,2026-02-06,0.0
DG,Núria (1.971 m),2026-02-06,0.4
DI,Font-rubí,2026-02-06,0.0
DJ,Banyoles,2026-02-06,0.0
DK,Torredembarra,2026-02-06,0.0
DL,Illa de Buda,2026-02-06,0.0
DN,Anglès,2026-02-06,0.0
DO,Castell d'Aro,2026-02-06,0.0
DP,Das - Aeròdrom,2026-02-06,0.6
DQ,Vila-rodona,2026-02-06,0.0
H1,Òdena,2026-02-06,0.0
J5,Pantà de Darnius - Boadella,2026-02-06,0.3
KE,Pantà de Sau,2026-02-06,0.0
KP,Fogars de la Selva,2026-02-06,0.0
KX,la Roca del Vallès - ETAP Cardedeu,2026-02-06,0.0
M6,Sant Joan de les Abadesses,2026-02-06,0.3
MQ,Cardona,2026-02-06,0.1
MR,Pantà de Siurana,2026-02-06,2.3
MS,Castellar de n'Hug - el Clot del Moro,2026-02-06,1.0
MV,Guixers - Valls,2026-02-06,1.5
MW,Navès,2026-02-06,0.4
U2,Sant Pere Pescador,2026-02-06,0.0
U3,Sant Martí Sarroca,2026-02-06,0.0
U4,Castellnou de Bages,2026-02-06,0.0
U6,Vinyols i els Arcs - Cambrils,2026-02-06,0.0
U7,Aldover,2026-02-06,0.4
U9,l'Aldea,2026-02-06,0.0
UA,l'Ametlla de Mar,2026-02-06,0.0
UB,la Tallada d'Empordà,2026-02-06,0.0
UE,Torroella de Montgrí,2026-02-06,0.0
UF,PN del Garraf - el Rascler,2026-02-06,0.0
UH,el Montmell,2026-02-06,0.0
UI,Gisclareny,2026-02-06,2.0
UJ,Santa Coloma de Queralt,2026-02-06,0.2
UK,Sant Pere de Ribes - PN del Garraf,2026-02-06,0.0
UM,la Granadella,2026-02-06,2.2
UN,Cassà de la Selva,2026-02-06,0.0
UO,Fornells de la Selva,2026-02-06,0.0
UP,Cabrils,2026-02-06,0.0
UQ,Dosrius - PN Montnegre Corredor,2026-02-06,0.0
US,les Cases d'Alcanar,2026-02-06,0.0
UU,Amposta,2026-02-06,0.0
UW,els Alfacs,2026-02-06,0.0
UX,Ulldecona - els Valentins,2026-02-06,0.0
UY,Os de Balaguer - el Monestir d'Avellanes,2026-02-06,5.3
V1,Vallfogona de Balaguer,2026-02-06,3.6
V4,Montesquiu,2026-02-06,0.0
V5,Perafita,2026-02-06,0.1
V8,el Poal,2026-02-06,1.1
VA,Ascó,2026-02-06,1.4
VB,Benissanet,2026-02-06,3.1
VC,Pantà de Riba-roja,2026-02-06,1.0
VD,el Canós,2026-02-06,0.2
VH,Gimenells,2026-02-06,3.0
VK,Raimat,2026-02-06,3.5
VM,Vilanova de Segrià,2026-02-06,3.3
VO,Lladurs,2026-02-06,4.9
VP,Pinós,2026-02-06,0.1
VQ,Constantí,2026-02-06,0.0
VS,Lac Redon (2.245 m),2026-02-06,0.3
VU,Rellinars,2026-02-06,0.0
VV,Sant Llorenç Savall,2026-02-06,0.0
VX,Tagamanent - PN del Montseny,2026-02-06,0.0
VY,Nulles,2026-02-06,0.0
VZ,Espolla,2026-02-06,0.0
W1,Castelló d'Empúries,2026-02-06,0.0
W4,Vilafranca del Penedès - la Granada,2026-02-06,0.0
W5,Oliana,2026-02-06,6.8
W8,Blancafort,2026-02-06,0.4
W9,la Vall d'en Bas,2026-02-06,0.0
WA,Oliola,2026-02-06,2.9
WB,Albesa,2026-02-06,4.1
WC,Golmés,2026-02-06,0.9
WG,Algerri,2026-02-06,4.2
WI,Maials,2026-02-06,3.0
WJ,el Masroig,2026-02-06,5.1
WK,Alfarràs,2026-02-06,4.2
WL,Sant Martí de Riucorb,2026-02-06,1.1
WM,Santuari de Queralt,2026-02-06,0.0
WN,Montserrat - Sant Dimes,2026-02-06,0.0
WO,la Bisbal del Penedès,2026-02-06,0.0
WP,Canaletes,2026-02-06,0.0
WQ,Montsec d'Ares (1.571 m),2026-02-06,6.8
WR,Torroja del Priorat,2026-02-06,3.1
WS,Viladrau,2026-02-06,0.0
WT,Malgrat de Mar,2026-02-06,0.0
WU,Badalona - Museu,2026-02-06,0.0
WV,Guardiola de Berguedà,2026-02-06,0.3
WW,Artés,2026-02-06,0.2
WX,Camarasa,2026-02-06,4.2
WZ,Cunit,2026-02-06,0.0
X1,Falset,2026-02-06,3.9
X3,Alguaire,2026-02-06,3.9
X4,Barcelona - el Raval,2026-02-06,0.0
X5,PN dels Ports,2026-02-06,2.7
X6,Baldomar,2026-02-06,4.5
X7,Torres de Segre,2026-02-06,2.6
X8,Barcelona - Zona Universitària,2026-02-06,0.0
X9,Caldes de Montbui,2026-02-06,0.0
XA,la Panadella,2026-02-06,0.5
XB,la Llacuna,2026-02-06,0.1
XC,Castellbisbal,2026-02-06,0.0
XD,Ulldemolins,2026-02-06,1.9
XE,Tarragona - Complex Educatiu,2026-02-06,0.0
XF,Sabadell - Parc Agrari,2026-02-06,0.0
XG,Parets del Vallès,2026-02-06,0.0
XH,Sort,2026-02-06,5.3
XI,Mollerussa,2026-02-06,1.7
XJ,Girona,2026-02-06,0.0
XK,Puig Sesolles (1.666 m),2026-02-06,0.0
XL,el Prat de Llobregat,2026-02-06,0.0
XM,els Alamús,2026-02-06,2.5
XN,Seròs,2026-02-06,2.7
XO,Vic,2026-02-06,0.0
XP,Gandesa,2026-02-06,2.0
XQ,Tremp,2026-02-06,6.5
XR,Prades,2026-02-06,2.2
XS,Santa Coloma de Farners,2026-02-06,0.0
XT,Solsona,2026-02-06,0.8
XU,Canyelles,2026-02-06,0.0
XV,Sant Cugat del Vallès - CAR,2026-02-06,0.0
XX,Anglesola - Tornabous,2026-02-06,0.7
XY,Alcarràs,2026-02-06,2.6
XZ,Torroella de Fluvià,2026-02-06,0.0
Y4,Alinyà,2026-02-06,6.8
Y5,Navata,2026-02-06,0.0
Y6,Tivissa,2026-02-06,1.5
YA,Puigcerdà,2026-02-06,0.2
YB,Olot,2026-02-06,0.0
YC,la Pobla de Segur,2026-02-06,8.7
YD,les Borges Blanques,2026-02-06,1.3
YE,Massoteres,2026-02-06,0.4
YF,Miami Platja,2026-02-06,0.0
YG,Tírvia,2026-02-06,1.0
YH,Pujalt,2026-02-06,0.2
YJ,Lleida - la Femosa,2026-02-06,2.2
YK,Terrassa,2026-02-06,0.0
YL,Riudecanyes,2026-02-06,0.2
YM,Granollers,2026-02-06,0.0
YN,Vielha - Elipòrt,2026-02-06,0.0
YO,Sant Sadurní d'Anoia,2026-02-06,0.0
YP,Palafrugell,2026-02-06,0.0
YQ,Port de Barcelona - ZAL Prat,2026-02-06,0.0
YR,Vilanova i la Geltrú,2026-02-06,0.0
YS,Cabanes,2026-02-06,0.0
YT,Bonabé (1.691 m),2026-02-06,0.0
YU,Cantonigròs,2026-02-06,0.0
YV,Mataró,2026-02-06,0.0
YX,Batea,2026-02-06,1.8
Z1,Bonaigua (2.262 m),2026-02-06,0.0
Z2,Boí (2.537 m),2026-02-06,2.4
Z3,Malniu (2.229 m),2026-02-06,0.3
Z5,Certascan (2.398 m),2026-02-06,1.7
Z6,Sasseuva (2.226 m),2026-02-06,0.0
Z7,Espot (2.519 m),2026-02-06,0.6
Z9,Cadí Nord (2.145 m) - Prat d'Aguiló,2026-02-06,4.7
ZB,Salòria (2.451 m),2026-02-06,1.4
ZC,Ulldeter (2.413 m),2026-02-06,0.3
ZE,el Port del Comte (2.288 m),2026-02-06,8.8
C6,Castellnou de Seana,2026-02-07,2.4
C7,Tàrrega,2026-02-07,2.8
C8,Cervera,2026-02-07,3.4
C9,Mas de Barberans,2026-02-07,0.0
CC,Orís,2026-02-07,0.3
CD,la Seu d'Urgell - Bellestar,2026-02-07,0.8
CE,els Hostalets de Pierola,2026-02-07,0.1
CG,Molló - Fabert,2026-02-07,0.0
CI,Sant Pau de Segúries,2026-02-07,0.0
CJ,Organyà,2026-02-07,1.4
CL,Sant Salvador de Guardiola,2026-02-07,2.0
CP,Sant Romà d'Abella,2026-02-07,1.1
CQ,Vilanova de Meià,2026-02-07,2.6
CR,la Quar,2026-02-07,0.6
CT,el Pont de Suert,2026-02-07,1.7
CW,l'Espluga de Francolí,2026-02-07,0.4
CY,Muntanyola,2026-02-07,0.2
D1,Margalef,2026-02-07,0.7
D2,Vacarisses,2026-02-07,1.0
D3,Vallirana,2026-02-07,0.4
D4,Roses,2026-02-07,0.0
D5,Barcelona - Observatori Fabra,2026-02-07,0.0
D6,Portbou - coll dels Belitres,2026-02-07,0.0
D7,Vinebre,2026-02-07,0.2
D8,Horta de Sant Joan,2026-02-07,0.0
D9,el Vendrell,2026-02-07,1.6
DB,el Perelló,2026-02-07,0.0
DF,la Bisbal d'Empordà,2026-02-07,0.0
DG,Núria (1.971 m),2026-02-07,0.1
DI,Font-rubí,2026-02-07,0.8
DJ,Banyoles,2026-02-07,0.0
DK,Torredembarra,2026-02-07,0.8
DL,Illa de Buda,2026-02-07,0.0
DN,Anglès,2026-02-07,0.0
DO,Castell d'Aro,2026-02-07,0.0
DP,Das - Aeròdrom,2026-02-07,2.7
DQ,Vila-rodona,2026-02-07,0.8
H1,Òdena,2026-02-07,0.8
J5,Pantà de Darnius - Boadella,2026-02-07,0.0
KE,Pantà de Sau,2026-02-07,0.0
KP,Fogars de la Selva,2026-02-07,0.0
KX,la Roca del Vallès - ETAP Cardedeu,2026-02-07,0.1
M6,Sant Joan de les Abadesses,2026-02-07,0.0
MQ,Cardona,2026-02-07,0.9
MR,Pantà de Siurana,2026-02-07,1.3
MS,Castellar de n'Hug - el Clot del Moro,2026-02-07,0.1
MV,Guixers - Valls,2026-02-07,1.3
MW,Navès,2026-02-07,1.3
U2,Sant Pere Pescador,2026-02-07,0.1
U3,Sant Martí Sarroca,2026-02-07,0.7
U4,Castellnou de Bages,2026-02-07,1.8
U6,Vinyols i els Arcs - Cambrils,2026-02-07,0.9
U7,Aldover,2026-02-07,0.0
U9,l'Aldea,2026-02-07,0.0
UA,l'Ametlla de Mar,2026-02-07,0.1
UB,la Tallada d'Empordà,2026-02-07,0.0
UE,Torroella de Montgrí,2026-02-07,0.0
UF,PN del Garraf - el Rascler,2026-02-07,0.3
UH,el Montmell,2026-02-07,1.3
UI,Gisclareny,2026-02-07,2.0
UJ,Santa Coloma de Queralt,2026-02-07,2.1
UK,Sant Pere de Ribes - PN del Garraf,2026-02-07,0.7
UM,la Granadella,2026-02-07,0.3
UN,Cassà de la Selva,2026-02-07,0.0
UO,Fornells de la Selva,2026-02-07,0.0
UP,Cabrils,2026-02-07,0.0
UQ,Dosrius - PN Montnegre Corredor,2026-02-07,0.1
US,les Cases d'Alcanar,2026-02-07,0.0
UU,Amposta,2026-02-07,0.0
UW,els Alfacs,2026-02-07,0.0
UX,Ulldecona - els Valentins,2026-02-07,0.0
UY,Os de Balaguer - el Monestir d'Avellanes,2026-02-07,2.2
V1,Vallfogona de Balaguer,2026-02-07,1.2
V4,Montesquiu,2026-02-07,0.1
V5,Perafita,2026-02-07,0.5
V8,el Poal,2026-02-07,1.9
VA,Ascó,2026-02-07,0.2
VB,Benissanet,2026-02-07,0.1
VC,Pantà de Riba-roja,2026-02-07,0.2
VD,el Canós,2026-02-07,3.4
VH,Gimenells,2026-02-07,1.8
VK,Raimat,2026-02-07,1.9
VM,Vilanova de Segrià,2026-02-07,1.7
VO,Lladurs,2026-02-07,1.5
VP,Pinós,2026-02-07,2.7
VQ,Constantí,2026-02-07,1.0
VS,Lac Redon (2.245 m),2026-02-07,0.6
VU,Rellinars,2026-02-07,1.5
VV,Sant Llorenç Savall,2026-02-07,1.2
VX,Tagamanent - PN del Montseny,2026-02-07,0.6
VY,Nulles,2026-02-07,1.2
VZ,Espolla,2026-02-07,0.0
W1,Castelló d'Empúries,2026-02-07,0.0
W4,Vilafranca del Penedès - la Granada,2026-02-07,0.2
W5,Oliana,2026-02-07,1.7
W8,Blancafort,2026-02-07,0.2
W9,la Vall d'en Bas,2026-02-07,0.0
WA,Oliola,2026-02-07,2.0
WB,Albesa,2026-02-07,1.6
WC,Golmés,2026-02-07,2.3
WG,Algerri,2026-02-07,1.3
WI,Maials,2026-02-07,0.6
WJ,el Masroig,2026-02-07,0.2
WK,Alfarràs,2026-02-07,1.9
WL,Sant Martí de Riucorb,2026-02-07,2.0
WM,Santuari de Queralt,2026-02-07,0.2
WN,Montserrat - Sant Dimes,2026-02-07,0.8
WO,la Bisbal del Penedès,2026-02-07,1.7
WP,Canaletes,2026-02-07,0.6
WQ,Montsec d'Ares (1.571 m),2026-02-07,3.0
WR,Torroja del Priorat,2026-02-07,0.4
WS,Viladrau,2026-02-07,0.1
WT,Malgrat de Mar,2026-02-07,0.0
WU,Badalona - Museu,2026-02-07,0.0
WV,Guardiola de Berguedà,2026-02-07,0.0
WW,Artés,2026-02-07,1.2
WX,Camarasa,2026-02-07,2.5
WZ,Cunit,2026-02-07,1.3
X1,Falset,2026-02-07,0.8
X3,Alguaire,2026-02-07,1.8
X4,Barcelona - el Raval,2026-02-07,0.0
X5,PN dels Ports,2026-02-07,0.0
X6,Baldomar,2026-02-07,1.9
X7,Torres de Segre,2026-02-07,1.1
X8,Barcelona - Zona Universitària,2026-02-07,0.0
X9,Caldes de Montbui,2026-02-07,0.8
XA,la Panadella,2026-02-07,2.3
XB,la Llacuna,2026-02-07,1.6
XC,Castellbisbal,2026-02-07,0.1
XD,Ulldemolins,2026-02-07,3.6
XE,Tarragona - Complex Educatiu,2026-02-07,0.8
XF,Sabadell - Parc Agrari,2026-02-07,0.6
XG,Parets del Vallès,2026-02-07,0.2
XH,Sort,2026-02-07,0.9
XI,Mollerussa,2026-02-07,1.2
XJ,Girona,2026-02-07,0.1
XK,Puig Sesolles (1.666 m),2026-02-07,0.1
XL,el Prat de Llobregat,2026-02-07,0.1
XM,els Alamús,2026-02-07,1.5
XN,Seròs,2026-02-07,0.9
XO,Vic,2026-02-07,0.0
XP,Gandesa,2026-02-07,0.1
XQ,Tremp,2026-02-07,1.8
XR,Prades,2026-02-07,2.4
XS,Santa Coloma de Farners,2026-02-07,0.0
XT,Solsona,2026-02-07,1.5
XU,Canyelles,2026-02-07,0.6
XV,Sant Cugat del Vallès - CAR,2026-02-07,0.0
XX,Anglesola - Tornabous,2026-02-07,2.5
XY,Alcarràs,2026-02-07,1.2
XZ,Torroella de Fluvià,2026-02-07,0.2
Y4,Alinyà,2026-02-07,1.8
Y5,Navata,2026-02-07,0.0
Y6,Tivissa,2026-02-07,0.5
YA,Puigcerdà,2026-02-07,2.0
YB,Olot,2026-02-07,0.0
YC,la Pobla de Segur,2026-02-07,1.2
YD,les Borges Blanques,2026-02-07,1.5
YE,Massoteres,2026-02-07,3.4
YF,Miami Platja,2026-02-07,0.7
YG,Tírvia,2026-02-07,0.1
YH,Pujalt,2026-02-07,4.0
YJ,Lleida - la Femosa,2026-02-07,1.4
YK,Terrassa,2026-02-07,0.5
YL,Riudecanyes,2026-02-07,0.8
YM,Granollers,2026-02-07,0.2
YN,Vielha - Elipòrt,2026-02-07,0.0
YO,Sant Sadurní d'Anoia,2026-02-07,0.3
YP,Palafrugell,2026-02-07,0.0
YQ,Port de Barcelona - ZAL Prat,2026-02-07,0.0
YR,Vilanova i la Geltrú,2026-02-07,1.1
YS,Cabanes,2026-02-07,0.0
YT,Bonabé (1.691 m),2026-02-07,0.0
YU,Cantonigròs,2026-02-07,0.0
YV,Mataró,2026-02-07,0.4
YX,Batea,2026-02-07,0.0
Z1,Bonaigua (2.262 m),2026-02-07,0.6
Z2,Boí (2.537 m),2026-02-07,2.5
Z3,Malniu (2.229 m),2026-02-07,0.3
Z5,Certascan (2.398 m),2026-02-07,0.3
Z6,Sasseuva (2.226 m),2026-02-07,0.0
Z7,Espot (2.519 m),2026-02-07,1.7
Z9,Cadí Nord (2.145 m) - Prat d'Aguiló,2026-02-07,3.7
ZB,Salòria (2.451 m),2026-02-07,1.8
ZC,Ulldeter (2.413 m),2026-02-07,0.3
ZE,el Port del Comte (2.288 m),2026-02-07,5.5
C6,Castellnou de Seana,2026-02-08,0.4
C7,Tàrrega,2026-02-08,0.8
C8,Cervera,2026-02-08,0.9
C9,Mas de Barberans,2026-02-08,0.0
CC,Orís,2026-02-08,1.3
CD,la Seu d'Urgell - Bellestar,2026-02-08,0.7
CE,els Hostalets de Pierola,2026-02-08,0.4
CG,Molló - Fabert,2026-02-08,0.0
CI,Sant Pau de Segúries,2026-02-08,0.2
CJ,Organyà,2026-02-08,2.6
CL,Sant Salvador de Guardiola,2026-02-08,1.7
CP,Sant Romà d'Abella,2026-02-08,1.6
CQ,Vilanova de Meià,2026-02-08,1.9
CR,la Quar,2026-02-08,2.2
CT,el Pont de Suert,2026-02-08,1.4
CW,l'Espluga de Francolí,2026-02-08,0.0
CY,Muntanyola,2026-02-08,1.8
D1,Margalef,2026-02-08,0.0
D2,Vacarisses,2026-02-08,1.0
D3,Vallirana,2026-02-08,1.3
D4,Roses,2026-02-08,0.0
D5,Barcelona - Observatori Fabra,2026-02-08,0.4
D6,Portbou - coll dels Belitres,2026-02-08,0.8
D7,Vinebre,2026-02-08,0.0
D8,Horta de Sant Joan,2026-02-08,0.1
D9,el Vendrell,2026-02-08,0.2
DB,el Perelló,2026-02-08,0.0
DF,la Bisbal d'Empordà,2026-02-08,1.5
DG,Núria (1.971 m),2026-02-08,0.1
DI,Font-rubí,2026-02-08,0.6
DJ,Banyoles,2026-02-08,0.0
DK,Torredembarra,2026-02-08,0.1
DL,Illa de Buda,2026-02-08,0.0
DN,Anglès,2026-02-08,2.9
DO,Castell d'Aro,2026-02-08,4.9
DP,Das - Aeròdrom,2026-02-08,0.0
DQ,Vila-rodona,2026-02-08,0.1
H1,Òdena,2026-02-08,0.5
J5,Pantà de Darnius - Boadella,2026-02-08,0.0
KE,Pantà de Sau,2026-02-08,3.1
KP,Fogars de la Selva,2026-02-08,6.4
KX,la Roca del Vallès - ETAP Cardedeu,2026-02-08,1.0
M6,Sant Joan de les Abadesses,2026-02-08,0.2
MQ,Cardona,2026-02-08,1.9
MR,Pantà de Siurana,2026-02-08,0.1
MS,Castellar de n'Hug - el Clot del Moro,2026-02-08,0.2
MV,Guixers - Valls,2026-02-08,3.3
MW,Navès,2026-02-08,2.2
U2,Sant Pere Pescador,2026-02-08,0.0
U3,Sant Martí Sarroca,2026-02-08,0.6
U4,Castellnou de Bages,2026-02-08,1.9
U6,Vinyols i els Arcs - Cambrils,2026-02-08,0.0
U7,Aldover,2026-02-08,0.0
U9,l'Aldea,2026-02-08,0.0
UA,l'Ametlla de Mar,2026-02-08,0.0
UB,la Tallada d'Empordà,2026-02-08,0.5
UE,Torroella de Montgrí,2026-02-08,1.7
UF,PN del Garraf - el Rascler,2026-02-08,0.7
UH,el Montmell,2026-02-08,0.4
UI,Gisclareny,2026-02-08,0.8
UJ,Santa Coloma de Queralt,2026-02-08,0.4
UK,Sant Pere de Ribes - PN del Garraf,2026-02-08,1.7
UM,la Granadella,2026-02-08,0.0
UN,Cassà de la Selva,2026-02-08,4.4
UO,Fornells de la Selva,2026-02-08,0.8
UP,Cabrils,2026-02-08,2.8
UQ,Dosrius - PN Montnegre Corredor,2026-02-08,2.5
US,les Cases d'Alcanar,2026-02-08,0.0
UU,Amposta,2026-02-08,0.0
UW,els Alfacs,2026-02-08,0.2
UX,Ulldecona - els Valentins,2026-02-08,0.0
UY,Os de Balaguer - el Monestir d'Avellanes,2026-02-08,0.8
V1,Vallfogona de Balaguer,2026-02-08,0.2
V4,Montesquiu,2026-02-08,1.0
V5,Perafita,2026-02-08,1.7
V8,el Poal,2026-02-08,0.1
VA,Ascó,2026-02-08,0.0
VB,Benissanet,2026-02-08,0.0
VC,Pantà de Riba-roja,2026-02-08,0.0
VD,el Canós,2026-02-08,1.2
VH,Gimenells,2026-02-08,0.1
VK,Raimat,2026-02-08,0.1
VM,Vilanova de Segrià,2026-02-08,0.1
VO,Lladurs,2026-02-08,3.7
VP,Pinós,2026-02-08,1.9
VQ,Constantí,2026-02-08,0.0
VS,Lac Redon (2.245 m),2026-02-08,2.7
VU,Rellinars,2026-02-08,1.1
VV,Sant Llorenç Savall,2026-02-08,1.7
VX,Tagamanent - PN del Montseny,2026-02-08,1.6
VY,Nulles,2026-02-08,0.1
VZ,Espolla,2026-02-08,0.2
W1,Castelló d'Empúries,2026-02-08,0.0
W4,Vilafranca del Penedès - la Granada,2026-02-08,0.8
W5,Oliana,2026-02-08,2.2
W8,Blancafort,2026-02-08,0.1
W9,la Vall d'en Bas,2026-02-08,0.6
WA,Oliola,2026-02-08,2.2
WB,Albesa,2026-02-08,0.1
WC,Golmés,2026-02-08,0.2
WG,Algerri,2026-02-08,0.1
WI,Maials,2026-02-08,0.0
WJ,el Masroig,2026-02-08,0.0
WK,Alfarràs,2026-02-08,0.4
WL,Sant Martí de Riucorb,2026-02-08,0.3
WM,Santuari de Queralt,2026-02-08,3.1
WN,Montserrat - Sant Dimes,2026-02-08,1.2
WO,la Bisbal del Penedès,2026-02-08,0.3
WP,Canaletes,2026-02-08,0.6
WQ,Montsec d'Ares (1.571 m),2026-02-08,1.6
WR,Torroja del Priorat,2026-02-08,0.0
WS,Viladrau,2026-02-08,1.7
WT,Malgrat de Mar,2026-02-08,5.2
WU,Badalona - Museu,2026-02-08,0.4
WV,Guardiola de Berguedà,2026-02-08,0.2
WW,Artés,2026-02-08,2.8
WX,Camarasa,2026-02-08,0.9
WZ,Cunit,2026-02-08,0.7
X1,Falset,2026-02-08,0.0
X3,Alguaire,2026-02-08,0.0
X4,Barcelona - el Raval,2026-02-08,0.2
X5,PN dels Ports,2026-02-08,0.5
X6,Baldomar,2026-02-08,1.2
X7,Torres de Segre,2026-02-08,0.0
X8,Barcelona - Zona Universitària,2026-02-08,0.0
X9,Caldes de Montbui,2026-02-08,1.3
XA,la Panadella,2026-02-08,0.8
XB,la Llacuna,2026-02-08,0.4
XC,Castellbisbal,2026-02-08,1.1
XD,Ulldemolins,2026-02-08,0.0
XE,Tarragona - Complex Educatiu,2026-02-08,0.0
XF,Sabadell - Parc Agrari,2026-02-08,1.2
XG,Parets del Vallès,2026-02-08,1.2
XH,Sort,2026-02-08,2.2
XI,Mollerussa,2026-02-08,0.8
XJ,Girona,2026-02-08,0.7
XK,Puig Sesolles (1.666 m),2026-02-08,2.1
XL,el Prat de Llobregat,2026-02-08,0.1
XM,els Alamús,2026-02-08,0.2
XN,Seròs,2026-02-08,0.0
XO,Vic,2026-02-08,0.9
XP,Gandesa,2026-02-08,0.0
XQ,Tremp,2026-02-08,2.2
XR,Prades,2026-02-08,0.0
XS,Santa Coloma de Farners,2026-02-08,4.9
XT,Solsona,2026-02-08,3.0
XU,Canyelles,2026-02-08,0.9
XV,Sant Cugat del Vallès - CAR,2026-02-08,1.2
XX,Anglesola - Tornabous,2026-02-08,1.0
XY,Alcarràs,2026-02-08,0.0
XZ,Torroella de Fluvià,2026-02-08,0.0
Y4,Alinyà,2026-02-08,1.6
Y5,Navata,2026-02-08,0.0
Y6,Tivissa,2026-02-08,0.0
YA,Puigcerdà,2026-02-08,0.1
YB,Olot,2026-02-08,0.0
YC,la Pobla de Segur,2026-02-08,2.1
YD,les Borges Blanques,2026-02-08,0.2
YE,Massoteres,2026-02-08,2.8
YF,Miami Platja,2026-02-08,0.0
YG,Tírvia,2026-02-08,0.1
YH,Pujalt,2026-02-08,1.8
YJ,Lleida - la Femosa,2026-02-08,0.1
YK,Terrassa,2026-02-08,1.2
YL,Riudecanyes,2026-02-08,0.0
YM,Granollers,2026-02-08,1.4
YN,Vielha - Elipòrt,2026-02-08,1.9
YO,Sant Sadurní d'Anoia,2026-02-08,0.8
YP,Palafrugell,2026-02-08,3.1
YQ,Port de Barcelona - ZAL Prat,2026-02-08,1.9
YR,Vilanova i la Geltrú,2026-02-08,1.6
YS,Cabanes,2026-02-08,0.0
YT,Bonabé (1.691 m),2026-02-08,6.1
YU,Cantonigròs,2026-02-08,13.0
YV,Mataró,2026-02-08,2.8
YX,Batea,2026-02-08,0.0
Z1,Bonaigua (2.262 m),2026-02-08,2.4
Z2,Boí (2.537 m),2026-02-08,0.9
Z3,Malniu (2.229 m),2026-02-08,0.9
Z5,Certascan (2.398 m),2026-02-08,6.0
Z6,Sasseuva (2.226 m),2026-02-08,5.0
Z7,Espot (2.519 m),2026-02-08,3.9
Z9,Cadí Nord (2.145 m) - Prat d'Aguiló,2026-02-08,1.9
ZB,Salòria (2.451 m),2026-02-08,0.6
ZC,Ulldeter (2.413 m),2026-02-08,0.9
ZE,el Port del Comte (2.288 m),2026-02-08,3.9
C6,Castellnou de Seana,2026-02-09,2.2
C7,Tàrrega,2026-02-09,2.0
C8,Cervera,2026-02-09,2.2
C9,Mas de Barberans,2026-02-09,0.2
CC,Orís,2026-02-09,0.8
CD,la Seu d'Urgell - Bellestar,2026-02-09,1.8
CE,els Hostalets de Pierola,2026-02-09,1.2
CG,Molló - Fabert,2026-02-09,0.4
CI,Sant Pau de Segúries,2026-02-09,1.0
CJ,Organyà,2026-02-09,1.1
CL,Sant Salvador de Guardiola,2026-02-09,1.0
CP,Sant Romà d'Abella,2026-02-09,2.0
CQ,Vilanova de Meià,2026-02-09,1.0
CR,la Quar,2026-02-09,1.4
CT,el Pont de Suert,2026-02-09,2.9
CW,l'Espluga de Francolí,2026-02-09,0.8
CY,Muntanyola,2026-02-09,1.1
D1,Margalef,2026-02-09,2.2
D2,Vacarisses,2026-02-09,0.8
D3,Vallirana,2026-02-09,1.4
D4,Roses,2026-02-09,0.0
D5,Barcelona - Observatori Fabra,2026-02-09,1.6
D6,Portbou - coll dels Belitres,2026-02-09,0.0
D7,Vinebre,2026-02-09,0.9
D8,Horta de Sant Joan,2026-02-09,1.0
D9,el Vendrell,2026-02-09,0.5
DB,el Perelló,2026-02-09,0.6
DF,la Bisbal d'Empordà,2026-02-09,0.9
DG,Núria (1.971 m),2026-02-09,2.2
DI,Font-rubí,2026-02-09,0.6
DJ,Banyoles,2026-02-09,0.7
DK,Torredembarra,2026-02-09,1.2
DL,Illa de Buda,2026-02-09,0.6
DN,Anglès,2026-02-09,0.3
DO,Castell d'Aro,2026-02-09,1.2
DP,Das - Aeròdrom,2026-02-09,2.3
DQ,Vila-rodona,2026-02-09,0.8
H1,Òdena,2026-02-09,1.3
J5,Pantà de Darnius - Boadella,2026-02-09,1.0
KE,Pantà de Sau,2026-02-09,1.4
KP,Fogars de la Selva,2026-02-09,0.9
KX,la Roca del Vallès - ETAP Cardedeu,2026-02-09,1.0
M6,Sant Joan de les Abadesses,2026-02-09,0.9
MQ,Cardona,2026-02-09,0.9
MR,Pantà de Siurana,2026-02-09,2.0
MS,Castellar de n'Hug - el Clot del Moro,2026-02-09,1.4
MV,Guixers - Valls,2026-02-09,1.3
MW,Navès,2026-02-09,0.8
U2,Sant Pere Pescador,2026-02-09,0.7
U3,Sant Martí Sarroca,2026-02-09,0.7
U4,Castellnou de Bages,2026-02-09,1.9
U6,Vinyols i els Arcs - Cambrils,2026-02-09,0.3
U7,Aldover,2026-02-09,0.5
U9,l'Aldea,2026-02-09,0.8
UA,l'Ametlla de Mar,2026-02-09,0.3
UB,la Tallada d'Empordà,2026-02-09,0.9
UE,Torroella de Montgrí,2026-02-09,0.6
UF,PN del Garraf - el Rascler,2026-02-09,0.8
UH,el Montmell,2026-02-09,1.5
UI,Gisclareny,2026-02-09,1.9
UJ,Santa Coloma de Queralt,2026-02-09,1.6
UK,Sant Pere de Ribes - PN del Garraf,2026-02-09,0.9
UM,la Granadella,2026-02-09,2.6
UN,Cassà de la Selva,2026-02-09,1.6
UO,Fornells de la Selva,2026-02-09,2.1
UP,Cabrils,2026-02-09,0.5
UQ,Dosrius - PN Montnegre Corredor,2026-02-09,0.9
US,les Cases d'Alcanar,2026-02-09,0.2
UU,Amposta,2026-02-09,1.0
UW,els Alfacs,2026-02-09,0.7
UX,Ulldecona - els Valentins,2026-02-09,0.5
UY,Os de Balaguer - el Monestir d'Avellanes,2026-02-09,2.1
V1,Vallfogona de Balaguer,2026-02-09,1.9
V4,Montesquiu,2026-02-09,1.2
V5,Perafita,2026-02-09,1.4
V8,el Poal,2026-02-09,2.3
VA,Ascó,2026-02-09,1.3
VB,Benissanet,2026-02-09,0.5
VC,Pantà de Riba-roja,2026-02-09,1.4
VD,el Canós,2026-02-09,1.7
VH,Gimenells,2026-02-09,3.3
VK,Raimat,2026-02-09,3.4
VM,Vilanova de Segrià,2026-02-09,3.2
VO,Lladurs,2026-02-09,1.2
VP,Pinós,2026-02-09,1.4
VQ,Constantí,2026-02-09,1.4
VS,Lac Redon (2.245 m),2026-02-09,5.8
VU,Rellinars,2026-02-09,1.7
VV,Sant Llorenç Savall,2026-02-09,2.3
VX,Tagamanent - PN del Montseny,2026-02-09,0.5
VY,Nulles,2026-02-09,1.0
VZ,Espolla,2026-02-09,0.3
W1,Castelló d'Empúries,2026-02-09,0.4
W4,Vilafranca del Penedès - la Granada,2026-02-09,0.6
W5,Oliana,2026-02-09,1.3
W8,Blancafort,2026-02-09,1.3
W9,la Vall d'en Bas,2026-02-09,0.1
WA,Oliola,2026-02-09,1.5
WB,Albesa,2026-02-09,2.9
WC,Golmés,2026-02-09,2.2
WG,Algerri,2026-02-09,3.1
WI,Maials,2026-02-09,3.4
WJ,el Masroig,2026-02-09,0.7
WK,Alfarràs,2026-02-09,3.7
WL,Sant Martí de Riucorb,2026-02-09,2.1
WM,Santuari de Queralt,2026-02-09,1.2
WN,Montserrat - Sant Dimes,2026-02-09,2.5
WO,la Bisbal del Penedès,2026-02-09,1.0
WP,Canaletes,2026-02-09,1.2
WQ,Montsec d'Ares (1.571 m),2026-02-09,2.9
WR,Torroja del Priorat,2026-02-09,1.4
WS,Viladrau,2026-02-09,1.2
WT,Malgrat de Mar,2026-02-09,1.1
WU,Badalona - Museu,2026-02-09,0.4
WV,Guardiola de Berguedà,2026-02-09,1.4
WW,Artés,2026-02-09,1.6
WX,Camarasa,2026-02-09,1.4
WZ,Cunit,2026-02-09,0.5
X1,Falset,2026-02-09,1.1
X3,Alguaire,2026-02-09,3.9
X4,Barcelona - el Raval,2026-02-09,1.3
X5,PN dels Ports,2026-02-09,1.6
X6,Baldomar,2026-02-09,1.3
X7,Torres de Segre,2026-02-09,2.9
X8,Barcelona - Zona Universitària,2026-02-09,1.3
X9,Caldes de Montbui,2026-02-09,1.3
XA,la Panadella,2026-02-09,2.0
XB,la Llacuna,2026-02-09,0.9
XC,Castellbisbal,2026-02-09,1.7
XD,Ulldemolins,2026-02-09,2.2
XE,Tarragona - Complex Educatiu,2026-02-09,0.8
XF,Sabadell - Parc Agrari,2026-02-09,1.7
XG,Parets del Vallès,2026-02-09,0.9
XH,Sort,2026-02-09,2.5
XI,Mollerussa,2026-02-09,2.5
XJ,Girona,2026-02-09,2.2
XK,Puig Sesolles (1.666 m),2026-02-09,0.8
XL,el Prat de Llobregat,2026-02-09,1.2
XM,els Alamús,2026-02-09,2.1
XN,Seròs,2026-02-09,4.0
XO,Vic,2026-02-09,0.7
XP,Gandesa,2026-02-09,0.7
XQ,Tremp,2026-02-09,2.6
XR,Prades,2026-02-09,2.6
XS,Santa Coloma de Farners,2026-02-09,0.9
XT,Solsona,2026-02-09,1.5
XU,Canyelles,2026-02-09,1.0
XV,Sant Cugat del Vallès - CAR,2026-02-09,1.6
XX,Anglesola - Tornabous,2026-02-09,1.9
XY,Alcarràs,2026-02-09,2.3
XZ,Torroella de Fluvià,2026-02-09,0.8
Y4,Alinyà,2026-02-09,1.4
Y5,Navata,2026-02-09,1.1
Y6,Tivissa,2026-02-09,0.3
YA,Puigcerdà,2026-02-09,2.6
YB,Olot,2026-02-09,0.6
YC,la Pobla de Segur,2026-02-09,2.4
YD,les Borges Blanques,2026-02-09,1.8
YE,Massoteres,2026-02-09,1.5
YF,Miami Platja,2026-02-09,0.2
YG,Tírvia,2026-02-09,2.8
YH,Pujalt,2026-02-09,1.9
YJ,Lleida - la Femosa,2026-02-09,2.1
YK,Terrassa,2026-02-09,1.7
YL,Riudecanyes,2026-02-09,0.6
YM,Granollers,2026-02-09,1.2
YN,Vielha - Elipòrt,2026-02-09,6.7
YO,Sant Sadurní d'Anoia,2026-02-09,1.3
YP,Palafrugell,2026-02-09,0.6
YQ,Port de Barcelona - ZAL Prat,2026-02-09,1.0
YR,Vilanova i la Geltrú,2026-02-09,0.6
YS,Cabanes,2026-02-09,0.9
YT,Bonabé (1.691 m),2026-02-09,9.8
YU,Cantonigròs,2026-02-09,1.5
YV,Mataró,2026-02-09,0.5
YX,Batea,2026-02-09,0.9
Z1,Bonaigua (2.262 m),2026-02-09,9.6
Z2,Boí (2.537 m),2026-02-09,3.1
Z3,Malniu (2.229 m),2026-02-09,2.9
Z5,Certascan (2.398 m),2026-02-09,7.7
Z6,Sasseuva (2.226 m),2026-02-09,6.7
Z7,Espot (2.519 m),2026-02-09,5.8
Z9,Cadí Nord (2.145 m) - Prat d'Aguiló,2026-02-09,3.3
ZB,Salòria (2.451 m),2026-02-09,4.8
ZC,Ulldeter (2.413 m),2026-02-09,1.4
ZE,el Port del Comte (2.288 m),2026-02-09,2.5
C6,Castellnou de Seana,2026-02-10,0.9
C7,Tàrrega,2026-02-10,1.6
C8,Cervera,2026-02-10,1.2
C9,Mas de Barberans,2026-02-10,0.0
CC,Orís,2026-02-10,0.1
CD,la Seu d'Urgell - Bellestar,2026-02-10,8.9
CE,els Hostalets de Pierola,2026-02-10,0.3
CG,Molló - Fabert,2026-02-10,0.7
CI,Sant Pau de Segúries,2026-02-10,3.7
CJ,Organyà,2026-02-10,4.4
CL,Sant Salvador de Guardiola,2026-02-10,0.1
CP,Sant Romà d'Abella,2026-02-10,1.3
CQ,Vilanova de Meià,2026-02-10,2.2
CR,la Quar,2026-02-10,0.8
CT,el Pont de Suert,2026-02-10,12.9
CW,l'Espluga de Francolí,2026-02-10,0.4
CY,Muntanyola,2026-02-10,0.1
D1,Margalef,2026-02-10,0.5
D2,Vacarisses,2026-02-10,0.1
D3,Vallirana,2026-02-10,0.3
D4,Roses,2026-02-10,5.6
D5,Barcelona - Observatori Fabra,2026-02-10,0.4
D6,Portbou - coll dels Belitres,2026-02-10,3.4
D7,Vinebre,2026-02-10,0.1
D8,Horta de Sant Joan,2026-02-10,0.0
D9,el Vendrell,2026-02-10,0.0
DB,el Perelló,2026-02-10,0.0
DF,la Bisbal d'Empordà,2026-02-10,0.3
DG,Núria (1.971 m),2026-02-10,15.9
DI,Font-rubí,2026-02-10,0.4
DJ,Banyoles,2026-02-10,1.3
DK,Torredembarra,2026-02-10,0.2
DL,Illa de Buda,2026-02-10,0.0
DN,Anglès,2026-02-10,0.0
DO,Castell d'Aro,2026-02-10,0.5
DP,Das - Aeròdrom,2026-02-10,10.7
DQ,Vila-rodona,2026-02-10,0.1
H1,Òdena,2026-02-10,0.3
J5,Pantà de Darnius - Boadella,2026-02-10,1.5
KE,Pantà de Sau,2026-02-10,0.0
KP,Fogars de la Selva,2026-02-10,0.1
KX,la Roca del Vallès - ETAP Cardedeu,2026-02-10,0.4
M6,Sant Joan de les Abadesses,2026-02-10,3.4
MQ,Cardona,2026-02-10,0.1
MR,Pantà de Siurana,2026-02-10,1.7
MS,Castellar de n'Hug - el Clot del Moro,2026-02-10,2.6
MV,Guixers - Valls,2026-02-10,6.2
MW,Navès,2026-02-10,0.5
U2,Sant Pere Pescador,2026-02-10,3.3
U3,Sant Martí Sarroca,2026-02-10,0.3
U4,Castellnou de Bages,2026-02-10,0.2
U6,Vinyols i els Arcs - Cambrils,2026-02-10,0.1
U7,Aldover,2026-02-10,0.0
U9,l'Aldea,2026-02-10,0.0
UA,l'Ametlla de Mar,2026-02-10,0.0
UB,la Tallada d'Empordà,2026-02-10,1.0
UE,Torroella de Montgrí,2026-02-10,1.0
UF,PN del Garraf - el Rascler,2026-02-10,0.4
UH,el Montmell,2026-02-10,0.4
UI,Gisclareny,2026-02-10,8.0
UJ,Santa Coloma de Queralt,2026-02-10,0.8
UK,Sant Pere de Ribes - PN del Garraf,2026-02-10,0.4
UM,la Granadella,2026-02-10,1.2
UN,Cassà de la Selva,2026-02-10,1.1
UO,Fornells de la Selva,2026-02-10,0.5
UP,Cabrils,2026-02-10,0.1
UQ,Dosrius - PN Montnegre Corredor,2026-02-10,0.1
US,les Cases d'Alcanar,2026-02-10,0.0
UU,Amposta,2026-02-10,0.0
UW,els Alfacs,2026-02-10,0.0
UX,Ulldecona - els Valentins,2026-02-10,0.0
UY,Os de Balaguer - el Monestir d'Avellanes,2026-02-10,2.1
V1,Vallfogona de Balaguer,2026-02-10,0.6
V4,Montesquiu,2026-02-10,1.4
V5,Perafita,2026-02-10,0.1
V8,el Poal,2026-02-10,0.9
VA,Ascó,2026-02-10,0.1
VB,Benissanet,2026-02-10,0.0
VC,Pantà de Riba-roja,2026-02-10,0.0
VD,el Canós,2026-02-10,1.3
VH,Gimenells,2026-02-10,1.9
VK,Raimat,2026-02-10,1.6
VM,Vilanova de Segrià,2026-02-10,1.8
VO,Lladurs,2026-02-10,0.7
VP,Pinós,2026-02-10,1.9
VQ,Constantí,2026-02-10,0.2
VS,Lac Redon (2.245 m),2026-02-10,29.5
VU,Rellinars,2026-02-10,0.1
VV,Sant Llorenç Savall,2026-02-10,0.2
VX,Tagamanent - PN del Montseny,2026-02-10,0.2
VY,Nulles,2026-02-10,0.1
VZ,Espolla,2026-02-10,3.7
W1,Castelló d'Empúries,2026-02-10,4.4
W4,Vilafranca del Penedès - la Granada,2026-02-10,0.3
W5,Oliana,2026-02-10,0.3
W8,Blancafort,2026-02-10,0.3
W9,la Vall d'en Bas,2026-02-10,0.3
WA,Oliola,2026-02-10,1.6
WB,Albesa,2026-02-10,1.2
WC,Golmés,2026-02-10,0.9
WG,Algerri,2026-02-10,1.5
WI,Maials,2026-02-10,1.0
WJ,el Masroig,2026-02-10,0.0
WK,Alfarràs,2026-02-10,1.9
WL,Sant Martí de Riucorb,2026-02-10,1.3
WM,Santuari de Queralt,2026-02-10,3.3
WN,Montserrat - Sant Dimes,2026-02-10,0.3
WO,la Bisbal del Penedès,2026-02-10,0.2
WP,Canaletes,2026-02-10,0.3
WQ,Montsec d'Ares (1.571 m),2026-02-10,4.1
WR,Torroja del Priorat,2026-02-10,0.3
WS,Viladrau,2026-02-10,0.0
WT,Malgrat de Mar,2026-02-10,0.0
WU,Badalona - Museu,2026-02-10,0.1
WV,Guardiola de Berguedà,2026-02-10,3.8
WW,Artés,2026-02-10,0.1
WX,Camarasa,2026-02-10,1.5
WZ,Cunit,2026-02-10,0.2
X1,Falset,2026-02-10,0.1
X3,Alguaire,2026-02-10,2.1
X4,Barcelona - el Raval,2026-02-10,0.1
X5,PN dels Ports,2026-02-10,0.3
X6,Baldomar,2026-02-10,2.1
X7,Torres de Segre,2026-02-10,1.3
X8,Barcelona - Zona Universitària,2026-02-10,0.0
X9,Caldes de Montbui,2026-02-10,0.1
XA,la Panadella,2026-02-10,1.2
XB,la Llacuna,2026-02-10,0.4
XC,Castellbisbal,2026-02-10,0.5
XD,Ulldemolins,2026-02-10,1.5
XE,Tarragona - Complex Educatiu,2026-02-10,0.0
XF,Sabadell - Parc Agrari,2026-02-10,0.1
XG,Parets del Vallès,2026-02-10,0.1
XH,Sort,2026-02-10,14.8
XI,Mollerussa,2026-02-10,1.0
XJ,Girona,2026-02-10,0.2
XK,Puig Sesolles (1.666 m),2026-02-10,0.4
XL,el Prat de Llobregat,2026-02-10,0.1
XM,els Alamús,2026-02-10,1.0
XN,Seròs,2026-02-10,2.3
XO,Vic,2026-02-10,0.0
XP,Gandesa,2026-02-10,0.0
XQ,Tremp,2026-02-10,1.7
XR,Prades,2026-02-10,1.4
XS,Santa Coloma de Farners,2026-02-10,0.1
XT,Solsona,2026-02-10,0.6
XU,Canyelles,2026-02-10,0.3
XV,Sant Cugat del Vallès - CAR,2026-02-10,0.4
XX,Anglesola - Tornabous,2026-02-10,1.8
XY,Alcarràs,2026-02-10,1.4
XZ,Torroella de Fluvià,2026-02-10,3.2
Y4,Alinyà,2026-02-10,5.2
Y5,Navata,2026-02-10,2.4
Y6,Tivissa,2026-02-10,0.0
YA,Puigcerdà,2026-02-10,12.2
YB,Olot,2026-02-10,1.9
YC,la Pobla de Segur,2026-02-10,6.4
YD,les Borges Blanques,2026-02-10,0.5
YE,Massoteres,2026-02-10,0.7
YF,Miami Platja,2026-02-10,0.0
YG,Tírvia,2026-02-10,22.2
YH,Pujalt,2026-02-10,0.7
YJ,Lleida - la Femosa,2026-02-10,0.9
YK,Terrassa,2026-02-10,0.3
YL,Riudecanyes,2026-02-10,0.3
YM,Granollers,2026-02-10,0.2
YN,Vielha - Elipòrt,2026-02-10,37.2
YO,Sant Sadurní d'Anoia,2026-02-10,0.4
YP,Palafrugell,2026-02-10,0.7
YQ,Port de Barcelona - ZAL Prat,2026-02-10,0.1
YR,Vilanova i la Geltrú,2026-02-10,0.3
YS,Cabanes,2026-02-10,3.4
YT,Bonabé (1.691 m),2026-02-10,47.3
YU,Cantonigròs,2026-02-10,0.5
YV,Mataró,2026-02-10,0.1
YX,Batea,2026-02-10,0.2
Z1,Bonaigua (2.262 m),2026-02-10,28.0
Z2,Boí (2.537 m),2026-02-10,12.0
Z3,Malniu (2.229 m),2026-02-10,22.5
Z5,Certascan (2.398 m),2026-02-10,26.7
Z6,Sasseuva (2.226 m),2026-02-10,33.8
Z7,Espot (2.519 m),2026-02-10,22.6
Z9,Cadí Nord (2.145 m) - Prat d'Aguiló,2026-02-10,12.5
ZB,Salòria (2.451 m),2026-02-10,12.1
ZC,Ulldeter (2.413 m),2026-02-10,11.7
ZE,el Port del Comte (2.288 m),2026-02-10,11.4
C6,Castellnou de Seana,2026-02-11,10.4
C7,Tàrrega,2026-02-11,14.5
C8,Cervera,2026-02-11,14.4
C9,Mas de Barberans,2026-02-11,1.5
CC,Orís,2026-02-11,2.4
CD,la Seu d'Urgell - Bellestar,2026-02-11,5.1
CE,els Hostalets de Pierola,2026-02-11,2.1
CG,Molló - Fabert,2026-02-11,2.6
CI,Sant Pau de Segúries,2026-02-11,2.0
CJ,Organyà,2026-02-11,11.4
CL,Sant Salvador de Guardiola,2026-02-11,7.0
CP,Sant Romà d'Abella,2026-02-11,20.7
CQ,Vilanova de Meià,2026-02-11,21.9
CR,la Quar,2026-02-11,3.0
CT,el Pont de Suert,2026-02-11,13.4
CW,l'Espluga de Francolí,2026-02-11,4.2
CY,Muntanyola,2026-02-11,7.9
D1,Margalef,2026-02-11,2.9
D2,Vacarisses,2026-02-11,6.0
D3,Vallirana,2026-02-11,1.0
D4,Roses,2026-02-11,8.8
D5,Barcelona - Observatori Fabra,2026-02-11,1.5
D6,Portbou - coll dels Belitres,2026-02-11,3.8
D7,Vinebre,2026-02-11,4.7
D8,Horta de Sant Joan,2026-02-11,5.3
D9,el Vendrell,2026-02-11,0.1
DB,el Perelló,2026-02-11,0.6
DF,la Bisbal d'Empordà,2026-02-11,0.0
DG,Núria (1.971 m),2026-02-11,4.9
DI,Font-rubí,2026-02-11,1.6
DJ,Banyoles,2026-02-11,0.2
DK,Torredembarra,2026-02-11,0.0
DL,Illa de Buda,2026-02-11,0.0
DN,Anglès,2026-02-11,0.8
DO,Castell d'Aro,2026-02-11,2.4
DP,Das - Aeròdrom,2026-02-11,2.5
DQ,Vila-rodona,2026-02-11,0.4
H1,Òdena,2026-02-11,7.0
J5,Pantà de Darnius - Boadella,2026-02-11,6.6
KE,Pantà de Sau,2026-02-11,4.8
KP,Fogars de la Selva,2026-02-11,3.0
KX,la Roca del Vallès - ETAP Cardedeu,2026-02-11,5.0
M6,Sant Joan de les Abadesses,2026-02-11,2.1
MQ,Cardona,2026-02-11,9.9
MR,Pantà de Siurana,2026-02-11,2.2
MS,Castellar de n'Hug - el Clot del Moro,2026-02-11,2.4
MV,Guixers - Valls,2026-02-11,5.8
MW,Navès,2026-02-11,8.6
U2,Sant Pere Pescador,2026-02-11,10.2
U3,Sant Martí Sarroca,2026-02-11,1.2
U4,Castellnou de Bages,2026-02-11,9.9
U6,Vinyols i els Arcs - Cambrils,2026-02-11,1.2
U7,Aldover,2026-02-11,5.1
U9,l'Aldea,2026-02-11,0.5
UA,l'Ametlla de Mar,2026-02-11,0.5
UB,la Tallada d'Empordà,2026-02-11,0.1
UE,Torroella de Montgrí,2026-02-11,0.0
UF,PN del Garraf - el Rascler,2026-02-11,0.2
UH,el Montmell,2026-02-11,1.0
UI,Gisclareny,2026-02-11,7.9
UJ,Santa Coloma de Queralt,2026-02-11,5.8
UK,Sant Pere de Ribes - PN del Garraf,2026-02-11,0.3
UM,la Granadella,2026-02-11,4.1
UN,Cassà de la Selva,2026-02-11,1.2
UO,Fornells de la Selva,2026-02-11,0.2
UP,Cabrils,2026-02-11,1.6
UQ,Dosrius - PN Montnegre Corredor,2026-02-11,5.2
US,les Cases d'Alcanar,2026-02-11,0.0
UU,Amposta,2026-02-11,0.0
UW,els Alfacs,2026-02-11,0.0
UX,Ulldecona - els Valentins,2026-02-11,0.0
UY,Os de Balaguer - el Monestir d'Avellanes,2026-02-11,19.0
V1,Vallfogona de Balaguer,2026-02-11,12.7
V4,Montesquiu,2026-02-11,1.9
V5,Perafita,2026-02-11,5.0
V8,el Poal,2026-02-11,10.8
VA,Ascó,2026-02-11,6.7
VB,Benissanet,2026-02-11,1.3
VC,Pantà de Riba-roja,2026-02-11,2.9
VD,el Canós,2026-02-11,14.7
VH,Gimenells,2026-02-11,8.1
VK,Raimat,2026-02-11,8.6
VM,Vilanova de Segrià,2026-02-11,10.5
VO,Lladurs,2026-02-11,12.3
VP,Pinós,2026-02-11,12.4
VQ,Constantí,2026-02-11,0.4
VS,Lac Redon (2.245 m),2026-02-11,7.6
VU,Rellinars,2026-02-11,6.3
VV,Sant Llorenç Savall,2026-02-11,11.1
VX,Tagamanent - PN del Montseny,2026-02-11,11.5
VY,Nulles,2026-02-11,0.2
VZ,Espolla,2026-02-11,3.7
W1,Castelló d'Empúries,2026-02-11,10.5
W4,Vilafranca del Penedès - la Granada,2026-02-11,0.6
W5,Oliana,2026-02-11,11.2
W8,Blancafort,2026-02-11,4.3
W9,la Vall d'en Bas,2026-02-11,1.0
WA,Oliola,2026-02-11,15.7
WB,Albesa,2026-02-11,13.3
WC,Golmés,2026-02-11,9.0
WG,Algerri,2026-02-11,14.7
WI,Maials,2026-02-11,2.6
WJ,el Masroig,2026-02-11,1.9
WK,Alfarràs,2026-02-11,14.4
WL,Sant Martí de Riucorb,2026-02-11,8.6
WM,Santuari de Queralt,2026-02-11,5.3
WN,Montserrat - Sant Dimes,2026-02-11,8.0
WO,la Bisbal del Penedès,2026-02-11,0.2
WP,Canaletes,2026-02-11,2.8
WQ,Montsec d'Ares (1.571 m),2026-02-11,21.3
WR,Torroja del Priorat,2026-02-11,1.4
WS,Viladrau,2026-02-11,7.6
WT,Malgrat de Mar,2026-02-11,3.2
WU,Badalona - Museu,2026-02-11,1.2
WV,Guardiola de Berguedà,2026-02-11,2.0
WW,Artés,2026-02-11,11.2
WX,Camarasa,2026-02-11,15.9
WZ,Cunit,2026-02-11,0.1
X1,Falset,2026-02-11,3.0
X3,Alguaire,2026-02-11,11.6
X4,Barcelona - el Raval,2026-02-11,0.4
X5,PN dels Ports,2026-02-11,7.3
X6,Baldomar,2026-02-11,16.0
X7,Torres de Segre,2026-02-11,4.0
X8,Barcelona - Zona Universitària,2026-02-11,0.8
X9,Caldes de Montbui,2026-02-11,5.5
XA,la Panadella,2026-02-11,10.8
XB,la Llacuna,2026-02-11,3.3
XC,Castellbisbal,2026-02-11,3.1
XD,Ulldemolins,2026-02-11,3.4
XE,Tarragona - Complex Educatiu,2026-02-11,0.2
XF,Sabadell - Parc Agrari,2026-02-11,5.6
XG,Parets del Vallès,2026-02-11,2.9
XH,Sort,2026-02-11,7.6
XI,Mollerussa,2026-02-11,8.1
XJ,Girona,2026-02-11,0.1
XK,Puig Sesolles (1.666 m),2026-02-11,10.5
XL,el Prat de Llobregat,2026-02-11,0.3
XM,els Alamús,2026-02-11,7.0
XN,Seròs,2026-02-11,3.4
XO,Vic,2026-02-11,9.2
XP,Gandesa,2026-02-11,2.9
XQ,Tremp,2026-02-11,20.5
XR,Prades,2026-02-11,4.1
XS,Santa Coloma de Farners,2026-02-11,4.2
XT,Solsona,2026-02-11,13.1
XU,Canyelles,2026-02-11,0.1
XV,Sant Cugat del Vallès - CAR,2026-02-11,2.9
XX,Anglesola - Tornabous,2026-02-11,14.5
XY,Alcarràs,2026-02-11,5.1
XZ,Torroella de Fluvià,2026-02-11,9.0
Y4,Alinyà,2026-02-11,8.8
Y5,Navata,2026-02-11,4.1
Y6,Tivissa,2026-02-11,0.7
YA,Puigcerdà,2026-02-11,3.3
YB,Olot,2026-02-11,0.5
YC,la Pobla de Segur,2026-02-11,12.4
YD,les Borges Blanques,2026-02-11,5.5
YE,Massoteres,2026-02-11,13.6
YF,Miami Platja,2026-02-11,0.3
YG,Tírvia,2026-02-11,3.5
YH,Pujalt,2026-02-11,15.1
YJ,Lleida - la Femosa,2026-02-11,6.3
YK,Terrassa,2026-02-11,4.3
YL,Riudecanyes,2026-02-11,2.7
YM,Granollers,2026-02-11,4.6
YN,Vielha - Elipòrt,2026-02-11,4.9
YO,Sant Sadurní d'Anoia,2026-02-11,1.3
YP,Palafrugell,2026-02-11,0.0
YQ,Port de Barcelona - ZAL Prat,2026-02-11,0.2
YR,Vilanova i la Geltrú,2026-02-11,0.1
YS,Cabanes,2026-02-11,3.5
YT,Bonabé (1.691 m),2026-02-11,9.1
YU,Cantonigròs,2026-02-11,2.9
YV,Mataró,2026-02-11,2.1
YX,Batea,2026-02-11,2.7
Z1,Bonaigua (2.262 m),2026-02-11,4.7
Z2,Boí (2.537 m),2026-02-11,6.0
Z3,Malniu (2.229 m),2026-02-11,4.3
Z5,Certascan (2.398 m),2026-02-11,7.7
Z6,Sasseuva (2.226 m),2026-02-11,4.4
Z7,Espot (2.519 m),2026-02-11,7.9
Z9,Cadí Nord (2.145 m) - Prat d'Aguiló,2026-02-11,4.5
ZB,Salòria (2.451 m),2026-02-11,4.3
ZC,Ulldeter (2.413 m),2026-02-11,4.5
ZE,el Port del Comte (2.288 m),2026-02-11,4.9
YY,Viladecans - les Filipines,2026-02-11,0.1
C6,Castellnou de Seana,2026-02-12,0.0
C7,Tàrrega,2026-02-12,0.0
C8,Cervera,2026-02-12,0.9
C9,Mas de Barberans,2026-02-12,0.0
CC,Orís,2026-02-12,0.0
CD,la Seu d'Urgell - Bellestar,2026-02-12,0.2
CE,els Hostalets de Pierola,2026-02-12,0.8
CG,Molló - Fabert,2026-02-12,0.6
CI,Sant Pau de Segúries,2026-02-12,0.0
CJ,Organyà,2026-02-12,0.0
CL,Sant Salvador de Guardiola,2026-02-12,0.1
CP,Sant Romà d'Abella,2026-02-12,0.0
CQ,Vilanova de Meià,2026-02-12,0.0
CR,la Quar,2026-02-12,0.0
CT,el Pont de Suert,2026-02-12,0.0
CW,l'Espluga de Francolí,2026-02-12,0.0
CY,Muntanyola,2026-02-12,0.0
D1,Margalef,2026-02-12,0.0
D2,Vacarisses,2026-02-12,0.2
D3,Vallirana,2026-02-12,0.0
D4,Roses,2026-02-12,0.2
D5,Barcelona - Observatori Fabra,2026-02-12,0.0
D6,Portbou - coll dels Belitres,2026-02-12,0.7
D7,Vinebre,2026-02-12,0.0
D8,Horta de Sant Joan,2026-02-12,0.0
D9,el Vendrell,2026-02-12,0.0
DB,el Perelló,2026-02-12,0.0
DF,la Bisbal d'Empordà,2026-02-12,0.0
DG,Núria (1.971 m),2026-02-12,0.8
DI,Font-rubí,2026-02-12,0.0
DJ,Banyoles,2026-02-12,0.0
DK,Torredembarra,2026-02-12,0.0
DL,Illa de Buda,2026-02-12,0.0
DN,Anglès,2026-02-12,0.0
DO,Castell d'Aro,2026-02-12,0.0
DP,Das - Aeròdrom,2026-02-12,0.3
DQ,Vila-rodona,2026-02-12,0.0
H1,Òdena,2026-02-12,2.8
J5,Pantà de Darnius - Boadella,2026-02-12,0.4
KE,Pantà de Sau,2026-02-12,0.0
KP,Fogars de la Selva,2026-02-12,0.0
KX,la Roca del Vallès - ETAP Cardedeu,2026-02-12,0.1
M6,Sant Joan de les Abadesses,2026-02-12,0.4
MQ,Cardona,2026-02-12,0.0
MR,Pantà de Siurana,2026-02-12,0.0
MS,Castellar de n'Hug - el Clot del Moro,2026-02-12,0.1
MV,Guixers - Valls,2026-02-12,0.0
MW,Navès,2026-02-12,0.1
U2,Sant Pere Pescador,2026-02-12,0.1
U3,Sant Martí Sarroca,2026-02-12,0.0
U4,Castellnou de Bages,2026-02-12,0.0
U6,Vinyols i els Arcs - Cambrils,2026-02-12,0.0
U7,Aldover,2026-02-12,0.0
U9,l'Aldea,2026-02-12,0.0
UA,l'Ametlla de Mar,2026-02-12,0.0
UB,la Tallada d'Empordà,2026-02-12,0.1
UE,Torroella de Montgrí,2026-02-12,0.1
UF,PN del Garraf - el Rascler,2026-02-12,0.0
UH,el Montmell,2026-02-12,0.0
UI,Gisclareny,2026-02-12,0.7
UJ,Santa Coloma de Queralt,2026-02-12,0.0
UK,Sant Pere de Ribes - PN del Garraf,2026-02-12,0.0
UM,la Granadella,2026-02-12,0.0
UN,Cassà de la Selva,2026-02-12,0.1
UO,Fornells de la Selva,2026-02-12,0.0
UP,Cabrils,2026-02-12,0.0
UQ,Dosrius - PN Montnegre Corredor,2026-02-12,0.1
US,les Cases d'Alcanar,2026-02-12,0.0
UU,Amposta,2026-02-12,0.0
UW,els Alfacs,2026-02-12,0.0
UX,Ulldecona - els Valentins,2026-02-12,0.0
UY,Os de Balaguer - el Monestir d'Avellanes,2026-02-12,0.1
V1,Vallfogona de Balaguer,2026-02-12,0.6
V4,Montesquiu,2026-02-12,0.0
V5,Perafita,2026-02-12,0.0
V8,el Poal,2026-02-12,0.1
VA,Ascó,2026-02-12,0.0
VB,Benissanet,2026-02-12,0.0
VC,Pantà de Riba-roja,2026-02-12,0.0
VD,el Canós,2026-02-12,0.6
VH,Gimenells,2026-02-12,0.1
VK,Raimat,2026-02-12,0.0
VM,Vilanova de Segrià,2026-02-12,0.0
VO,Lladurs,2026-02-12,0.0
VP,Pinós,2026-02-12,0.0
VQ,Constantí,2026-02-12,0.0
VS,Lac Redon (2.245 m),2026-02-12,0.6
VU,Rellinars,2026-02-12,0.0
VV,Sant Llorenç Savall,2026-02-12,0.0
VX,Tagamanent - PN del Montseny,2026-02-12,0.1
VY,Nulles,2026-02-12,0.0
VZ,Espolla,2026-02-12,0.0
W1,Castelló d'Empúries,2026-02-12,0.4
W4,Vilafranca del Penedès - la Granada,2026-02-12,0.0
W5,Oliana,2026-02-12,0.0
W8,Blancafort,2026-02-12,0.0
W9,la Vall d'en Bas,2026-02-12,0.1
WA,Oliola,2026-02-12,0.0
WB,Albesa,2026-02-12,0.0
WC,Golmés,2026-02-12,0.0
WG,Algerri,2026-02-12,0.0
WI,Maials,2026-02-12,0.0
WJ,el Masroig,2026-02-12,0.0
WK,Alfarràs,2026-02-12,0.0
WL,Sant Martí de Riucorb,2026-02-12,0.0
WM,Santuari de Queralt,2026-02-12,0.0
WN,Montserrat - Sant Dimes,2026-02-12,0.8
WO,la Bisbal del Penedès,2026-02-12,0.0
WP,Canaletes,2026-02-12,0.0
WQ,Montsec d'Ares (1.571 m),2026-02-12,0.0
WR,Torroja del Priorat,2026-02-12,0.0
WS,Viladrau,2026-02-12,0.0
WT,Malgrat de Mar,2026-02-12,0.0
WU,Badalona - Museu,2026-02-12,0.0
WV,Guardiola de Berguedà,2026-02-12,0.1
WW,Artés,2026-02-12,0.0
WX,Camarasa,2026-02-12,0.0
WZ,Cunit,2026-02-12,0.0
X1,Falset,2026-02-12,0.0
X3,Alguaire,2026-02-12,0.1
X4,Barcelona - el Raval,2026-02-12,0.0
X5,PN dels Ports,2026-02-12,0.0
X6,Baldomar,2026-02-12,0.0
X7,Torres de Segre,2026-02-12,0.0
X8,Barcelona - Zona Universitària,2026-02-12,0.0
X9,Caldes de Montbui,2026-02-12,0.0
XA,la Panadella,2026-02-12,0.0
XB,la Llacuna,2026-02-12,0.0
XC,Castellbisbal,2026-02-12,0.1
XD,Ulldemolins,2026-02-12,0.0
XE,Tarragona - Complex Educatiu,2026-02-12,0.0
XF,Sabadell - Parc Agrari,2026-02-12,0.0
XG,Parets del Vallès,2026-02-12,0.0
XH,Sort,2026-02-12,0.0
XI,Mollerussa,2026-02-12,0.1
XJ,Girona,2026-02-12,0.0
XK,Puig Sesolles (1.666 m),2026-02-12,0.0
XL,el Prat de Llobregat,2026-02-12,0.0
XM,els Alamús,2026-02-12,0.1
XN,Seròs,2026-02-12,0.0
XO,Vic,2026-02-12,0.0
XP,Gandesa,2026-02-12,0.0
XQ,Tremp,2026-02-12,0.0
XR,Prades,2026-02-12,0.0
XS,Santa Coloma de Farners,2026-02-12,0.0
XT,Solsona,2026-02-12,0.0
XU,Canyelles,2026-02-12,0.0
XV,Sant Cugat del Vallès - CAR,2026-02-12,0.0
XX,Anglesola - Tornabous,2026-02-12,0.0
XY,Alcarràs,2026-02-12,0.0
XZ,Torroella de Fluvià,2026-02-12,0.2
Y4,Alinyà,2026-02-12,0.0
Y5,Navata,2026-02-12,0.6
Y6,Tivissa,2026-02-12,0.0
YA,Puigcerdà,2026-02-12,0.0
YB,Olot,2026-02-12,0.0
YC,la Pobla de Segur,2026-02-12,0.0
YD,les Borges Blanques,2026-02-12,0.0
YE,Massoteres,2026-02-12,0.1
YF,Miami Platja,2026-02-12,0.0
YG,Tírvia,2026-02-12,0.0
YH,Pujalt,2026-02-12,0.1
YJ,Lleida - la Femosa,2026-02-12,0.1
YK,Terrassa,2026-02-12,0.5
YL,Riudecanyes,2026-02-12,0.0
YM,Granollers,2026-02-12,0.0
YN,Vielha - Elipòrt,2026-02-12,0.1
YO,Sant Sadurní d'Anoia,2026-02-12,0.0
YP,Palafrugell,2026-02-12,0.0
YQ,Port de Barcelona - ZAL Prat,2026-02-12,0.0
YR,Vilanova i la Geltrú,2026-02-12,0.0
YS,Cabanes,2026-02-12,0.8
YT,Bonabé (1.691 m),2026-02-12,0.3
YU,Cantonigròs,2026-02-12,0.0
YV,Mataró,2026-02-12,0.0
YX,Batea,2026-02-12,0.0
Z1,Bonaigua (2.262 m),2026-02-12,0.0
Z2,Boí (2.537 m),2026-02-12,0.0
Z3,Malniu (2.229 m),2026-02-12,1.2
Z5,Certascan (2.398 m),2026-02-12,1.4
Z6,Sasseuva (2.226 m),2026-02-12,0.8
Z7,Espot (2.519 m),2026-02-12,0.0
Z9,Cadí Nord (2.145 m) - Prat d'Aguiló,2026-02-12,0.3
ZB,Salòria (2.451 m),2026-02-12,0.0
ZC,Ulldeter (2.413 m),2026-02-12,2.2
ZE,el Port del Comte (2.288 m),2026-02-12,0.0
YY,Viladecans - les Filipines,2026-02-12,0.0
C6,Castellnou de Seana,2026-02-13,18.3
C7,Tàrrega,2026-02-13,16.7
C8,Cervera,2026-02-13,18.3
C9,Mas de Barberans,2026-02-13,2.4
CC,Orís,2026-02-13,13.0
CD,la Seu d'Urgell - Bellestar,2026-02-13,12.2
CE,els Hostalets de Pierola,2026-02-13,12.2
CG,Molló - Fabert,2026-02-13,6.0
CI,Sant Pau de Segúries,2026-02-13,12.0
CJ,Organyà,2026-02-13,18.0
CL,Sant Salvador de Guardiola,2026-02-13,21.3
CP,Sant Romà d'Abella,2026-02-13,19.2
CQ,Vilanova de Meià,2026-02-13,26.4
CR,la Quar,2026-02-13,17.5
CT,el Pont de Suert,2026-02-13,18.6
CW,l'Espluga de Francolí,2026-02-13,21.8
CY,Muntanyola,2026-02-13,19.5
D1,Margalef,2026-02-13,15.0
D2,Vacarisses,2026-02-13,19.0
D3,Vallirana,2026-02-13,22.8
D4,Roses,2026-02-13,9.1
D5,Barcelona - Observatori Fabra,2026-02-13,20.6
D6,Portbou - coll dels Belitres,2026-02-13,6.1
D7,Vinebre,2026-02-13,9.1
D8,Horta de Sant Joan,2026-02-13,6.2
D9,el Vendrell,2026-02-13,14.7
DB,el Perelló,2026-02-13,4.6
DF,la Bisbal d'Empordà,2026-02-13,15.1
DG,Núria (1.971 m),2026-02-13,10.7
DI,Font-rubí,2026-02-13,18.2
DJ,Banyoles,2026-02-13,5.1
DK,Torredembarra,2026-02-13,11.9
DL,Illa de Buda,2026-02-13,1.1
DN,Anglès,2026-02-13,6.2
DO,Castell d'Aro,2026-02-13,20.6
DP,Das - Aeròdrom,2026-02-13,5.9
DQ,Vila-rodona,2026-02-13,18.4
H1,Òdena,2026-02-13,15.5
J5,Pantà de Darnius - Boadella,2026-02-13,5.6
KE,Pantà de Sau,2026-02-13,12.3
KP,Fogars de la Selva,2026-02-13,12.2
KX,la Roca del Vallès - ETAP Cardedeu,2026-02-13,14.8
M6,Sant Joan de les Abadesses,2026-02-13,13.8
MQ,Cardona,2026-02-13,18.4
MR,Pantà de Siurana,2026-02-13,23.5
MS,Castellar de n'Hug - el Clot del Moro,2026-02-13,15.2
MV,Guixers - Valls,2026-02-13,23.0
MW,Navès,2026-02-13,20.6
U2,Sant Pere Pescador,2026-02-13,8.1
U3,Sant Martí Sarroca,2026-02-13,16.7
U4,Castellnou de Bages,2026-02-13,17.7
U6,Vinyols i els Arcs - Cambrils,2026-02-13,9.7
U7,Aldover,2026-02-13,4.5
U9,l'Aldea,2026-02-13,1.8
UA,l'Ametlla de Mar,2026-02-13,5.0
UB,la Tallada d'Empordà,2026-02-13,15.0
UE,Torroella de Montgrí,2026-02-13,10.5
UF,PN del Garraf - el Rascler,2026-02-13,20.1
UH,el Montmell,2026-02-13,20.3
UI,Gisclareny,2026-02-13,18.4
UJ,Santa Coloma de Queralt,2026-02-13,19.3
UK,Sant Pere de Ribes - PN del Garraf,2026-02-13,20.4
UM,la Granadella,2026-02-13,14.6
UN,Cassà de la Selva,2026-02-13,20.3
UO,Fornells de la Selva,2026-02-13,11.1
UP,Cabrils,2026-02-13,17.8
UQ,Dosrius - PN Montnegre Corredor,2026-02-13,11.3
US,les Cases d'Alcanar,2026-02-13,0.6
UU,Amposta,2026-02-13,1.1
UW,els Alfacs,2026-02-13,0.5
UX,Ulldecona - els Valentins,2026-02-13,0.8
UY,Os de Balaguer - el Monestir d'Avellanes,2026-02-13,25.7
V1,Vallfogona de Balaguer,2026-02-13,16.3
V4,Montesquiu,2026-02-13,13.2
V5,Perafita,2026-02-13,14.4
V8,el Poal,2026-02-13,19.2
VA,Ascó,2026-02-13,11.2
VB,Benissanet,2026-02-13,9.8
VC,Pantà de Riba-roja,2026-02-13,12.6
VD,el Canós,2026-02-13,18.5
VH,Gimenells,2026-02-13,10.1
VK,Raimat,2026-02-13,11.9
VM,Vilanova de Segrià,2026-02-13,19.3
VO,Lladurs,2026-02-13,20.7
VP,Pinós,2026-02-13,23.4
VQ,Constantí,2026-02-13,10.3
VS,Lac Redon (2.245 m),2026-02-13,12.9
VU,Rellinars,2026-02-13,12.1
VV,Sant Llorenç Savall,2026-02-13,23.3
VX,Tagamanent - PN del Montseny,2026-02-13,15.7
VY,Nulles,2026-02-13,15.5
VZ,Espolla,2026-02-13,6.6
W1,Castelló d'Empúries,2026-02-13,5.5
W4,Vilafranca del Penedès - la Granada,2026-02-13,14.0
W5,Oliana,2026-02-13,18.4
W8,Blancafort,2026-02-13,15.3
W9,la Vall d'en Bas,2026-02-13,6.3
WA,Oliola,2026-02-13,25.7
WB,Albesa,2026-02-13,17.1
WC,Golmés,2026-02-13,16.8
WG,Algerri,2026-02-13,17.9
WI,Maials,2026-02-13,12.4
WJ,el Masroig,2026-02-13,7.8
WK,Alfarràs,2026-02-13,16.4
WL,Sant Martí de Riucorb,2026-02-13,15.6
WM,Santuari de Queralt,2026-02-13,17.6
WN,Montserrat - Sant Dimes,2026-02-13,19.3
WO,la Bisbal del Penedès,2026-02-13,18.4
WP,Canaletes,2026-02-13,17.3
WQ,Montsec d'Ares (1.571 m),2026-02-13,19.1
WR,Torroja del Priorat,2026-02-13,14.1
WS,Viladrau,2026-02-13,22.8
WT,Malgrat de Mar,2026-02-13,20.3
WU,Badalona - Museu,2026-02-13,16.1
WV,Guardiola de Berguedà,2026-02-13,18.7
WW,Artés,2026-02-13,16.1
WX,Camarasa,2026-02-13,24.6
WZ,Cunit,2026-02-13,20.3
X1,Falset,2026-02-13,12.6
X3,Alguaire,2026-02-13,12.5
X4,Barcelona - el Raval,2026-02-13,20.0
X5,PN dels Ports,2026-02-13,8.8
X6,Baldomar,2026-02-13,23.7
X7,Torres de Segre,2026-02-13,12.4
X8,Barcelona - Zona Universitària,2026-02-13,20.6
X9,Caldes de Montbui,2026-02-13,17.4
XA,la Panadella,2026-02-13,23.8
XB,la Llacuna,2026-02-13,19.9
XC,Castellbisbal,2026-02-13,20.4
XD,Ulldemolins,2026-02-13,30.7
XE,Tarragona - Complex Educatiu,2026-02-13,10.9
XF,Sabadell - Parc Agrari,2026-02-13,17.4
XG,Parets del Vallès,2026-02-13,17.2
XH,Sort,2026-02-13,17.3
XI,Mollerussa,2026-02-13,17.0
XJ,Girona,2026-02-13,10.5
XK,Puig Sesolles (1.666 m),2026-02-13,18.8
XL,el Prat de Llobregat,2026-02-13,19.9
XM,els Alamús,2026-02-13,18.0
XN,Seròs,2026-02-13,10.3
XO,Vic,2026-02-13,13.1
XP,Gandesa,2026-02-13,10.7
XQ,Tremp,2026-02-13,23.0
XR,Prades,2026-02-13,23.7
XS,Santa Coloma de Farners,2026-02-13,14.1
XT,Solsona,2026-02-13,20.4
XU,Canyelles,2026-02-13,18.9
XV,Sant Cugat del Vallès - CAR,2026-02-13,17.7
XX,Anglesola - Tornabous,2026-02-13,17.5
XY,Alcarràs,2026-02-13,13.6
XZ,Torroella de Fluvià,2026-02-13,7.6
Y4,Alinyà,2026-02-13,18.4
Y5,Navata,2026-02-13,2.3
Y6,Tivissa,2026-02-13,9.6
YA,Puigcerdà,2026-02-13,5.0
YB,Olot,2026-02-13,6.6
YC,la Pobla de Segur,2026-02-13,19.7
YD,les Borges Blanques,2026-02-13,16.5
YE,Massoteres,2026-02-13,23.7
YF,Miami Platja,2026-02-13,7.3
YG,Tírvia,2026-02-13,8.6
YH,Pujalt,2026-02-13,24.0
YJ,Lleida - la Femosa,2026-02-13,16.0
YK,Terrassa,2026-02-13,21.0
YL,Riudecanyes,2026-02-13,12.8
YM,Granollers,2026-02-13,17.2
YN,Vielha - Elipòrt,2026-02-13,5.3
YO,Sant Sadurní d'Anoia,2026-02-13,17.3
YP,Palafrugell,2026-02-13,14.2
YQ,Port de Barcelona - ZAL Prat,2026-02-13,18.1
YR,Vilanova i la Geltrú,2026-02-13,23.5
YS,Cabanes,2026-02-13,4.0
YT,Bonabé (1.691 m),2026-02-13,5.8
YU,Cantonigròs,2026-02-13,13.7
YV,Mataró,2026-02-13,16.5
YX,Batea,2026-02-13,10.6
Z1,Bonaigua (2.262 m),2026-02-13,8.5
Z2,Boí (2.537 m),2026-02-13,15.6
Z3,Malniu (2.229 m),2026-02-13,10.7
Z5,Certascan (2.398 m),2026-02-13,15.3
Z6,Sasseuva (2.226 m),2026-02-13,6.8
Z7,Espot (2.519 m),2026-02-13,15.5
Z9,Cadí Nord (2.145 m) - Prat d'Aguiló,2026-02-13,17.8
ZB,Salòria (2.451 m),2026-02-13,13.1
ZC,Ulldeter (2.413 m),2026-02-13,20.0
ZE,el Port del Comte (2.288 m),2026-02-13,17.2
YY,Viladecans - les Filipines,2026-02-13,19.8
C6,Castellnou de Seana,2026-02-14,0.0
C7,Tàrrega,2026-02-14,0.0
C8,Cervera,2026-02-14,0.0
C9,Mas de Barberans,2026-02-14,0.0
CC,Orís,2026-02-14,0.0
CD,la Seu d'Urgell - Bellestar,2026-02-14,0.1
CE,els Hostalets de Pierola,2026-02-14,0.0
CG,Molló - Fabert,2026-02-14,0.1
CI,Sant Pau de Segúries,2026-02-14,0.0
CJ,Organyà,2026-02-14,0.1
CL,Sant Salvador de Guardiola,2026-02-14,0.0
CP,Sant Romà d'Abella,2026-02-14,0.0
CQ,Vilanova de Meià,2026-02-14,0.0
CR,la Quar,2026-02-14,0.0
CT,el Pont de Suert,2026-02-14,0.4
CW,l'Espluga de Francolí,2026-02-14,0.0
CY,Muntanyola,2026-02-14,0.0
D1,Margalef,2026-02-14,0.0
D2,Vacarisses,2026-02-14,0.0
D3,Vallirana,2026-02-14,0.0
D4,Roses,2026-02-14,0.2
D5,Barcelona - Observatori Fabra,2026-02-14,0.0
D6,Portbou - coll dels Belitres,2026-02-14,0.8
D7,Vinebre,2026-02-14,0.0
D8,Horta de Sant Joan,2026-02-14,0.0
D9,el Vendrell,2026-02-14,0.0
DB,el Perelló,2026-02-14,0.0
DF,la Bisbal d'Empordà,2026-02-14,0.2
DG,Núria (1.971 m),2026-02-14,3.4
DI,Font-rubí,2026-02-14,0.0
DJ,Banyoles,2026-02-14,0.2
DK,Torredembarra,2026-02-14,0.0
DL,Illa de Buda,2026-02-14,0.0
DN,Anglès,2026-02-14,0.0
DO,Castell d'Aro,2026-02-14,0.1
DP,Das - Aeròdrom,2026-02-14,0.0
DQ,Vila-rodona,2026-02-14,0.0
H1,Òdena,2026-02-14,0.0
J5,Pantà de Darnius - Boadella,2026-02-14,0.0
KE,Pantà de Sau,2026-02-14,0.0
KP,Fogars de la Selva,2026-02-14,0.1
KX,la Roca del Vallès - ETAP Cardedeu,2026-02-14,0.0
M6,Sant Joan de les Abadesses,2026-02-14,0.0
MQ,Cardona,2026-02-14,0.0
MR,Pantà de Siurana,2026-02-14,0.0
MS,Castellar de n'Hug - el Clot del Moro,2026-02-14,0.1
MV,Guixers - Valls,2026-02-14,0.0
MW,Navès,2026-02-14,0.1
U2,Sant Pere Pescador,2026-02-14,0.4
U3,Sant Martí Sarroca,2026-02-14,0.0
U4,Castellnou de Bages,2026-02-14,0.0
U6,Vinyols i els Arcs - Cambrils,2026-02-14,0.0
U7,Aldover,2026-02-14,0.0
U9,l'Aldea,2026-02-14,0.0
UA,l'Ametlla de Mar,2026-02-14,0.0
UB,la Tallada d'Empordà,2026-02-14,0.0
UE,Torroella de Montgrí,2026-02-14,0.1
UF,PN del Garraf - el Rascler,2026-02-14,0.0
UH,el Montmell,2026-02-14,0.0
UI,Gisclareny,2026-02-14,0.0
UJ,Santa Coloma de Queralt,2026-02-14,0.0
UK,Sant Pere de Ribes - PN del Garraf,2026-02-14,0.1
UM,la Granadella,2026-02-14,0.0
UN,Cassà de la Selva,2026-02-14,0.4
UO,Fornells de la Selva,2026-02-14,0.1
UP,Cabrils,2026-02-14,0.0
UQ,Dosrius - PN Montnegre Corredor,2026-02-14,0.0
US,les Cases d'Alcanar,2026-02-14,0.0
UU,Amposta,2026-02-14,0.0
UW,els Alfacs,2026-02-14,0.0
UX,Ulldecona - els Valentins,2026-02-14,0.0
UY,Os de Balaguer - el Monestir d'Avellanes,2026-02-14,0.0
V1,Vallfogona de Balaguer,2026-02-14,0.0
V4,Montesquiu,2026-02-14,0.0
V5,Perafita,2026-02-14,0.0
V8,el Poal,2026-02-14,0.1
VA,Ascó,2026-02-14,0.0
VB,Benissanet,2026-02-14,0.0
VC,Pantà de Riba-roja,2026-02-14,0.0
VD,el Canós,2026-02-14,0.0
VH,Gimenells,2026-02-14,0.0
VK,Raimat,2026-02-14,0.0
VM,Vilanova de Segrià,2026-02-14,0.0
VO,Lladurs,2026-02-14,0.0
VP,Pinós,2026-02-14,0.0
VQ,Constantí,2026-02-14,0.0
VS,Lac Redon (2.245 m),2026-02-14,37.8
VU,Rellinars,2026-02-14,0.0
VV,Sant Llorenç Savall,2026-02-14,0.0
VX,Tagamanent - PN del Montseny,2026-02-14,0.0
VY,Nulles,2026-02-14,0.0
VZ,Espolla,2026-02-14,0.4
W1,Castelló d'Empúries,2026-02-14,0.0
W4,Vilafranca del Penedès - la Granada,2026-02-14,0.0
W5,Oliana,2026-02-14,0.0
W8,Blancafort,2026-02-14,0.0
W9,la Vall d'en Bas,2026-02-14,0.0
WA,Oliola,2026-02-14,0.0
WB,Albesa,2026-02-14,0.0
WC,Golmés,2026-02-14,0.0
WG,Algerri,2026-02-14,0.0
WI,Maials,2026-02-14,0.0
WJ,el Masroig,2026-02-14,0.0
WK,Alfarràs,2026-02-14,0.0
WL,Sant Martí de Riucorb,2026-02-14,0.0
WM,Santuari de Queralt,2026-02-14,0.0
WN,Montserrat - Sant Dimes,2026-02-14,0.0
WO,la Bisbal del Penedès,2026-02-14,0.0
WP,Canaletes,2026-02-14,0.0
WQ,Montsec d'Ares (1.571 m),2026-02-14,0.0
WR,Torroja del Priorat,2026-02-14,0.0
WS,Viladrau,2026-02-14,0.0
WT,Malgrat de Mar,2026-02-14,0.1
WU,Badalona - Museu,2026-02-14,0.0
WV,Guardiola de Berguedà,2026-02-14,0.0
WW,Artés,2026-02-14,0.0
WX,Camarasa,2026-02-14,0.0
WZ,Cunit,2026-02-14,0.0
X1,Falset,2026-02-14,0.0
X3,Alguaire,2026-02-14,0.0
X4,Barcelona - el Raval,2026-02-14,0.0
X5,PN dels Ports,2026-02-14,0.0
X6,Baldomar,2026-02-14,0.0
X7,Torres de Segre,2026-02-14,0.0
X8,Barcelona - Zona Universitària,2026-02-14,0.0
X9,Caldes de Montbui,2026-02-14,0.0
XA,la Panadella,2026-02-14,0.0
XB,la Llacuna,2026-02-14,0.0
XC,Castellbisbal,2026-02-14,0.0
XD,Ulldemolins,2026-02-14,0.0
XE,Tarragona - Complex Educatiu,2026-02-14,0.0
XF,Sabadell - Parc Agrari,2026-02-14,0.0
XG,Parets del Vallès,2026-02-14,0.0
XH,Sort,2026-02-14,0.7
XI,Mollerussa,2026-02-14,0.0
XJ,Girona,2026-02-14,0.1
XK,Puig Sesolles (1.666 m),2026-02-14,0.0
XL,el Prat de Llobregat,2026-02-14,0.0
XM,els Alamús,2026-02-14,0.0
XN,Seròs,2026-02-14,0.0
XO,Vic,2026-02-14,0.0
XP,Gandesa,2026-02-14,0.0
XQ,Tremp,2026-02-14,0.0
XR,Prades,2026-02-14,0.0
XS,Santa Coloma de Farners,2026-02-14,0.0
XT,Solsona,2026-02-14,0.0
XU,Canyelles,2026-02-14,0.0
XV,Sant Cugat del Vallès - CAR,2026-02-14,0.0
XX,Anglesola - Tornabous,2026-02-14,0.0
XY,Alcarràs,2026-02-14,0.0
XZ,Torroella de Fluvià,2026-02-14,0.4
Y4,Alinyà,2026-02-14,0.0
Y5,Navata,2026-02-14,0.0
Y6,Tivissa,2026-02-14,0.0
YA,Puigcerdà,2026-02-14,0.4
YB,Olot,2026-02-14,0.1
YC,la Pobla de Segur,2026-02-14,0.0
YD,les Borges Blanques,2026-02-14,0.0
YE,Massoteres,2026-02-14,0.0
YF,Miami Platja,2026-02-14,0.0
YG,Tírvia,2026-02-14,1.3
YH,Pujalt,2026-02-14,0.0
YJ,Lleida - la Femosa,2026-02-14,0.0
YK,Terrassa,2026-02-14,0.0
YL,Riudecanyes,2026-02-14,0.0
YM,Granollers,2026-02-14,0.0
YN,Vielha - Elipòrt,2026-02-14,14.4
YO,Sant Sadurní d'Anoia,2026-02-14,0.0
YP,Palafrugell,2026-02-14,0.1
YQ,Port de Barcelona - ZAL Prat,2026-02-14,0.0
YR,Vilanova i la Geltrú,2026-02-14,0.0
YS,Cabanes,2026-02-14,0.0
YT,Bonabé (1.691 m),2026-02-14,35.6
YU,Cantonigròs,2026-02-14,0.0
YV,Mataró,2026-02-14,0.0
YX,Batea,2026-02-14,0.0
Z1,Bonaigua (2.262 m),2026-02-14,19.0
Z2,Boí (2.537 m),2026-02-14,2.4
Z3,Malniu (2.229 m),2026-02-14,9.3
Z5,Certascan (2.398 m),2026-02-14,39.7
Z6,Sasseuva (2.226 m),2026-02-14,25.6
Z7,Espot (2.519 m),2026-02-14,5.6
Z9,Cadí Nord (2.145 m) - Prat d'Aguiló,2026-02-14,0.0
ZB,Salòria (2.451 m),2026-02-14,1.5
ZC,Ulldeter (2.413 m),2026-02-14,9.0
ZE,el Port del Comte (2.288 m),2026-02-14,0.0
YY,Viladecans - les Filipines,2026-02-14,0.0
C6,Castellnou de Seana,2026-02-15,0.0
C7,Tàrrega,2026-02-15,0.0
C8,Cervera,2026-02-15,0.0
C9,Mas de Barberans,2026-02-15,0.0
CC,Orís,2026-02-15,0.0
CD,la Seu d'Urgell - Bellestar,2026-02-15,0.0
CE,els Hostalets de Pierola,2026-02-15,0.0
CG,Molló - Fabert,2026-02-15,0.0
CI,Sant Pau de Segúries,2026-02-15,0.0
CJ,Organyà,2026-02-15,0.0
CL,Sant Salvador de Guardiola,2026-02-15,0.0
CP,Sant Romà d'Abella,2026-02-15,0.0
CQ,Vilanova de Meià,2026-02-15,0.0
CR,la Quar,2026-02-15,0.0
CT,el Pont de Suert,2026-02-15,0.0
CW,l'Espluga de Francolí,2026-02-15,0.0
CY,Muntanyola,2026-02-15,0.0
D1,Margalef,2026-02-15,0.0
D2,Vacarisses,2026-02-15,0.0
D3,Vallirana,2026-02-15,0.0
D4,Roses,2026-02-15,0.0
D5,Barcelona - Observatori Fabra,2026-02-15,0.0
D6,Portbou - coll dels Belitres,2026-02-15,0.0
D7,Vinebre,2026-02-15,0.0
D8,Horta de Sant Joan,2026-02-15,0.0
D9,el Vendrell,2026-02-15,0.0
DB,el Perelló,2026-02-15,0.0
DF,la Bisbal d'Empordà,2026-02-15,0.0
DG,Núria (1.971 m),2026-02-15,0.0
DI,Font-rubí,2026-02-15,0.0
DJ,Banyoles,2026-02-15,0.0
DK,Torredembarra,2026-02-15,0.0
DL,Illa de Buda,2026-02-15,0.0
DN,Anglès,2026-02-15,0.0
DO,Castell d'Aro,2026-02-15,0.0
DP,Das - Aeròdrom,2026-02-15,0.0
DQ,Vila-rodona,2026-02-15,0.0
H1,Òdena,2026-02-15,0.0
J5,Pantà de Darnius - Boadella,2026-02-15,0.0
KE,Pantà de Sau,2026-02-15,0.0
KP,Fogars de la Selva,2026-02-15,0.0
KX,la Roca del Vallès - ETAP Cardedeu,2026-02-15,0.0
M6,Sant Joan de les Abadesses,2026-02-15,0.0
MQ,Cardona,2026-02-15,0.0
MR,Pantà de Siurana,2026-02-15,0.0
MS,Castellar de n'Hug - el Clot del Moro,2026-02-15,0.0
MV,Guixers - Valls,2026-02-15,0.0
MW,Navès,2026-02-15,0.0
U2,Sant Pere Pescador,2026-02-15,0.0
U3,Sant Martí Sarroca,2026-02-15,0.0
U4,Castellnou de Bages,2026-02-15,0.0
U6,Vinyols i els Arcs - Cambrils,2026-02-15,0.0
U7,Aldover,2026-02-15,0.0
U9,l'Aldea,2026-02-15,0.0
UA,l'Ametlla de Mar,2026-02-15,0.0
UB,la Tallada d'Empordà,2026-02-15,0.0
UE,Torroella de Montgrí,2026-02-15,0.0
UF,PN del Garraf - el Rascler,2026-02-15,0.0
UH,el Montmell,2026-02-15,0.0
UI,Gisclareny,2026-02-15,0.0
UJ,Santa Coloma de Queralt,2026-02-15,0.0
UK,Sant Pere de Ribes - PN del Garraf,2026-02-15,0.0
UM,la Granadella,2026-02-15,0.0
UN,Cassà de la Selva,2026-02-15,0.0
UO,Fornells de la Selva,2026-02-15,0.0
UP,Cabrils,2026-02-15,0.0
UQ,Dosrius - PN Montnegre Corredor,2026-02-15,0.0
US,les Cases d'Alcanar,2026-02-15,0.0
UU,Amposta,2026-02-15,0.0
UW,els Alfacs,2026-02-15,0.0
UX,Ulldecona - els Valentins,2026-02-15,0.0
UY,Os de Balaguer - el Monestir d'Avellanes,2026-02-15,0.0
V1,Vallfogona de Balaguer,2026-02-15,0.0
V4,Montesquiu,2026-02-15,0.0
V5,Perafita,2026-02-15,0.0
V8,el Poal,2026-02-15,0.0
VA,Ascó,2026-02-15,0.0
VB,Benissanet,2026-02-15,0.0
VC,Pantà de Riba-roja,2026-02-15,0.0
VD,el Canós,2026-02-15,0.0
VH,Gimenells,2026-02-15,0.0
VK,Raimat,2026-02-15,0.0
VM,Vilanova de Segrià,2026-02-15,0.0
VO,Lladurs,2026-02-15,0.0
VP,Pinós,2026-02-15,0.0
VQ,Constantí,2026-02-15,0.0
VS,Lac Redon (2.245 m),2026-02-15,6.4
VU,Rellinars,2026-02-15,0.0
VV,Sant Llorenç Savall,2026-02-15,0.0
VX,Tagamanent - PN del Montseny,2026-02-15,0.0
VY,Nulles,2026-02-15,0.0
VZ,Espolla,2026-02-15,0.0
W1,Castelló d'Empúries,2026-02-15,0.0
W4,Vilafranca del Penedès - la Granada,2026-02-15,0.0
W5,Oliana,2026-02-15,0.0
W8,Blancafort,2026-02-15,0.0
W9,la Vall d'en Bas,2026-02-15,0.0
WA,Oliola,2026-02-15,0.0
WB,Albesa,2026-02-15,0.0
WC,Golmés,2026-02-15,0.0
WG,Algerri,2026-02-15,0.0
WI,Maials,2026-02-15,0.0
WJ,el Masroig,2026-02-15,0.0
WK,Alfarràs,2026-02-15,0.0
WL,Sant Martí de Riucorb,2026-02-15,0.0
WM,Santuari de Queralt,2026-02-15,0.0
WN,Montserrat - Sant Dimes,2026-02-15,0.0
WO,la Bisbal del Penedès,2026-02-15,0.0
WP,Canaletes,2026-02-15,0.0
WQ,Montsec d'Ares (1.571 m),2026-02-15,0.0
WR,Torroja del Priorat,2026-02-15,0.0
WS,Viladrau,2026-02-15,0.0
WT,Malgrat de Mar,2026-02-15,0.0
WU,Badalona - Museu,2026-02-15,0.0
WV,Guardiola de Berguedà,2026-02-15,0.0
WW,Artés,2026-02-15,0.0
WX,Camarasa,2026-02-15,0.0
WZ,Cunit,2026-02-15,0.0
X1,Falset,2026-02-15,0.0
X3,Alguaire,2026-02-15,0.0
X4,Barcelona - el Raval,2026-02-15,0.0
X5,PN dels Ports,2026-02-15,0.0
X6,Baldomar,2026-02-15,0.0
X7,Torres de Segre,2026-02-15,0.0
X8,Barcelona - Zona Universitària,2026-02-15,0.0
X9,Caldes de Montbui,2026-02-15,0.0
XA,la Panadella,2026-02-15,0.0
XB,la Llacuna,2026-02-15,0.0
XC,Castellbisbal,2026-02-15,0.0
XD,Ulldemolins,2026-02-15,0.0
XE,Tarragona - Complex Educatiu,2026-02-15,0.0
XF,Sabadell - Parc Agrari,2026-02-15,0.0
XG,Parets del Vallès,2026-02-15,0.0
XH,Sort,2026-02-15,0.0
XI,Mollerussa,2026-02-15,0.0
XJ,Girona,2026-02-15,0.0
XK,Puig Sesolles (1.666 m),2026-02-15,0.0
XL,el Prat de Llobregat,2026-02-15,0.0
XM,els Alamús,2026-02-15,0.0
XN,Seròs,2026-02-15,0.0
XO,Vic,2026-02-15,0.0
XP,Gandesa,2026-02-15,0.0
XQ,Tremp,2026-02-15,0.0
XR,Prades,2026-02-15,0.0
XS,Santa Coloma de Farners,2026-02-15,0.0
XT,Solsona,2026-02-15,0.0
XU,Canyelles,2026-02-15,0.0
XV,Sant Cugat del Vallès - CAR,2026-02-15,0.0
XX,Anglesola - Tornabous,2026-02-15,0.0
XY,Alcarràs,2026-02-15,0.0
XZ,Torroella de Fluvià,2026-02-15,0.0
Y4,Alinyà,2026-02-15,0.0
Y5,Navata,2026-02-15,0.0
Y6,Tivissa,2026-02-15,0.0
YA,Puigcerdà,2026-02-15,0.0
YB,Olot,2026-02-15,0.0
YC,la Pobla de Segur,2026-02-15,0.0
YD,les Borges Blanques,2026-02-15,0.0
YE,Massoteres,2026-02-15,0.0
YF,Miami Platja,2026-02-15,0.0
YG,Tírvia,2026-02-15,0.0
YH,Pujalt,2026-02-15,0.0
YJ,Lleida - la Femosa,2026-02-15,0.0
YK,Terrassa,2026-02-15,0.0
YL,Riudecanyes,2026-02-15,0.0
YM,Granollers,2026-02-15,0.0
YN,Vielha - Elipòrt,2026-02-15,6.1
YO,Sant Sadurní d'Anoia,2026-02-15,0.0
YP,Palafrugell,2026-02-15,0.0
YQ,Port de Barcelona - ZAL Prat,2026-02-15,0.0
YR,Vilanova i la Geltrú,2026-02-15,0.0
YS,Cabanes,2026-02-15,0.0
YT,Bonabé (1.691 m),2026-02-15,7.3
YU,Cantonigròs,2026-02-15,0.0
YV,Mataró,2026-02-15,0.0
YX,Batea,2026-02-15,0.0
Z1,Bonaigua (2.262 m),2026-02-15,3.0
Z2,Boí (2.537 m),2026-02-15,0.0
Z3,Malniu (2.229 m),2026-02-15,0.0
Z5,Certascan (2.398 m),2026-02-15,7.0
Z6,Sasseuva (2.226 m),2026-02-15,7.7
Z7,Espot (2.519 m),2026-02-15,1.2
Z9,Cadí Nord (2.145 m) - Prat d'Aguiló,2026-02-15,0.0
ZB,Salòria (2.451 m),2026-02-15,0.0
ZC,Ulldeter (2.413 m),2026-02-15,0.0
ZE,el Port del Comte (2.288 m),2026-02-15,0.0
YY,Viladecans - les Filipines,2026-02-15,0.0
C6,Castellnou de Seana,2026-02-16,0.0
C7,Tàrrega,2026-02-16,0.0
C8,Cervera,2026-02-16,0.0
C9,Mas de Barberans,2026-02-16,0.0
CC,Orís,2026-02-16,0.0
CD,la Seu d'Urgell - Bellestar,2026-02-16,0.1
CE,els Hostalets de Pierola,2026-02-16,0.0
CG,Molló - Fabert,2026-02-16,0.0
CI,Sant Pau de Segúries,2026-02-16,0.0
CJ,Organyà,2026-02-16,0.0
CL,Sant Salvador de Guardiola,2026-02-16,0.0
CP,Sant Romà d'Abella,2026-02-16,0.0
CQ,Vilanova de Meià,2026-02-16,0.0
CR,la Quar,2026-02-16,0.0
CT,el Pont de Suert,2026-02-16,0.0
CW,l'Espluga de Francolí,2026-02-16,0.0
CY,Muntanyola,2026-02-16,0.0
D1,Margalef,2026-02-16,0.0
D2,Vacarisses,2026-02-16,0.0
D3,Vallirana,2026-02-16,0.0
D4,Roses,2026-02-16,0.0
D5,Barcelona - Observatori Fabra,2026-02-16,0.0
D6,Portbou - coll dels Belitres,2026-02-16,0.0
D7,Vinebre,2026-02-16,0.0
D8,Horta de Sant Joan,2026-02-16,0.0
D9,el Vendrell,2026-02-16,0.0
DB,el Perelló,2026-02-16,0.0
DF,la Bisbal d'Empordà,2026-02-16,0.0
DG,Núria (1.971 m),2026-02-16,3.6
DI,Font-rubí,2026-02-16,0.0
DJ,Banyoles,2026-02-16,0.0
DK,Torredembarra,2026-02-16,0.0
DL,Illa de Buda,2026-02-16,0.0
DN,Anglès,2026-02-16,0.0
DO,Castell d'Aro,2026-02-16,0.0
DP,Das - Aeròdrom,2026-02-16,0.0
DQ,Vila-rodona,2026-02-16,0.0
H1,Òdena,2026-02-16,0.0
J5,Pantà de Darnius - Boadella,2026-02-16,0.0
KE,Pantà de Sau,2026-02-16,0.0
KP,Fogars de la Selva,2026-02-16,0.0
KX,la Roca del Vallès - ETAP Cardedeu,2026-02-16,0.0
M6,Sant Joan de les Abadesses,2026-02-16,0.0
MQ,Cardona,2026-02-16,0.0
MR,Pantà de Siurana,2026-02-16,0.0
MS,Castellar de n'Hug - el Clot del Moro,2026-02-16,0.0
MV,Guixers - Valls,2026-02-16,0.0
MW,Navès,2026-02-16,0.0
U2,Sant Pere Pescador,2026-02-16,0.0
U3,Sant Martí Sarroca,2026-02-16,0.0
U4,Castellnou de Bages,2026-02-16,0.0
U6,Vinyols i els Arcs - Cambrils,2026-02-16,0.0
U7,Aldover,2026-02-16,0.0
U9,l'Aldea,2026-02-16,0.0
UA,l'Ametlla de Mar,2026-02-16,0.0
UB,la Tallada d'Empordà,2026-02-16,0.1
UE,Torroella de Montgrí,2026-02-16,0.1
UF,PN del Garraf - el Rascler,2026-02-16,0.0
UH,el Montmell,2026-02-16,0.0
UI,Gisclareny,2026-02-16,0.0
UJ,Santa Coloma de Queralt,2026-02-16,0.0
UK,Sant Pere de Ribes - PN del Garraf,2026-02-16,0.0
UM,la Granadella,2026-02-16,0.0
UN,Cassà de la Selva,2026-02-16,0.0
UO,Fornells de la Selva,2026-02-16,0.0
UP,Cabrils,2026-02-16,0.0
UQ,Dosrius - PN Montnegre Corredor,2026-02-16,0.0
US,les Cases d'Alcanar,2026-02-16,0.4
UU,Amposta,2026-02-16,0.0
UW,els Alfacs,2026-02-16,0.0
UX,Ulldecona - els Valentins,2026-02-16,1.1
UY,Os de Balaguer - el Monestir d'Avellanes,2026-02-16,0.0
V1,Vallfogona de Balaguer,2026-02-16,0.0
V4,Montesquiu,2026-02-16,0.0
V5,Perafita,2026-02-16,0.0
V8,el Poal,2026-02-16,0.0
VA,Ascó,2026-02-16,0.0
VB,Benissanet,2026-02-16,0.0
VC,Pantà de Riba-roja,2026-02-16,0.0
VD,el Canós,2026-02-16,0.0
VH,Gimenells,2026-02-16,0.0
VK,Raimat,2026-02-16,0.0
VM,Vilanova de Segrià,2026-02-16,0.0
VO,Lladurs,2026-02-16,0.0
VP,Pinós,2026-02-16,0.0
VQ,Constantí,2026-02-16,0.0
VS,Lac Redon (2.245 m),2026-02-16,17.1
VU,Rellinars,2026-02-16,0.0
VV,Sant Llorenç Savall,2026-02-16,0.0
VX,Tagamanent - PN del Montseny,2026-02-16,0.0
VY,Nulles,2026-02-16,0.0
VZ,Espolla,2026-02-16,0.0
W1,Castelló d'Empúries,2026-02-16,0.0
W4,Vilafranca del Penedès - la Granada,2026-02-16,0.0
W5,Oliana,2026-02-16,0.0
W8,Blancafort,2026-02-16,0.0
W9,la Vall d'en Bas,2026-02-16,0.0
WA,Oliola,2026-02-16,0.0
WB,Albesa,2026-02-16,0.0
WC,Golmés,2026-02-16,0.0
WG,Algerri,2026-02-16,0.0
WI,Maials,2026-02-16,0.0
WJ,el Masroig,2026-02-16,0.0
WK,Alfarràs,2026-02-16,0.0
WL,Sant Martí de Riucorb,2026-02-16,0.0
WM,Santuari de Queralt,2026-02-16,0.0
WN,Montserrat - Sant Dimes,2026-02-16,0.0
WO,la Bisbal del Penedès,2026-02-16,0.0
WP,Canaletes,2026-02-16,0.0
WQ,Montsec d'Ares (1.571 m),2026-02-16,0.0
WR,Torroja del Priorat,2026-02-16,0.0
WS,Viladrau,2026-02-16,0.0
WT,Malgrat de Mar,2026-02-16,0.0
WU,Badalona - Museu,2026-02-16,0.0
WV,Guardiola de Berguedà,2026-02-16,0.0
WW,Artés,2026-02-16,0.0
WX,Camarasa,2026-02-16,0.0
WZ,Cunit,2026-02-16,0.0
X1,Falset,2026-02-16,0.0
X3,Alguaire,2026-02-16,0.0
X4,Barcelona - el Raval,2026-02-16,0.0
X5,PN dels Ports,2026-02-16,4.0
X6,Baldomar,2026-02-16,0.0
X7,Torres de Segre,2026-02-16,0.0
X8,Barcelona - Zona Universitària,2026-02-16,0.0
X9,Caldes de Montbui,2026-02-16,0.0
XA,la Panadella,2026-02-16,0.0
XB,la Llacuna,2026-02-16,0.0
XC,Castellbisbal,2026-02-16,0.0
XD,Ulldemolins,2026-02-16,0.0
XE,Tarragona - Complex Educatiu,2026-02-16,0.0
XF,Sabadell - Parc Agrari,2026-02-16,0.0
XG,Parets del Vallès,2026-02-16,0.0
XH,Sort,2026-02-16,0.0
XI,Mollerussa,2026-02-16,0.0
XJ,Girona,2026-02-16,0.0
XK,Puig Sesolles (1.666 m),2026-02-16,0.0
XL,el Prat de Llobregat,2026-02-16,0.0
XM,els Alamús,2026-02-16,0.0
XN,Seròs,2026-02-16,0.0
XO,Vic,2026-02-16,0.0
XP,Gandesa,2026-02-16,0.0
XQ,Tremp,2026-02-16,0.0
XR,Prades,2026-02-16,0.0
XS,Santa Coloma de Farners,2026-02-16,0.0
XT,Solsona,2026-02-16,0.0
XU,Canyelles,2026-02-16,0.0
XV,Sant Cugat del Vallès - CAR,2026-02-16,0.0
XX,Anglesola - Tornabous,2026-02-16,0.0
XY,Alcarràs,2026-02-16,0.0
XZ,Torroella de Fluvià,2026-02-16,0.0
Y4,Alinyà,2026-02-16,0.0
Y5,Navata,2026-02-16,0.0
Y6,Tivissa,2026-02-16,0.0
YA,Puigcerdà,2026-02-16,0.7
YB,Olot,2026-02-16,0.0
YC,la Pobla de Segur,2026-02-16,0.0
YD,les Borges Blanques,2026-02-16,0.0
YE,Massoteres,2026-02-16,0.0
YF,Miami Platja,2026-02-16,0.0
YG,Tírvia,2026-02-16,3.9
YH,Pujalt,2026-02-16,0.0
YJ,Lleida - la Femosa,2026-02-16,0.0
YK,Terrassa,2026-02-16,0.0
YL,Riudecanyes,2026-02-16,0.0
YM,Granollers,2026-02-16,0.0
YN,Vielha - Elipòrt,2026-02-16,18.0
YO,Sant Sadurní d'Anoia,2026-02-16,0.0
YP,Palafrugell,2026-02-16,0.0
YQ,Port de Barcelona - ZAL Prat,2026-02-16,0.0
YR,Vilanova i la Geltrú,2026-02-16,0.0
YS,Cabanes,2026-02-16,0.0
YT,Bonabé (1.691 m),2026-02-16,21.2
YU,Cantonigròs,2026-02-16,0.0
YV,Mataró,2026-02-16,0.0
YX,Batea,2026-02-16,0.0
Z1,Bonaigua (2.262 m),2026-02-16,10.1
Z2,Boí (2.537 m),2026-02-16,0.0
Z3,Malniu (2.229 m),2026-02-16,6.5
Z5,Certascan (2.398 m),2026-02-16,16.1
Z6,Sasseuva (2.226 m),2026-02-16,25.3
Z7,Espot (2.519 m),2026-02-16,7.2
Z9,Cadí Nord (2.145 m) - Prat d'Aguiló,2026-02-16,0.0
ZB,Salòria (2.451 m),2026-02-16,1.2
ZC,Ulldeter (2.413 m),2026-02-16,4.9
ZE,el Port del Comte (2.288 m),2026-02-16,0.6
YY,Viladecans - les Filipines,2026-02-16,0.0
C6,Castellnou de Seana,2026-02-17,0.0
C7,Tàrrega,2026-02-17,0.0
C8,Cervera,2026-02-17,0.0
C9,Mas de Barberans,2026-02-17,0.0
CC,Orís,2026-02-17,0.0
CD,la Seu d'Urgell - Bellestar,2026-02-17,0.0
CE,els Hostalets de Pierola,2026-02-17,0.0
CG,Molló - Fabert,2026-02-17,0.0
CI,Sant Pau de Segúries,2026-02-17,0.0
CJ,Organyà,2026-02-17,0.0
CL,Sant Salvador de Guardiola,2026-02-17,0.0
CP,Sant Romà d'Abella,2026-02-17,0.0
CQ,Vilanova de Meià,2026-02-17,0.0
CR,la Quar,2026-02-17,0.0
CT,el Pont de Suert,2026-02-17,0.0
CW,l'Espluga de Francolí,2026-02-17,0.0
CY,Muntanyola,2026-02-17,0.0
D1,Margalef,2026-02-17,0.0
D2,Vacarisses,2026-02-17,0.0
D3,Vallirana,2026-02-17,0.0
D4,Roses,2026-02-17,0.0
D5,Barcelona - Observatori Fabra,2026-02-17,0.0
D6,Portbou - coll dels Belitres,2026-02-17,0.1
D7,Vinebre,2026-02-17,0.0
D8,Horta de Sant Joan,2026-02-17,0.0
D9,el Vendrell,2026-02-17,0.0
DB,el Perelló,2026-02-17,0.0
DF,la Bisbal d'Empordà,2026-02-17,0.0
DG,Núria (1.971 m),2026-02-17,0.0
DI,Font-rubí,2026-02-17,0.0
DJ,Banyoles,2026-02-17,0.0
DK,Torredembarra,2026-02-17,0.0
DL,Illa de Buda,2026-02-17,0.0
DN,Anglès,2026-02-17,0.0
DO,Castell d'Aro,2026-02-17,0.0
DP,Das - Aeròdrom,2026-02-17,0.0
DQ,Vila-rodona,2026-02-17,0.0
H1,Òdena,2026-02-17,0.0
J5,Pantà de Darnius - Boadella,2026-02-17,0.0
KE,Pantà de Sau,2026-02-17,0.0
KP,Fogars de la Selva,2026-02-17,0.0
KX,la Roca del Vallès - ETAP Cardedeu,2026-02-17,0.0
M6,Sant Joan de les Abadesses,2026-02-17,0.0
MQ,Cardona,2026-02-17,0.0
MR,Pantà de Siurana,2026-02-17,0.0
MS,Castellar de n'Hug - el Clot del Moro,2026-02-17,0.0
MV,Guixers - Valls,2026-02-17,0.0
MW,Navès,2026-02-17,0.0
U2,Sant Pere Pescador,2026-02-17,0.0
U3,Sant Martí Sarroca,2026-02-17,0.0
U4,Castellnou de Bages,2026-02-17,0.0
U6,Vinyols i els Arcs - Cambrils,2026-02-17,0.0
U7,Aldover,2026-02-17,0.0
U9,l'Aldea,2026-02-17,0.0
UA,l'Ametlla de Mar,2026-02-17,0.0
UB,la Tallada d'Empordà,2026-02-17,0.0
UE,Torroella de Montgrí,2026-02-17,0.0
UF,PN del Garraf - el Rascler,2026-02-17,0.0
UH,el Montmell,2026-02-17,0.0
UI,Gisclareny,2026-02-17,0.0
UJ,Santa Coloma de Queralt,2026-02-17,0.0
UK,Sant Pere de Ribes - PN del Garraf,2026-02-17,0.0
UM,la Granadella,2026-02-17,0.0
UN,Cassà de la Selva,2026-02-17,0.0
UO,Fornells de la Selva,2026-02-17,0.0
UP,Cabrils,2026-02-17,0.0
UQ,Dosrius - PN Montnegre Corredor,2026-02-17,0.0
US,les Cases d'Alcanar,2026-02-17,0.0
UU,Amposta,2026-02-17,0.0
UW,els Alfacs,2026-02-17,0.0
UX,Ulldecona - els Valentins,2026-02-17,1.1
UY,Os de Balaguer - el Monestir d'Avellanes,2026-02-17,0.0
V1,Vallfogona de Balaguer,2026-02-17,0.0
V4,Montesquiu,2026-02-17,0.0
V5,Perafita,2026-02-17,0.0
V8,el Poal,2026-02-17,0.0
VA,Ascó,2026-02-17,0.0
VB,Benissanet,2026-02-17,0.0
VC,Pantà de Riba-roja,2026-02-17,0.0
VD,el Canós,2026-02-17,0.0
VH,Gimenells,2026-02-17,0.0
VK,Raimat,2026-02-17,0.0
VM,Vilanova de Segrià,2026-02-17,0.0
VO,Lladurs,2026-02-17,0.0
VP,Pinós,2026-02-17,0.0
VQ,Constantí,2026-02-17,0.0
VS,Lac Redon (2.245 m),2026-02-17,4.2
VU,Rellinars,2026-02-17,0.0
VV,Sant Llorenç Savall,2026-02-17,0.0
VX,Tagamanent - PN del Montseny,2026-02-17,0.0
VY,Nulles,2026-02-17,0.0
VZ,Espolla,2026-02-17,0.0
W1,Castelló d'Empúries,2026-02-17,0.0
W4,Vilafranca del Penedès - la Granada,2026-02-17,0.0
W5,Oliana,2026-02-17,0.0
W8,Blancafort,2026-02-17,0.0
W9,la Vall d'en Bas,2026-02-17,0.0
WA,Oliola,2026-02-17,0.0
WB,Albesa,2026-02-17,0.0
WC,Golmés,2026-02-17,0.0
WG,Algerri,2026-02-17,0.0
WI,Maials,2026-02-17,0.0
WJ,el Masroig,2026-02-17,0.0
WK,Alfarràs,2026-02-17,0.0
WL,Sant Martí de Riucorb,2026-02-17,0.0
WM,Santuari de Queralt,2026-02-17,0.0
WN,Montserrat - Sant Dimes,2026-02-17,0.1
WO,la Bisbal del Penedès,2026-02-17,0.0
WP,Canaletes,2026-02-17,0.0
WQ,Montsec d'Ares (1.571 m),2026-02-17,0.0
WR,Torroja del Priorat,2026-02-17,0.0
WS,Viladrau,2026-02-17,0.0
WT,Malgrat de Mar,2026-02-17,0.0
WU,Badalona - Museu,2026-02-17,0.0
WV,Guardiola de Berguedà,2026-02-17,0.0
WW,Artés,2026-02-17,0.0
WX,Camarasa,2026-02-17,0.0
WZ,Cunit,2026-02-17,0.0
X1,Falset,2026-02-17,0.0
X3,Alguaire,2026-02-17,0.0
X4,Barcelona - el Raval,2026-02-17,0.0
X5,PN dels Ports,2026-02-17,3.0
X6,Baldomar,2026-02-17,0.0
X7,Torres de Segre,2026-02-17,0.0
X8,Barcelona - Zona Universitària,2026-02-17,0.0
X9,Caldes de Montbui,2026-02-17,0.0
XA,la Panadella,2026-02-17,0.0
XB,la Llacuna,2026-02-17,0.0
XC,Castellbisbal,2026-02-17,0.0
XD,Ulldemolins,2026-02-17,0.0
XE,Tarragona - Complex Educatiu,2026-02-17,0.0
XF,Sabadell - Parc Agrari,2026-02-17,0.0
XG,Parets del Vallès,2026-02-17,0.0
XH,Sort,2026-02-17,0.0
XI,Mollerussa,2026-02-17,0.0
XJ,Girona,2026-02-17,0.0
XK,Puig Sesolles (1.666 m),2026-02-17,0.0
XL,el Prat de Llobregat,2026-02-17,0.0
XM,els Alamús,2026-02-17,0.0
XN,Seròs,2026-02-17,0.0
XO,Vic,2026-02-17,0.0
XP,Gandesa,2026-02-17,0.0
XQ,Tremp,2026-02-17,0.0
XR,Prades,2026-02-17,0.0
XS,Santa Coloma de Farners,2026-02-17,0.0
XT,Solsona,2026-02-17,0.0
XU,Canyelles,2026-02-17,0.0
XV,Sant Cugat del Vallès - CAR,2026-02-17,0.0
XX,Anglesola - Tornabous,2026-02-17,0.0
XY,Alcarràs,2026-02-17,0.0
XZ,Torroella de Fluvià,2026-02-17,0.0
Y4,Alinyà,2026-02-17,0.0
Y5,Navata,2026-02-17,0.0
Y6,Tivissa,2026-02-17,0.0
YA,Puigcerdà,2026-02-17,0.0
YB,Olot,2026-02-17,0.0
YC,la Pobla de Segur,2026-02-17,0.0
YD,les Borges Blanques,2026-02-17,0.0
YE,Massoteres,2026-02-17,0.0
YF,Miami Platja,2026-02-17,0.0
YG,Tírvia,2026-02-17,0.0
YH,Pujalt,2026-02-17,0.0
YJ,Lleida - la Femosa,2026-02-17,0.0
YK,Terrassa,2026-02-17,0.0
YL,Riudecanyes,2026-02-17,0.0
YM,Granollers,2026-02-17,0.0
YN,Vielha - Elipòrt,2026-02-17,0.4
YO,Sant Sadurní d'Anoia,2026-02-17,0.0
YP,Palafrugell,2026-02-17,0.0
YQ,Port de Barcelona - ZAL Prat,2026-02-17,0.0
YR,Vilanova i la Geltrú,2026-02-17,0.0
YS,Cabanes,2026-02-17,0.0
YT,Bonabé (1.691 m),2026-02-17,0.0
YU,Cantonigròs,2026-02-17,0.0
YV,Mataró,2026-02-17,0.0
YX,Batea,2026-02-17,0.0
Z1,Bonaigua (2.262 m),2026-02-17,0.3
Z2,Boí (2.537 m),2026-02-17,0.0
Z3,Malniu (2.229 m),2026-02-17,0.0
Z5,Certascan (2.398 m),2026-02-17,2.4
Z6,Sasseuva (2.226 m),2026-02-17,2.1
Z7,Espot (2.519 m),2026-02-17,0.9
Z9,Cadí Nord (2.145 m) - Prat d'Aguiló,2026-02-17,0.0
ZB,Salòria (2.451 m),2026-02-17,0.0
ZC,Ulldeter (2.413 m),2026-02-17,0.0
ZE,el Port del Comte (2.288 m),2026-02-17,0.0
YY,Viladecans - les Filipines,2026-02-17,0.0
C6,Castellnou de Seana,2026-02-18,0.1
C7,Tàrrega,2026-02-18,0.2
C8,Cervera,2026-02-18,0.3
C9,Mas de Barberans,2026-02-18,0.5
CC,Orís,2026-02-18,0.0
CD,la Seu d'Urgell - Bellestar,2026-02-18,0.1
CE,els Hostalets de Pierola,2026-02-18,0.0
CG,Molló - Fabert,2026-02-18,0.0
CI,Sant Pau de Segúries,2026-02-18,0.0
CJ,Organyà,2026-02-18,0.3
CL,Sant Salvador de Guardiola,2026-02-18,0.0
CP,Sant Romà d'Abella,2026-02-18,0.6
CQ,Vilanova de Meià,2026-02-18,0.8
CR,la Quar,2026-02-18,0.1
CT,el Pont de Suert,2026-02-18,4.0
CW,l'Espluga de Francolí,2026-02-18,0.0
CY,Muntanyola,2026-02-18,0.0
D1,Margalef,2026-02-18,0.0
D2,Vacarisses,2026-02-18,0.0
D3,Vallirana,2026-02-18,0.0
D4,Roses,2026-02-18,0.0
D5,Barcelona - Observatori Fabra,2026-02-18,0.0
D6,Portbou - coll dels Belitres,2026-02-18,0.0
D7,Vinebre,2026-02-18,0.0
D8,Horta de Sant Joan,2026-02-18,0.2
D9,el Vendrell,2026-02-18,0.0
DB,el Perelló,2026-02-18,0.4
DF,la Bisbal d'Empordà,2026-02-18,0.0
DG,Núria (1.971 m),2026-02-18,0.2
DI,Font-rubí,2026-02-18,0.0
DJ,Banyoles,2026-02-18,0.0
DK,Torredembarra,2026-02-18,0.0
DL,Illa de Buda,2026-02-18,0.0
DN,Anglès,2026-02-18,0.0
DO,Castell d'Aro,2026-02-18,0.0
DP,Das - Aeròdrom,2026-02-18,0.0
DQ,Vila-rodona,2026-02-18,0.0
H1,Òdena,2026-02-18,0.0
J5,Pantà de Darnius - Boadella,2026-02-18,0.0
KE,Pantà de Sau,2026-02-18,0.0
KP,Fogars de la Selva,2026-02-18,0.0
KX,la Roca del Vallès - ETAP Cardedeu,2026-02-18,0.0
M6,Sant Joan de les Abadesses,2026-02-18,0.0
MQ,Cardona,2026-02-18,0.0
MR,Pantà de Siurana,2026-02-18,0.0
MS,Castellar de n'Hug - el Clot del Moro,2026-02-18,0.0
MV,Guixers - Valls,2026-02-18,0.0
MW,Navès,2026-02-18,0.0
U2,Sant Pere Pescador,2026-02-18,0.0
U3,Sant Martí Sarroca,2026-02-18,0.0
U4,Castellnou de Bages,2026-02-18,0.1
U6,Vinyols i els Arcs - Cambrils,2026-02-18,0.0
U7,Aldover,2026-02-18,0.1
U9,l'Aldea,2026-02-18,0.1
UA,l'Ametlla de Mar,2026-02-18,0.3
UB,la Tallada d'Empordà,2026-02-18,0.0
UE,Torroella de Montgrí,2026-02-18,0.0
UF,PN del Garraf - el Rascler,2026-02-18,0.1
UH,el Montmell,2026-02-18,0.0
UI,Gisclareny,2026-02-18,1.0
UJ,Santa Coloma de Queralt,2026-02-18,0.1
UK,Sant Pere de Ribes - PN del Garraf,2026-02-18,0.0
UM,la Granadella,2026-02-18,0.0
UN,Cassà de la Selva,2026-02-18,0.0
UO,Fornells de la Selva,2026-02-18,0.0
UP,Cabrils,2026-02-18,0.0
UQ,Dosrius - PN Montnegre Corredor,2026-02-18,0.0
US,les Cases d'Alcanar,2026-02-18,0.5
UU,Amposta,2026-02-18,0.0
UW,els Alfacs,2026-02-18,0.0
UX,Ulldecona - els Valentins,2026-02-18,0.0
UY,Os de Balaguer - el Monestir d'Avellanes,2026-02-18,0.6
V1,Vallfogona de Balaguer,2026-02-18,0.3
V4,Montesquiu,2026-02-18,0.0
V5,Perafita,2026-02-18,0.0
V8,el Poal,2026-02-18,0.1
VA,Ascó,2026-02-18,0.1
VB,Benissanet,2026-02-18,0.4
VC,Pantà de Riba-roja,2026-02-18,0.1
VD,el Canós,2026-02-18,0.4
VH,Gimenells,2026-02-18,0.0
VK,Raimat,2026-02-18,0.0
VM,Vilanova de Segrià,2026-02-18,0.0
VO,Lladurs,2026-02-18,0.2
VP,Pinós,2026-02-18,0.0
VQ,Constantí,2026-02-18,0.0
VS,Lac Redon (2.245 m),2026-02-18,2.4
VU,Rellinars,2026-02-18,0.0
VV,Sant Llorenç Savall,2026-02-18,0.1
VX,Tagamanent - PN del Montseny,2026-02-18,0.1
VY,Nulles,2026-02-18,0.0
VZ,Espolla,2026-02-18,0.0
W1,Castelló d'Empúries,2026-02-18,0.0
W4,Vilafranca del Penedès - la Granada,2026-02-18,0.0
W5,Oliana,2026-02-18,0.5
W8,Blancafort,2026-02-18,0.0
W9,la Vall d'en Bas,2026-02-18,0.0
WA,Oliola,2026-02-18,0.2
WB,Albesa,2026-02-18,0.1
WC,Golmés,2026-02-18,0.1
WG,Algerri,2026-02-18,0.1
WI,Maials,2026-02-18,0.0
WJ,el Masroig,2026-02-18,0.1
WK,Alfarràs,2026-02-18,0.2
WL,Sant Martí de Riucorb,2026-02-18,0.0
WM,Santuari de Queralt,2026-02-18,0.2
WN,Montserrat - Sant Dimes,2026-02-18,0.0
WO,la Bisbal del Penedès,2026-02-18,0.0
WP,Canaletes,2026-02-18,0.0
WQ,Montsec d'Ares (1.571 m),2026-02-18,1.2
WR,Torroja del Priorat,2026-02-18,0.0
WS,Viladrau,2026-02-18,0.0
WT,Malgrat de Mar,2026-02-18,0.0
WU,Badalona - Museu,2026-02-18,0.0
WV,Guardiola de Berguedà,2026-02-18,0.0
WW,Artés,2026-02-18,0.1
WX,Camarasa,2026-02-18,0.3
WZ,Cunit,2026-02-18,0.0
X1,Falset,2026-02-18,0.0
X3,Alguaire,2026-02-18,0.0
X4,Barcelona - el Raval,2026-02-18,0.0
X5,PN dels Ports,2026-02-18,2.8
X6,Baldomar,2026-02-18,0.2
X7,Torres de Segre,2026-02-18,0.0
X8,Barcelona - Zona Universitària,2026-02-18,0.0
X9,Caldes de Montbui,2026-02-18,0.0
XA,la Panadella,2026-02-18,0.2
XB,la Llacuna,2026-02-18,0.0
XC,Castellbisbal,2026-02-18,0.0
XD,Ulldemolins,2026-02-18,0.0
XE,Tarragona - Complex Educatiu,2026-02-18,0.0
XF,Sabadell - Parc Agrari,2026-02-18,0.0
XG,Parets del Vallès,2026-02-18,0.0
XH,Sort,2026-02-18,2.8
XI,Mollerussa,2026-02-18,0.0
XJ,Girona,2026-02-18,0.0
XK,Puig Sesolles (1.666 m),2026-02-18,0.0
XL,el Prat de Llobregat,2026-02-18,0.0
XM,els Alamús,2026-02-18,0.0
XN,Seròs,2026-02-18,0.0
XO,Vic,2026-02-18,0.0
XP,Gandesa,2026-02-18,0.4
XQ,Tremp,2026-02-18,1.4
XR,Prades,2026-02-18,0.1
XS,Santa Coloma de Farners,2026-02-18,0.0
XT,Solsona,2026-02-18,0.3
XU,Canyelles,2026-02-18,0.0
XV,Sant Cugat del Vallès - CAR,2026-02-18,0.0
XX,Anglesola - Tornabous,2026-02-18,0.3
XY,Alcarràs,2026-02-18,0.0
XZ,Torroella de Fluvià,2026-02-18,0.0
Y4,Alinyà,2026-02-18,0.5
Y5,Navata,2026-02-18,0.0
Y6,Tivissa,2026-02-18,0.1
YA,Puigcerdà,2026-02-18,0.0
YB,Olot,2026-02-18,0.0
YC,la Pobla de Segur,2026-02-18,1.4
YD,les Borges Blanques,2026-02-18,0.0
YE,Massoteres,2026-02-18,0.1
YF,Miami Platja,2026-02-18,0.2
YG,Tírvia,2026-02-18,0.3
YH,Pujalt,2026-02-18,0.3
YJ,Lleida - la Femosa,2026-02-18,0.0
YK,Terrassa,2026-02-18,0.0
YL,Riudecanyes,2026-02-18,0.0
YM,Granollers,2026-02-18,0.0
YN,Vielha - Elipòrt,2026-02-18,2.4
YO,Sant Sadurní d'Anoia,2026-02-18,0.0
YP,Palafrugell,2026-02-18,0.0
YQ,Port de Barcelona - ZAL Prat,2026-02-18,0.0
YR,Vilanova i la Geltrú,2026-02-18,0.0
YS,Cabanes,2026-02-18,0.0
YT,Bonabé (1.691 m),2026-02-18,2.3
YU,Cantonigròs,2026-02-18,0.2
YV,Mataró,2026-02-18,0.0
YX,Batea,2026-02-18,0.1
Z1,Bonaigua (2.262 m),2026-02-18,1.3
Z2,Boí (2.537 m),2026-02-18,1.3
Z3,Malniu (2.229 m),2026-02-18,0.3
Z5,Certascan (2.398 m),2026-02-18,1.6
Z6,Sasseuva (2.226 m),2026-02-18,3.9
Z7,Espot (2.519 m),2026-02-18,2.9
Z9,Cadí Nord (2.145 m) - Prat d'Aguiló,2026-02-18,0.7
ZB,Salòria (2.451 m),2026-02-18,0.7
ZC,Ulldeter (2.413 m),2026-02-18,0.6
ZE,el Port del Comte (2.288 m),2026-02-18,1.1
YY,Viladecans - les Filipines,2026-02-18,0.1
C6,Castellnou de Seana,2026-02-19,0.0
C7,Tàrrega,2026-02-19,0.0
C8,Cervera,2026-02-19,0.0
C9,Mas de Barberans,2026-02-19,0.5
CC,Orís,2026-02-19,0.0
CD,la Seu d'Urgell - Bellestar,2026-02-19,0.6
CE,els Hostalets de Pierola,2026-02-19,0.0
CG,Molló - Fabert,2026-02-19,0.0
CI,Sant Pau de Segúries,2026-02-19,3.6
CJ,Organyà,2026-02-19,0.1
CL,Sant Salvador de Guardiola,2026-02-19,0.1
CP,Sant Romà d'Abella,2026-02-19,0.0
CQ,Vilanova de Meià,2026-02-19,0.0
CR,la Quar,2026-02-19,0.3
CT,el Pont de Suert,2026-02-19,0.0
CW,l'Espluga de Francolí,2026-02-19,0.0
CY,Muntanyola,2026-02-19,0.0
D1,Margalef,2026-02-19,0.0
D2,Vacarisses,2026-02-19,0.0
D3,Vallirana,2026-02-19,0.0
D4,Roses,2026-02-19,0.2
D5,Barcelona - Observatori Fabra,2026-02-19,0.0
D6,Portbou - coll dels Belitres,2026-02-19,0.3
D7,Vinebre,2026-02-19,0.0
D8,Horta de Sant Joan,2026-02-19,0.1
D9,el Vendrell,2026-02-19,0.0
DB,el Perelló,2026-02-19,0.1
DF,la Bisbal d'Empordà,2026-02-19,0.7
DG,Núria (1.971 m),2026-02-19,1.2
DI,Font-rubí,2026-02-19,0.0
DJ,Banyoles,2026-02-19,11.9
DK,Torredembarra,2026-02-19,0.0
DL,Illa de Buda,2026-02-19,0.0
DN,Anglès,2026-02-19,0.0
DO,Castell d'Aro,2026-02-19,0.0
DP,Das - Aeròdrom,2026-02-19,1.1
DQ,Vila-rodona,2026-02-19,0.0
H1,Òdena,2026-02-19,0.0
J5,Pantà de Darnius - Boadella,2026-02-19,2.1
KE,Pantà de Sau,2026-02-19,0.0
KP,Fogars de la Selva,2026-02-19,0.0
KX,la Roca del Vallès - ETAP Cardedeu,2026-02-19,0.0
M6,Sant Joan de les Abadesses,2026-02-19,0.6
MQ,Cardona,2026-02-19,0.0
MR,Pantà de Siurana,2026-02-19,0.0
MS,Castellar de n'Hug - el Clot del Moro,2026-02-19,0.1
MV,Guixers - Valls,2026-02-19,0.0
MW,Navès,2026-02-19,0.0
U2,Sant Pere Pescador,2026-02-19,1.3
U3,Sant Martí Sarroca,2026-02-19,0.0
U4,Castellnou de Bages,2026-02-19,0.0
U6,Vinyols i els Arcs - Cambrils,2026-02-19,0.0
U7,Aldover,2026-02-19,0.0
U9,l'Aldea,2026-02-19,0.0
UA,l'Ametlla de Mar,2026-02-19,0.2
UB,la Tallada d'Empordà,2026-02-19,4.1
UE,Torroella de Montgrí,2026-02-19,2.3
UF,PN del Garraf - el Rascler,2026-02-19,0.0
UH,el Montmell,2026-02-19,0.0
UI,Gisclareny,2026-02-19,0.6
UJ,Santa Coloma de Queralt,2026-02-19,0.0
UK,Sant Pere de Ribes - PN del Garraf,2026-02-19,0.0
UM,la Granadella,2026-02-19,0.0
UN,Cassà de la Selva,2026-02-19,0.0
UO,Fornells de la Selva,2026-02-19,0.0
UP,Cabrils,2026-02-19,0.0
UQ,Dosrius - PN Montnegre Corredor,2026-02-19,0.0
US,les Cases d'Alcanar,2026-02-19,0.4
UU,Amposta,2026-02-19,0.0
UW,els Alfacs,2026-02-19,0.1
UX,Ulldecona - els Valentins,2026-02-19,0.4
UY,Os de Balaguer - el Monestir d'Avellanes,2026-02-19,0.0
V1,Vallfogona de Balaguer,2026-02-19,0.0
V4,Montesquiu,2026-02-19,0.0
V5,Perafita,2026-02-19,0.0
V8,el Poal,2026-02-19,0.0
VA,Ascó,2026-02-19,0.0
VB,Benissanet,2026-02-19,0.0
VC,Pantà de Riba-roja,2026-02-19,0.0
VD,el Canós,2026-02-19,0.0
VH,Gimenells,2026-02-19,0.0
VK,Raimat,2026-02-19,0.0
VM,Vilanova de Segrià,2026-02-19,0.0
VO,Lladurs,2026-02-19,0.0
VP,Pinós,2026-02-19,0.1
VQ,Constantí,2026-02-19,0.0
VS,Lac Redon (2.245 m),2026-02-19,10.4
VU,Rellinars,2026-02-19,0.0
VV,Sant Llorenç Savall,2026-02-19,0.0
VX,Tagamanent - PN del Montseny,2026-02-19,0.0
VY,Nulles,2026-02-19,0.0
VZ,Espolla,2026-02-19,2.8
W1,Castelló d'Empúries,2026-02-19,0.8
W4,Vilafranca del Penedès - la Granada,2026-02-19,0.0
W5,Oliana,2026-02-19,0.0
W8,Blancafort,2026-02-19,0.0
W9,la Vall d'en Bas,2026-02-19,5.5
WA,Oliola,2026-02-19,0.0
WB,Albesa,2026-02-19,0.0
WC,Golmés,2026-02-19,0.0
WG,Algerri,2026-02-19,0.0
WI,Maials,2026-02-19,0.0
WJ,el Masroig,2026-02-19,0.0
WK,Alfarràs,2026-02-19,0.0
WL,Sant Martí de Riucorb,2026-02-19,0.0
WM,Santuari de Queralt,2026-02-19,0.0
WN,Montserrat - Sant Dimes,2026-02-19,0.0
WO,la Bisbal del Penedès,2026-02-19,0.0
WP,Canaletes,2026-02-19,0.0
WQ,Montsec d'Ares (1.571 m),2026-02-19,0.0
WR,Torroja del Priorat,2026-02-19,0.0
WS,Viladrau,2026-02-19,0.0
WT,Malgrat de Mar,2026-02-19,0.0
WU,Badalona - Museu,2026-02-19,0.0
WV,Guardiola de Berguedà,2026-02-19,0.2
WW,Artés,2026-02-19,0.0
WX,Camarasa,2026-02-19,0.0
WZ,Cunit,2026-02-19,0.0
X1,Falset,2026-02-19,0.0
X3,Alguaire,2026-02-19,0.0
X4,Barcelona - el Raval,2026-02-19,0.0
X5,PN dels Ports,2026-02-19,1.3
X6,Baldomar,2026-02-19,0.0
X7,Torres de Segre,2026-02-19,0.0
X8,Barcelona - Zona Universitària,2026-02-19,0.0
X9,Caldes de Montbui,2026-02-19,0.0
XA,la Panadella,2026-02-19,0.0
XB,la Llacuna,2026-02-19,0.0
XC,Castellbisbal,2026-02-19,0.0
XD,Ulldemolins,2026-02-19,0.0
XE,Tarragona - Complex Educatiu,2026-02-19,0.0
XF,Sabadell - Parc Agrari,2026-02-19,0.0
XG,Parets del Vallès,2026-02-19,0.0
XH,Sort,2026-02-19,0.8
XI,Mollerussa,2026-02-19,0.0
XJ,Girona,2026-02-19,0.0
XK,Puig Sesolles (1.666 m),2026-02-19,0.0
XL,el Prat de Llobregat,2026-02-19,0.0
XM,els Alamús,2026-02-19,0.0
XN,Seròs,2026-02-19,0.0
XO,Vic,2026-02-19,0.0
XP,Gandesa,2026-02-19,0.1
XQ,Tremp,2026-02-19,0.0
XR,Prades,2026-02-19,0.0
XS,Santa Coloma de Farners,2026-02-19,0.0
XT,Solsona,2026-02-19,0.0
XU,Canyelles,2026-02-19,0.0
XV,Sant Cugat del Vallès - CAR,2026-02-19,0.0
XX,Anglesola - Tornabous,2026-02-19,0.0
XY,Alcarràs,2026-02-19,0.0
XZ,Torroella de Fluvià,2026-02-19,1.5
Y4,Alinyà,2026-02-19,0.3
Y5,Navata,2026-02-19,2.6
Y6,Tivissa,2026-02-19,0.0
YA,Puigcerdà,2026-02-19,0.1
YB,Olot,2026-02-19,1.0
YC,la Pobla de Segur,2026-02-19,0.0
YD,les Borges Blanques,2026-02-19,0.0
YE,Massoteres,2026-02-19,0.0
YF,Miami Platja,2026-02-19,0.0
YG,Tírvia,2026-02-19,0.9
YH,Pujalt,2026-02-19,0.0
YJ,Lleida - la Femosa,2026-02-19,0.0
YK,Terrassa,2026-02-19,0.0
YL,Riudecanyes,2026-02-19,0.0
YM,Granollers,2026-02-19,0.0
YN,Vielha - Elipòrt,2026-02-19,3.9
YO,Sant Sadurní d'Anoia,2026-02-19,0.0
YP,Palafrugell,2026-02-19,0.8
YQ,Port de Barcelona - ZAL Prat,2026-02-19,0.0
YR,Vilanova i la Geltrú,2026-02-19,0.0
YS,Cabanes,2026-02-19,3.7
YT,Bonabé (1.691 m),2026-02-19,5.0
YU,Cantonigròs,2026-02-19,0.1
YV,Mataró,2026-02-19,0.0
YX,Batea,2026-02-19,0.1
Z1,Bonaigua (2.262 m),2026-02-19,7.3
Z2,Boí (2.537 m),2026-02-19,0.6
Z3,Malniu (2.229 m),2026-02-19,7.2
Z5,Certascan (2.398 m),2026-02-19,13.1
Z6,Sasseuva (2.226 m),2026-02-19,8.8
Z7,Espot (2.519 m),2026-02-19,9.5
Z9,Cadí Nord (2.145 m) - Prat d'Aguiló,2026-02-19,3.1
ZB,Salòria (2.451 m),2026-02-19,1.6
ZC,Ulldeter (2.413 m),2026-02-19,3.9
ZE,el Port del Comte (2.288 m),2026-02-19,1.7
YY,Viladecans - les Filipines,2026-02-19,0.0
C6,Castellnou de Seana,2026-02-20,0.0
C7,Tàrrega,2026-02-20,0.0
C8,Cervera,2026-02-20,0.0
C9,Mas de Barberans,2026-02-20,0.0
CC,Orís,2026-02-20,0.0
CD,la Seu d'Urgell - Bellestar,2026-02-20,0.0
CE,els Hostalets de Pierola,2026-02-20,0.0
CG,Molló - Fabert,2026-02-20,0.0
CI,Sant Pau de Segúries,2026-02-20,0.0
CJ,Organyà,2026-02-20,0.0
CL,Sant Salvador de Guardiola,2026-02-20,0.0
CP,Sant Romà d'Abella,2026-02-20,0.0
CQ,Vilanova de Meià,2026-02-20,0.0
CR,la Quar,2026-02-20,0.0
CT,el Pont de Suert,2026-02-20,0.0
CW,l'Espluga de Francolí,2026-02-20,0.0
CY,Muntanyola,2026-02-20,0.0
D1,Margalef,2026-02-20,0.0
D2,Vacarisses,2026-02-20,0.0
D3,Vallirana,2026-02-20,0.0
D4,Roses,2026-02-20,0.0
D5,Barcelona - Observatori Fabra,2026-02-20,0.0
D6,Portbou - coll dels Belitres,2026-02-20,0.0
D7,Vinebre,2026-02-20,0.0
D8,Horta de Sant Joan,2026-02-20,0.0
D9,el Vendrell,2026-02-20,0.0
DB,el Perelló,2026-02-20,0.0
DF,la Bisbal d'Empordà,2026-02-20,0.0
DG,Núria (1.971 m),2026-02-20,0.0
DI,Font-rubí,2026-02-20,0.0
DJ,Banyoles,2026-02-20,0.0
DK,Torredembarra,2026-02-20,0.0
DL,Illa de Buda,2026-02-20,0.0
DN,Anglès,2026-02-20,0.0
DO,Castell d'Aro,2026-02-20,0.0
DP,Das - Aeròdrom,2026-02-20,0.0
DQ,Vila-rodona,2026-02-20,0.0
H1,Òdena,2026-02-20,0.0
J5,Pantà de Darnius - Boadella,2026-02-20,0.0
KE,Pantà de Sau,2026-02-20,0.0
KP,Fogars de la Selva,2026-02-20,0.0
KX,la Roca del Vallès - ETAP Cardedeu,2026-02-20,0.0
M6,Sant Joan de les Abadesses,2026-02-20,0.0
MQ,Cardona,2026-02-20,0.0
MR,Pantà de Siurana,2026-02-20,0.0
MS,Castellar de n'Hug - el Clot del Moro,2026-02-20,0.0
MV,Guixers - Valls,2026-02-20,0.0
MW,Navès,2026-02-20,0.0
U2,Sant Pere Pescador,2026-02-20,0.0
U3,Sant Martí Sarroca,2026-02-20,0.0
U4,Castellnou de Bages,2026-02-20,0.0
U6,Vinyols i els Arcs - Cambrils,2026-02-20,0.0
U7,Aldover,2026-02-20,0.0
U9,l'Aldea,2026-02-20,0.0
UA,l'Ametlla de Mar,2026-02-20,0.0
UB,la Tallada d'Empordà,2026-02-20,0.0
UE,Torroella de Montgrí,2026-02-20,0.0
UF,PN del Garraf - el Rascler,2026-02-20,0.0
UH,el Montmell,2026-02-20,0.0
UI,Gisclareny,2026-02-20,0.0
UJ,Santa Coloma de Queralt,2026-02-20,0.0
UK,Sant Pere de Ribes - PN del Garraf,2026-02-20,0.0
UM,la Granadella,2026-02-20,0.0
UN,Cassà de la Selva,2026-02-20,0.0
UO,Fornells de la Selva,2026-02-20,0.0
UP,Cabrils,2026-02-20,0.0
UQ,Dosrius - PN Montnegre Corredor,2026-02-20,0.0
US,les Cases d'Alcanar,2026-02-20,0.0
UU,Amposta,2026-02-20,0.0
UW,els Alfacs,2026-02-20,0.0
UX,Ulldecona - els Valentins,2026-02-20,0.0
UY,Os de Balaguer - el Monestir d'Avellanes,2026-02-20,0.0
V1,Vallfogona de Balaguer,2026-02-20,0.0
V4,Montesquiu,2026-02-20,0.0
V5,Perafita,2026-02-20,0.0
V8,el Poal,2026-02-20,0.0
VA,Ascó,2026-02-20,0.0
VB,Benissanet,2026-02-20,0.0
VC,Pantà de Riba-roja,2026-02-20,0.0
VD,el Canós,2026-02-20,0.0
VH,Gimenells,2026-02-20,0.0
VK,Raimat,2026-02-20,0.0
VM,Vilanova de Segrià,2026-02-20,0.0
VO,Lladurs,2026-02-20,0.0
VP,Pinós,2026-02-20,0.0
VQ,Constantí,2026-02-20,0.0
VS,Lac Redon (2.245 m),2026-02-20,5.2
VU,Rellinars,2026-02-20,0.0
VV,Sant Llorenç Savall,2026-02-20,0.0
VX,Tagamanent - PN del Montseny,2026-02-20,0.0
VY,Nulles,2026-02-20,0.0
VZ,Espolla,2026-02-20,0.0
W1,Castelló d'Empúries,2026-02-20,0.0
W4,Vilafranca del Penedès - la Granada,2026-02-20,0.0
W5,Oliana,2026-02-20,0.0
W8,Blancafort,2026-02-20,0.0
W9,la Vall d'en Bas,2026-02-20,0.0
WA,Oliola,2026-02-20,0.0
WB,Albesa,2026-02-20,0.0
WC,Golmés,2026-02-20,0.0
WG,Algerri,2026-02-20,0.0
WI,Maials,2026-02-20,0.0
WJ,el Masroig,2026-02-20,0.0
WK,Alfarràs,2026-02-20,0.0
WL,Sant Martí de Riucorb,2026-02-20,0.0
WM,Santuari de Queralt,2026-02-20,0.0
WN,Montserrat - Sant Dimes,2026-02-20,0.0
WO,la Bisbal del Penedès,2026-02-20,0.0
WP,Canaletes,2026-02-20,0.0
WQ,Montsec d'Ares (1.571 m),2026-02-20,0.0
WR,Torroja del Priorat,2026-02-20,0.0
WS,Viladrau,2026-02-20,0.0
WT,Malgrat de Mar,2026-02-20,0.0
WU,Badalona - Museu,2026-02-20,0.0
WV,Guardiola de Berguedà,2026-02-20,0.0
WW,Artés,2026-02-20,0.0
WX,Camarasa,2026-02-20,0.0
WZ,Cunit,2026-02-20,0.0
X1,Falset,2026-02-20,0.0
X3,Alguaire,2026-02-20,0.0
X4,Barcelona - el Raval,2026-02-20,0.0
X5,PN dels Ports,2026-02-20,0.0
X6,Baldomar,2026-02-20,0.0
X7,Torres de Segre,2026-02-20,0.0
X8,Barcelona - Zona Universitària,2026-02-20,0.0
X9,Caldes de Montbui,2026-02-20,0.0
XA,la Panadella,2026-02-20,0.0
XB,la Llacuna,2026-02-20,0.0
XC,Castellbisbal,2026-02-20,0.0
XD,Ulldemolins,2026-02-20,0.0
XE,Tarragona - Complex Educatiu,2026-02-20,0.0
XF,Sabadell - Parc Agrari,2026-02-20,0.0
XG,Parets del Vallès,2026-02-20,0.0
XH,Sort,2026-02-20,0.0
XI,Mollerussa,2026-02-20,0.0
XJ,Girona,2026-02-20,0.0
XK,Puig Sesolles (1.666 m),2026-02-20,0.0
XL,el Prat de Llobregat,2026-02-20,0.0
XM,els Alamús,2026-02-20,0.0
XN,Seròs,2026-02-20,0.0
XO,Vic,2026-02-20,0.0
XP,Gandesa,2026-02-20,0.0
XQ,Tremp,2026-02-20,0.0
XR,Prades,2026-02-20,0.0
XS,Santa Coloma de Farners,2026-02-20,0.0
XT,Solsona,2026-02-20,0.0
XU,Canyelles,2026-02-20,0.0
XV,Sant Cugat del Vallès - CAR,2026-02-20,0.0
XX,Anglesola - Tornabous,2026-02-20,0.0
XY,Alcarràs,2026-02-20,0.0
XZ,Torroella de Fluvià,2026-02-20,0.0
Y4,Alinyà,2026-02-20,0.0
Y5,Navata,2026-02-20,0.0
Y6,Tivissa,2026-02-20,0.0
YA,Puigcerdà,2026-02-20,0.0
YB,Olot,2026-02-20,0.0
YC,la Pobla de Segur,2026-02-20,0.0
YD,les Borges Blanques,2026-02-20,0.0
YE,Massoteres,2026-02-20,0.0
YF,Miami Platja,2026-02-20,0.0
YG,Tírvia,2026-02-20,0.0
YH,Pujalt,2026-02-20,0.0
YJ,Lleida - la Femosa,2026-02-20,0.0
YK,Terrassa,2026-02-20,0.0
YL,Riudecanyes,2026-02-20,0.0
YM,Granollers,2026-02-20,0.0
YN,Vielha - Elipòrt,2026-02-20,0.1
YO,Sant Sadurní d'Anoia,2026-02-20,0.0
YP,Palafrugell,2026-02-20,0.1
YQ,Port de Barcelona - ZAL Prat,2026-02-20,0.0
YR,Vilanova i la Geltrú,2026-02-20,0.0
YS,Cabanes,2026-02-20,0.0
YT,Bonabé (1.691 m),2026-02-20,0.2
YU,Cantonigròs,2026-02-20,0.0
YV,Mataró,2026-02-20,0.0
YX,Batea,2026-02-20,0.0
Z1,Bonaigua (2.262 m),2026-02-20,1.5
Z2,Boí (2.537 m),2026-02-20,0.0
Z3,Malniu (2.229 m),2026-02-20,1.2
Z5,Certascan (2.398 m),2026-02-20,3.7
Z6,Sasseuva (2.226 m),2026-02-20,1.8
Z7,Espot (2.519 m),2026-02-20,0.0
Z9,Cadí Nord (2.145 m) - Prat d'Aguiló,2026-02-20,0.0
ZB,Salòria (2.451 m),2026-02-20,0.0
ZC,Ulldeter (2.413 m),2026-02-20,0.0
ZE,el Port del Comte (2.288 m),2026-02-20,0.0
YY,Viladecans - les Filipines,2026-02-20,0.0
C6,Castellnou de Seana,2026-02-21,0.0
C7,Tàrrega,2026-02-21,0.0
C8,Cervera,2026-02-21,0.0
C9,Mas de Barberans,2026-02-21,0.0
CC,Orís,2026-02-21,0.0
CD,la Seu d'Urgell - Bellestar,2026-02-21,0.0
CE,els Hostalets de Pierola,2026-02-21,0.0
CG,Molló - Fabert,2026-02-21,0.0
CI,Sant Pau de Segúries,2026-02-21,0.0
CJ,Organyà,2026-02-21,0.0
CL,Sant Salvador de Guardiola,2026-02-21,0.0
CP,Sant Romà d'Abella,2026-02-21,0.0
CQ,Vilanova de Meià,2026-02-21,0.0
CR,la Quar,2026-02-21,0.0
CT,el Pont de Suert,2026-02-21,0.0
CW,l'Espluga de Francolí,2026-02-21,0.0
CY,Muntanyola,2026-02-21,0.0
D1,Margalef,2026-02-21,0.0
D2,Vacarisses,2026-02-21,0.0
D3,Vallirana,2026-02-21,0.0
D4,Roses,2026-02-21,0.0
D5,Barcelona - Observatori Fabra,2026-02-21,0.0
D6,Portbou - coll dels Belitres,2026-02-21,0.0
D7,Vinebre,2026-02-21,0.0
D8,Horta de Sant Joan,2026-02-21,0.0
D9,el Vendrell,2026-02-21,0.0
DB,el Perelló,2026-02-21,0.0
DF,la Bisbal d'Empordà,2026-02-21,0.0
DG,Núria (1.971 m),2026-02-21,0.0
DI,Font-rubí,2026-02-21,0.0
DJ,Banyoles,2026-02-21,0.0
DK,Torredembarra,2026-02-21,0.0
DL,Illa de Buda,2026-02-21,0.0
DN,Anglès,2026-02-21,0.0
DO,Castell d'Aro,2026-02-21,0.0
DP,Das - Aeròdrom,2026-02-21,0.0
DQ,Vila-rodona,2026-02-21,0.0
H1,Òdena,2026-02-21,0.0
J5,Pantà de Darnius - Boadella,2026-02-21,0.0
KE,Pantà de Sau,2026-02-21,0.0
KP,Fogars de la Selva,2026-02-21,0.0
KX,la Roca del Vallès - ETAP Cardedeu,2026-02-21,0.0
M6,Sant Joan de les Abadesses,2026-02-21,0.0
MQ,Cardona,2026-02-21,0.0
MR,Pantà de Siurana,2026-02-21,0.0
MS,Castellar de n'Hug - el Clot del Moro,2026-02-21,0.0
MV,Guixers - Valls,2026-02-21,0.0
MW,Navès,2026-02-21,0.0
U2,Sant Pere Pescador,2026-02-21,0.0
U3,Sant Martí Sarroca,2026-02-21,0.0
U4,Castellnou de Bages,2026-02-21,0.0
U6,Vinyols i els Arcs - Cambrils,2026-02-21,0.0
U7,Aldover,2026-02-21,0.0
U9,l'Aldea,2026-02-21,0.0
UA,l'Ametlla de Mar,2026-02-21,0.0
UB,la Tallada d'Empordà,2026-02-21,0.0
UE,Torroella de Montgrí,2026-02-21,0.0
UF,PN del Garraf - el Rascler,2026-02-21,0.0
UH,el Montmell,2026-02-21,0.0
UI,Gisclareny,2026-02-21,0.0
UJ,Santa Coloma de Queralt,2026-02-21,0.0
UK,Sant Pere de Ribes - PN del Garraf,2026-02-21,0.0
UM,la Granadella,2026-02-21,0.0
UN,Cassà de la Selva,2026-02-21,0.0
UO,Fornells de la Selva,2026-02-21,0.0
UP,Cabrils,2026-02-21,0.0
UQ,Dosrius - PN Montnegre Corredor,2026-02-21,0.0
US,les Cases d'Alcanar,2026-02-21,0.0
UU,Amposta,2026-02-21,0.0
UW,els Alfacs,2026-02-21,0.0
UX,Ulldecona - els Valentins,2026-02-21,0.0
UY,Os de Balaguer - el Monestir d'Avellanes,2026-02-21,0.1
V1,Vallfogona de Balaguer,2026-02-21,0.0
V4,Montesquiu,2026-02-21,0.0
V5,Perafita,2026-02-21,0.1
V8,el Poal,2026-02-21,0.0
VA,Ascó,2026-02-21,0.0
VB,Benissanet,2026-02-21,0.0
VC,Pantà de Riba-roja,2026-02-21,0.0
VD,el Canós,2026-02-21,0.0
VH,Gimenells,2026-02-21,0.0
VK,Raimat,2026-02-21,0.0
VM,Vilanova de Segrià,2026-02-21,0.0
VO,Lladurs,2026-02-21,0.0
VP,Pinós,2026-02-21,0.0
VQ,Constantí,2026-02-21,0.0
VS,Lac Redon (2.245 m),2026-02-21,0.0
VU,Rellinars,2026-02-21,0.0
VV,Sant Llorenç Savall,2026-02-21,0.0
VX,Tagamanent - PN del Montseny,2026-02-21,0.0
VY,Nulles,2026-02-21,0.0
VZ,Espolla,2026-02-21,0.0
W1,Castelló d'Empúries,2026-02-21,0.0
W4,Vilafranca del Penedès - la Granada,2026-02-21,0.0
W5,Oliana,2026-02-21,0.1
W8,Blancafort,2026-02-21,0.0
W9,la Vall d'en Bas,2026-02-21,0.1
WA,Oliola,2026-02-21,0.1
WB,Albesa,2026-02-21,0.0
WC,Golmés,2026-02-21,0.0
WG,Algerri,2026-02-21,0.0
WI,Maials,2026-02-21,0.1
WJ,el Masroig,2026-02-21,0.0
WK,Alfarràs,2026-02-21,0.0
WL,Sant Martí de Riucorb,2026-02-21,0.0
WM,Santuari de Queralt,2026-02-21,0.0
WN,Montserrat - Sant Dimes,2026-02-21,0.0
WO,la Bisbal del Penedès,2026-02-21,0.0
WP,Canaletes,2026-02-21,0.0
WQ,Montsec d'Ares (1.571 m),2026-02-21,0.0
WR,Torroja del Priorat,2026-02-21,0.0
WS,Viladrau,2026-02-21,0.0
WT,Malgrat de Mar,2026-02-21,0.0
WU,Badalona - Museu,2026-02-21,0.0
WV,Guardiola de Berguedà,2026-02-21,0.0
WW,Artés,2026-02-21,0.0
WX,Camarasa,2026-02-21,0.1
WZ,Cunit,2026-02-21,0.0
X1,Falset,2026-02-21,0.0
X3,Alguaire,2026-02-21,0.0
X4,Barcelona - el Raval,2026-02-21,0.0
X5,PN dels Ports,2026-02-21,0.0
X6,Baldomar,2026-02-21,0.0
X7,Torres de Segre,2026-02-21,0.0
X8,Barcelona - Zona Universitària,2026-02-21,0.0
X9,Caldes de Montbui,2026-02-21,0.0
XA,la Panadella,2026-02-21,0.1
XB,la Llacuna,2026-02-21,0.0
XC,Castellbisbal,2026-02-21,0.0
XD,Ulldemolins,2026-02-21,0.0
XE,Tarragona - Complex Educatiu,2026-02-21,0.0
XF,Sabadell - Parc Agrari,2026-02-21,0.0
XG,Parets del Vallès,2026-02-21,0.0
XH,Sort,2026-02-21,0.0
XI,Mollerussa,2026-02-21,0.0
XJ,Girona,2026-02-21,0.1
XK,Puig Sesolles (1.666 m),2026-02-21,0.0
XL,el Prat de Llobregat,2026-02-21,0.0
XM,els Alamús,2026-02-21,0.0
XN,Seròs,2026-02-21,0.0
XO,Vic,2026-02-21,0.0
XP,Gandesa,2026-02-21,0.0
XQ,Tremp,2026-02-21,0.0
XR,Prades,2026-02-21,0.0
XS,Santa Coloma de Farners,2026-02-21,0.0
XT,Solsona,2026-02-21,0.0
XU,Canyelles,2026-02-21,0.0
XV,Sant Cugat del Vallès - CAR,2026-02-21,0.0
XX,Anglesola - Tornabous,2026-02-21,0.0
XY,Alcarràs,2026-02-21,0.0
XZ,Torroella de Fluvià,2026-02-21,0.0
Y4,Alinyà,2026-02-21,0.0
Y5,Navata,2026-02-21,0.0
Y6,Tivissa,2026-02-21,0.0
YA,Puigcerdà,2026-02-21,0.0
YB,Olot,2026-02-21,0.0
YC,la Pobla de Segur,2026-02-21,0.0
YD,les Borges Blanques,2026-02-21,0.0
YE,Massoteres,2026-02-21,0.1
YF,Miami Platja,2026-02-21,0.0
YG,Tírvia,2026-02-21,0.0
YH,Pujalt,2026-02-21,0.0
YJ,Lleida - la Femosa,2026-02-21,0.0
YK,Terrassa,2026-02-21,0.0
YL,Riudecanyes,2026-02-21,0.0
YM,Granollers,2026-02-21,0.0
YN,Vielha - Elipòrt,2026-02-21,0.0
YO,Sant Sadurní d'Anoia,2026-02-21,0.0
YP,Palafrugell,2026-02-21,0.0
YQ,Port de Barcelona - ZAL Prat,2026-02-21,0.0
YR,Vilanova i la Geltrú,2026-02-21,0.0
YS,Cabanes,2026-02-21,0.0
YT,Bonabé (1.691 m),2026-02-21,0.0
YU,Cantonigròs,2026-02-21,0.0
YV,Mataró,2026-02-21,0.0
YX,Batea,2026-02-21,0.0
Z1,Bonaigua (2.262 m),2026-02-21,0.0
Z2,Boí (2.537 m),2026-02-21,0.0
Z3,Malniu (2.229 m),2026-02-21,0.0
Z5,Certascan (2.398 m),2026-02-21,0.0
Z6,Sasseuva (2.226 m),2026-02-21,0.0
Z7,Espot (2.519 m),2026-02-21,0.0
Z9,Cadí Nord (2.145 m) - Prat d'Aguiló,2026-02-21,0.0
ZB,Salòria (2.451 m),2026-02-21,0.0
ZC,Ulldeter (2.413 m),2026-02-21,0.0
ZE,el Port del Comte (2.288 m),2026-02-21,0.0
YY,Viladecans - les Filipines,2026-02-21,0.0
C6,Castellnou de Seana,2026-02-22,0.0
C7,Tàrrega,2026-02-22,0.0
C8,Cervera,2026-02-22,0.0
C9,Mas de Barberans,2026-02-22,0.0
CC,Orís,2026-02-22,0.0
CD,la Seu d'Urgell - Bellestar,2026-02-22,0.0
CE,els Hostalets de Pierola,2026-02-22,0.0
CG,Molló - Fabert,2026-02-22,0.0
CI,Sant Pau de Segúries,2026-02-22,0.0
CJ,Organyà,2026-02-22,0.0
CL,Sant Salvador de Guardiola,2026-02-22,0.0
CP,Sant Romà d'Abella,2026-02-22,0.0
CQ,Vilanova de Meià,2026-02-22,0.0
CR,la Quar,2026-02-22,0.0
CT,el Pont de Suert,2026-02-22,0.0
CW,l'Espluga de Francolí,2026-02-22,0.0
CY,Muntanyola,2026-02-22,0.0
D1,Margalef,2026-02-22,0.0
D2,Vacarisses,2026-02-22,0.0
D3,Vallirana,2026-02-22,0.0
D4,Roses,2026-02-22,0.0
D5,Barcelona - Observatori Fabra,2026-02-22,0.0
D6,Portbou - coll dels Belitres,2026-02-22,0.0
D7,Vinebre,2026-02-22,0.0
D8,Horta de Sant Joan,2026-02-22,0.0
D9,el Vendrell,2026-02-22,0.0
DB,el Perelló,2026-02-22,0.0
DF,la Bisbal d'Empordà,2026-02-22,0.0
DG,Núria (1.971 m),2026-02-22,0.0
DI,Font-rubí,2026-02-22,0.0
DJ,Banyoles,2026-02-22,0.0
DK,Torredembarra,2026-02-22,0.0
DL,Illa de Buda,2026-02-22,0.1
DN,Anglès,2026-02-22,0.0
DO,Castell d'Aro,2026-02-22,0.0
DP,Das - Aeròdrom,2026-02-22,0.0
DQ,Vila-rodona,2026-02-22,0.0
H1,Òdena,2026-02-22,0.0
J5,Pantà de Darnius - Boadella,2026-02-22,0.0
KE,Pantà de Sau,2026-02-22,0.0
KP,Fogars de la Selva,2026-02-22,0.0
KX,la Roca del Vallès - ETAP Cardedeu,2026-02-22,0.0
M6,Sant Joan de les Abadesses,2026-02-22,0.1
MQ,Cardona,2026-02-22,0.0
MR,Pantà de Siurana,2026-02-22,0.0
MS,Castellar de n'Hug - el Clot del Moro,2026-02-22,0.0
MV,Guixers - Valls,2026-02-22,0.0
MW,Navès,2026-02-22,0.0
U2,Sant Pere Pescador,2026-02-22,0.1
U3,Sant Martí Sarroca,2026-02-22,0.0
U4,Castellnou de Bages,2026-02-22,0.0
U6,Vinyols i els Arcs - Cambrils,2026-02-22,0.0
U7,Aldover,2026-02-22,0.0
U9,l'Aldea,2026-02-22,0.0
UA,l'Ametlla de Mar,2026-02-22,0.0
UB,la Tallada d'Empordà,2026-02-22,0.0
UE,Torroella de Montgrí,2026-02-22,0.0
UF,PN del Garraf - el Rascler,2026-02-22,0.0
UH,el Montmell,2026-02-22,0.0
UI,Gisclareny,2026-02-22,0.0
UJ,Santa Coloma de Queralt,2026-02-22,0.0
UK,Sant Pere de Ribes - PN del Garraf,2026-02-22,0.0
UM,la Granadella,2026-02-22,0.0
UN,Cassà de la Selva,2026-02-22,0.0
UO,Fornells de la Selva,2026-02-22,0.0
UP,Cabrils,2026-02-22,0.0
UQ,Dosrius - PN Montnegre Corredor,2026-02-22,0.0
US,les Cases d'Alcanar,2026-02-22,0.1
UU,Amposta,2026-02-22,0.0
UW,els Alfacs,2026-02-22,0.0
UX,Ulldecona - els Valentins,2026-02-22,0.0
UY,Os de Balaguer - el Monestir d'Avellanes,2026-02-22,0.1
V1,Vallfogona de Balaguer,2026-02-22,0.0
V4,Montesquiu,2026-02-22,0.0
V5,Perafita,2026-02-22,0.0
V8,el Poal,2026-02-22,0.0
VA,Ascó,2026-02-22,0.0
VB,Benissanet,2026-02-22,0.0
VC,Pantà de Riba-roja,2026-02-22,0.0
VD,el Canós,2026-02-22,0.0
VH,Gimenells,2026-02-22,0.0
VK,Raimat,2026-02-22,0.0
VM,Vilanova de Segrià,2026-02-22,0.0
VO,Lladurs,2026-02-22,0.0
VP,Pinós,2026-02-22,0.0
VQ,Constantí,2026-02-22,0.0
VS,Lac Redon (2.245 m),2026-02-22,0.0
VU,Rellinars,2026-02-22,0.0
VV,Sant Llorenç Savall,2026-02-22,0.0
VX,Tagamanent - PN del Montseny,2026-02-22,0.0
VY,Nulles,2026-02-22,0.0
VZ,Espolla,2026-02-22,0.0
W1,Castelló d'Empúries,2026-02-22,0.0
W4,Vilafranca del Penedès - la Granada,2026-02-22,0.0
W5,Oliana,2026-02-22,0.1
W8,Blancafort,2026-02-22,0.0
W9,la Vall d'en Bas,2026-02-22,0.0
WA,Oliola,2026-02-22,0.1
WB,Albesa,2026-02-22,0.0
WC,Golmés,2026-02-22,0.0
WG,Algerri,2026-02-22,0.0
WI,Maials,2026-02-22,0.0
WJ,el Masroig,2026-02-22,0.0
WK,Alfarràs,2026-02-22,0.0
WL,Sant Martí de Riucorb,2026-02-22,0.0
WM,Santuari de Queralt,2026-02-22,0.0
WN,Montserrat - Sant Dimes,2026-02-22,0.0
WO,la Bisbal del Penedès,2026-02-22,0.0
WP,Canaletes,2026-02-22,0.0
WQ,Montsec d'Ares (1.571 m),2026-02-22,0.0
WR,Torroja del Priorat,2026-02-22,0.0
WS,Viladrau,2026-02-22,0.0
WT,Malgrat de Mar,2026-02-22,0.0
WU,Badalona - Museu,2026-02-22,0.0
WV,Guardiola de Berguedà,2026-02-22,0.0
WW,Artés,2026-02-22,0.0
WX,Camarasa,2026-02-22,0.1
WZ,Cunit,2026-02-22,0.0
X1,Falset,2026-02-22,0.0
X3,Alguaire,2026-02-22,0.0
X4,Barcelona - el Raval,2026-02-22,0.0
X5,PN dels Ports,2026-02-22,0.0
X6,Baldomar,2026-02-22,0.1
X7,Torres de Segre,2026-02-22,0.0
X8,Barcelona - Zona Universitària,2026-02-22,0.0
X9,Caldes de Montbui,2026-02-22,0.0
XA,la Panadella,2026-02-22,0.0
XB,la Llacuna,2026-02-22,0.0
XC,Castellbisbal,2026-02-22,0.0
XD,Ulldemolins,2026-02-22,0.0
XE,Tarragona - Complex Educatiu,2026-02-22,0.0
XF,Sabadell - Parc Agrari,2026-02-22,0.0
XG,Parets del Vallès,2026-02-22,0.0
XH,Sort,2026-02-22,0.0
XI,Mollerussa,2026-02-22,0.0
XJ,Girona,2026-02-22,0.1
XK,Puig Sesolles (1.666 m),2026-02-22,0.0
XL,el Prat de Llobregat,2026-02-22,0.0
XM,els Alamús,2026-02-22,0.0
XN,Seròs,2026-02-22,0.0
XO,Vic,2026-02-22,0.0
XP,Gandesa,2026-02-22,0.0
XQ,Tremp,2026-02-22,0.0
XR,Prades,2026-02-22,0.0
XS,Santa Coloma de Farners,2026-02-22,0.0
XT,Solsona,2026-02-22,0.0
XU,Canyelles,2026-02-22,0.0
XV,Sant Cugat del Vallès - CAR,2026-02-22,0.0
XX,Anglesola - Tornabous,2026-02-22,0.0
XY,Alcarràs,2026-02-22,0.0
XZ,Torroella de Fluvià,2026-02-22,0.1
Y4,Alinyà,2026-02-22,0.0
Y5,Navata,2026-02-22,0.0
Y6,Tivissa,2026-02-22,0.0
YA,Puigcerdà,2026-02-22,0.0
YB,Olot,2026-02-22,0.0
YC,la Pobla de Segur,2026-02-22,0.0
YD,les Borges Blanques,2026-02-22,0.1
YE,Massoteres,2026-02-22,0.0
YF,Miami Platja,2026-02-22,0.0
YG,Tírvia,2026-02-22,0.0
YH,Pujalt,2026-02-22,0.0
YJ,Lleida - la Femosa,2026-02-22,0.0
YK,Terrassa,2026-02-22,0.0
YL,Riudecanyes,2026-02-22,0.0
YM,Granollers,2026-02-22,0.0
YN,Vielha - Elipòrt,2026-02-22,0.0
YO,Sant Sadurní d'Anoia,2026-02-22,0.0
YP,Palafrugell,2026-02-22,0.1
YQ,Port de Barcelona - ZAL Prat,2026-02-22,0.0
YR,Vilanova i la Geltrú,2026-02-22,0.0
YS,Cabanes,2026-02-22,0.0
YT,Bonabé (1.691 m),2026-02-22,0.0
YU,Cantonigròs,2026-02-22,0.0
YV,Mataró,2026-02-22,0.0
YX,Batea,2026-02-22,0.0
Z1,Bonaigua (2.262 m),2026-02-22,0.0
Z2,Boí (2.537 m),2026-02-22,0.0
Z3,Malniu (2.229 m),2026-02-22,0.0
Z5,Certascan (2.398 m),2026-02-22,0.0
Z6,Sasseuva (2.226 m),2026-02-22,0.0
Z7,Espot (2.519 m),2026-02-22,0.0
Z9,Cadí Nord (2.145 m) - Prat d'Aguiló,2026-02-22,0.0
ZB,Salòria (2.451 m),2026-02-22,0.0
ZC,Ulldeter (2.413 m),2026-02-22,0.0
ZE,el Port del Comte (2.288 m),2026-02-22,0.0
YY,Viladecans - les Filipines,2026-02-22,0.0
C6,Castellnou de Seana,2026-02-23,0.0
C7,Tàrrega,2026-02-23,0.0
C8,Cervera,2026-02-23,0.0
C9,Mas de Barberans,2026-02-23,0.0
CC,Orís,2026-02-23,0.0
CD,la Seu d'Urgell - Bellestar,2026-02-23,0.0
CE,els Hostalets de Pierola,2026-02-23,0.0
CG,Molló - Fabert,2026-02-23,0.0
CI,Sant Pau de Segúries,2026-02-23,0.0
CJ,Organyà,2026-02-23,0.0
CL,Sant Salvador de Guardiola,2026-02-23,0.0
CP,Sant Romà d'Abella,2026-02-23,0.0
CQ,Vilanova de Meià,2026-02-23,0.0
CR,la Quar,2026-02-23,0.0
CT,el Pont de Suert,2026-02-23,0.0
CW,l'Espluga de Francolí,2026-02-23,0.0
CY,Muntanyola,2026-02-23,0.0
D1,Margalef,2026-02-23,0.0
D2,Vacarisses,2026-02-23,0.0
D3,Vallirana,2026-02-23,0.0
D4,Roses,2026-02-23,0.0
D5,Barcelona - Observatori Fabra,2026-02-23,0.0
D6,Portbou - coll dels Belitres,2026-02-23,0.0
D7,Vinebre,2026-02-23,0.0
D8,Horta de Sant Joan,2026-02-23,0.0
D9,el Vendrell,2026-02-23,0.0
DB,el Perelló,2026-02-23,0.0
DF,la Bisbal d'Empordà,2026-02-23,0.0
DG,Núria (1.971 m),2026-02-23,0.0
DI,Font-rubí,2026-02-23,0.0
DJ,Banyoles,2026-02-23,0.0
DK,Torredembarra,2026-02-23,0.0
DL,Illa de Buda,2026-02-23,0.1
DN,Anglès,2026-02-23,0.0
DO,Castell d'Aro,2026-02-23,0.0
DP,Das - Aeròdrom,2026-02-23,0.0
DQ,Vila-rodona,2026-02-23,0.0
H1,Òdena,2026-02-23,0.0
J5,Pantà de Darnius - Boadella,2026-02-23,0.0
KE,Pantà de Sau,2026-02-23,0.0
KP,Fogars de la Selva,2026-02-23,0.0
KX,la Roca del Vallès - ETAP Cardedeu,2026-02-23,0.0
M6,Sant Joan de les Abadesses,2026-02-23,0.0
MQ,Cardona,2026-02-23,0.0
MR,Pantà de Siurana,2026-02-23,0.0
MS,Castellar de n'Hug - el Clot del Moro,2026-02-23,0.0
MV,Guixers - Valls,2026-02-23,0.0
MW,Navès,2026-02-23,0.0
U2,Sant Pere Pescador,2026-02-23,0.0
U3,Sant Martí Sarroca,2026-02-23,0.0
U4,Castellnou de Bages,2026-02-23,0.0
U6,Vinyols i els Arcs - Cambrils,2026-02-23,0.0
U7,Aldover,2026-02-23,0.0
U9,l'Aldea,2026-02-23,0.0
UA,l'Ametlla de Mar,2026-02-23,0.0
UB,la Tallada d'Empordà,2026-02-23,0.0
UE,Torroella de Montgrí,2026-02-23,0.0
UF,PN del Garraf - el Rascler,2026-02-23,0.0
UH,el Montmell,2026-02-23,0.0
UI,Gisclareny,2026-02-23,0.0
UJ,Santa Coloma de Queralt,2026-02-23,0.0
UK,Sant Pere de Ribes - PN del Garraf,2026-02-23,0.0
UM,la Granadella,2026-02-23,0.0
UN,Cassà de la Selva,2026-02-23,0.1
UO,Fornells de la Selva,2026-02-23,0.0
UP,Cabrils,2026-02-23,0.0
UQ,Dosrius - PN Montnegre Corredor,2026-02-23,0.0
US,les Cases d'Alcanar,2026-02-23,0.0
UU,Amposta,2026-02-23,0.0
UW,els Alfacs,2026-02-23,0.0
UX,Ulldecona - els Valentins,2026-02-23,0.0
UY,Os de Balaguer - el Monestir d'Avellanes,2026-02-23,0.0
V1,Vallfogona de Balaguer,2026-02-23,0.1
V4,Montesquiu,2026-02-23,0.0
V5,Perafita,2026-02-23,0.0
V8,el Poal,2026-02-23,0.0
VA,Ascó,2026-02-23,0.0
VB,Benissanet,2026-02-23,0.0
VC,Pantà de Riba-roja,2026-02-23,0.0
VD,el Canós,2026-02-23,0.0
VH,Gimenells,2026-02-23,0.0
VK,Raimat,2026-02-23,0.0
VM,Vilanova de Segrià,2026-02-23,0.0
VO,Lladurs,2026-02-23,0.0
VP,Pinós,2026-02-23,0.0
VQ,Constantí,2026-02-23,0.0
VS,Lac Redon (2.245 m),2026-02-23,0.0
VU,Rellinars,2026-02-23,0.0
VV,Sant Llorenç Savall,2026-02-23,0.0
VX,Tagamanent - PN del Montseny,2026-02-23,0.0
VY,Nulles,2026-02-23,0.0
VZ,Espolla,2026-02-23,0.0
W1,Castelló d'Empúries,2026-02-23,0.0
W4,Vilafranca del Penedès - la Granada,2026-02-23,0.0
W5,Oliana,2026-02-23,0.1
W8,Blancafort,2026-02-23,0.0
W9,la Vall d'en Bas,2026-02-23,0.0
WA,Oliola,2026-02-23,0.0
WB,Albesa,2026-02-23,0.0
WC,Golmés,2026-02-23,0.0
WG,Algerri,2026-02-23,0.0
WI,Maials,2026-02-23,0.0
WJ,el Masroig,2026-02-23,0.0
WK,Alfarràs,2026-02-23,0.0
WL,Sant Martí de Riucorb,2026-02-23,0.0
WM,Santuari de Queralt,2026-02-23,0.0
WN,Montserrat - Sant Dimes,2026-02-23,0.0
WO,la Bisbal del Penedès,2026-02-23,0.0
WP,Canaletes,2026-02-23,0.0
WQ,Montsec d'Ares (1.571 m),2026-02-23,0.0
WR,Torroja del Priorat,2026-02-23,0.0
WS,Viladrau,2026-02-23,0.0
WT,Malgrat de Mar,2026-02-23,0.0
WU,Badalona - Museu,2026-02-23,0.0
WV,Guardiola de Berguedà,2026-02-23,0.0
WW,Artés,2026-02-23,0.0
WX,Camarasa,2026-02-23,0.0
WZ,Cunit,2026-02-23,0.1
X1,Falset,2026-02-23,0.0
X3,Alguaire,2026-02-23,0.0
X4,Barcelona - el Raval,2026-02-23,0.0
X5,PN dels Ports,2026-02-23,0.0
X6,Baldomar,2026-02-23,0.1
X7,Torres de Segre,2026-02-23,0.0
X8,Barcelona - Zona Universitària,2026-02-23,0.0
X9,Caldes de Montbui,2026-02-23,0.0
XA,la Panadella,2026-02-23,0.0
XB,la Llacuna,2026-02-23,0.0
XC,Castellbisbal,2026-02-23,0.0
XD,Ulldemolins,2026-02-23,0.0
XE,Tarragona - Complex Educatiu,2026-02-23,0.0
XF,Sabadell - Parc Agrari,2026-02-23,0.0
XG,Parets del Vallès,2026-02-23,0.0
XH,Sort,2026-02-23,0.0
XI,Mollerussa,2026-02-23,0.0
XJ,Girona,2026-02-23,0.0
XK,Puig Sesolles (1.666 m),2026-02-23,0.0
XL,el Prat de Llobregat,2026-02-23,0.0
XM,els Alamús,2026-02-23,0.0
XN,Seròs,2026-02-23,0.0
XO,Vic,2026-02-23,0.0
XP,Gandesa,2026-02-23,0.0
XQ,Tremp,2026-02-23,0.0
XR,Prades,2026-02-23,0.0
XS,Santa Coloma de Farners,2026-02-23,0.0
XT,Solsona,2026-02-23,0.0
XU,Canyelles,2026-02-23,0.0
XV,Sant Cugat del Vallès - CAR,2026-02-23,0.0
XX,Anglesola - Tornabous,2026-02-23,0.0
XY,Alcarràs,2026-02-23,0.1
XZ,Torroella de Fluvià,2026-02-23,0.1
Y4,Alinyà,2026-02-23,0.0
Y5,Navata,2026-02-23,0.0
Y6,Tivissa,2026-02-23,0.0
YA,Puigcerdà,2026-02-23,0.0
YB,Olot,2026-02-23,0.0
YC,la Pobla de Segur,2026-02-23,0.0
YD,les Borges Blanques,2026-02-23,0.0
YE,Massoteres,2026-02-23,0.0
YF,Miami Platja,2026-02-23,0.0
YG,Tírvia,2026-02-23,0.0
YH,Pujalt,2026-02-23,0.0
YJ,Lleida - la Femosa,2026-02-23,0.0
YK,Terrassa,2026-02-23,0.0
YL,Riudecanyes,2026-02-23,0.0
YM,Granollers,2026-02-23,0.0
YN,Vielha - Elipòrt,2026-02-23,0.0
YO,Sant Sadurní d'Anoia,2026-02-23,0.0
YP,Palafrugell,2026-02-23,0.0
YQ,Port de Barcelona - ZAL Prat,2026-02-23,0.0
YR,Vilanova i la Geltrú,2026-02-23,0.0
YS,Cabanes,2026-02-23,0.0
YT,Bonabé (1.691 m),2026-02-23,0.0
YU,Cantonigròs,2026-02-23,0.0
YV,Mataró,2026-02-23,0.0
YX,Batea,2026-02-23,0.0
Z1,Bonaigua (2.262 m),2026-02-23,0.0
Z2,Boí (2.537 m),2026-02-23,0.0
Z3,Malniu (2.229 m),2026-02-23,0.0
Z5,Certascan (2.398 m),2026-02-23,0.0
Z6,Sasseuva (2.226 m),2026-02-23,0.0
Z7,Espot (2.519 m),2026-02-23,0.0
Z9,Cadí Nord (2.145 m) - Prat d'Aguiló,2026-02-23,0.0
ZB,Salòria (2.451 m),2026-02-23,0.0
ZC,Ulldeter (2.413 m),2026-02-23,0.0
ZE,el Port del Comte (2.288 m),2026-02-23,0.0
YY,Viladecans - les Filipines,2026-02-23,0.0
C6,Castellnou de Seana,2026-02-24,0.0
C7,Tàrrega,2026-02-24,0.0
C8,Cervera,2026-02-24,0.0
C9,Mas de Barberans,2026-02-24,0.0
CC,Orís,2026-02-24,0.0
CD,la Seu d'Urgell - Bellestar,2026-02-24,0.0
CE,els Hostalets de Pierola,2026-02-24,0.0
CG,Molló - Fabert,2026-02-24,0.0
CI,Sant Pau de Segúries,2026-02-24,0.0
CJ,Organyà,2026-02-24,0.0
CL,Sant Salvador de Guardiola,2026-02-24,0.0
CP,Sant Romà d'Abella,2026-02-24,0.0
CQ,Vilanova de Meià,2026-02-24,0.0
CR,la Quar,2026-02-24,0.0
CT,el Pont de Suert,2026-02-24,0.0
CW,l'Espluga de Francolí,2026-02-24,0.0
CY,Muntanyola,2026-02-24,0.0
D1,Margalef,2026-02-24,0.0
D2,Vacarisses,2026-02-24,0.0
D3,Vallirana,2026-02-24,0.0
D4,Roses,2026-02-24,0.0
D5,Barcelona - Observatori Fabra,2026-02-24,0.0
D6,Portbou - coll dels Belitres,2026-02-24,0.0
D7,Vinebre,2026-02-24,0.0
D8,Horta de Sant Joan,2026-02-24,0.0
D9,el Vendrell,2026-02-24,0.1
DB,el Perelló,2026-02-24,0.0
DF,la Bisbal d'Empordà,2026-02-24,0.0
DG,Núria (1.971 m),2026-02-24,0.0
DI,Font-rubí,2026-02-24,0.0
DJ,Banyoles,2026-02-24,0.0
DK,Torredembarra,2026-02-24,0.0
DL,Illa de Buda,2026-02-24,0.3
DN,Anglès,2026-02-24,0.0
DO,Castell d'Aro,2026-02-24,0.0
DP,Das - Aeròdrom,2026-02-24,0.0
DQ,Vila-rodona,2026-02-24,0.0
H1,Òdena,2026-02-24,0.0
J5,Pantà de Darnius - Boadella,2026-02-24,0.0
KE,Pantà de Sau,2026-02-24,0.0
KP,Fogars de la Selva,2026-02-24,0.0
KX,la Roca del Vallès - ETAP Cardedeu,2026-02-24,0.0
M6,Sant Joan de les Abadesses,2026-02-24,0.0
MQ,Cardona,2026-02-24,0.0
MR,Pantà de Siurana,2026-02-24,0.0
MS,Castellar de n'Hug - el Clot del Moro,2026-02-24,0.0
MV,Guixers - Valls,2026-02-24,0.0
MW,Navès,2026-02-24,0.0
U2,Sant Pere Pescador,2026-02-24,0.0
U3,Sant Martí Sarroca,2026-02-24,0.0
U4,Castellnou de Bages,2026-02-24,0.0
U6,Vinyols i els Arcs - Cambrils,2026-02-24,0.1
U7,Aldover,2026-02-24,0.0
U9,l'Aldea,2026-02-24,0.0
UA,l'Ametlla de Mar,2026-02-24,0.0
UB,la Tallada d'Empordà,2026-02-24,0.0
UE,Torroella de Montgrí,2026-02-24,0.0
UF,PN del Garraf - el Rascler,2026-02-24,0.0
UH,el Montmell,2026-02-24,0.0
UI,Gisclareny,2026-02-24,0.0
UJ,Santa Coloma de Queralt,2026-02-24,0.0
UK,Sant Pere de Ribes - PN del Garraf,2026-02-24,0.0
UM,la Granadella,2026-02-24,0.0
UN,Cassà de la Selva,2026-02-24,0.0
UO,Fornells de la Selva,2026-02-24,0.0
UP,Cabrils,2026-02-24,0.0
UQ,Dosrius - PN Montnegre Corredor,2026-02-24,0.0
US,les Cases d'Alcanar,2026-02-24,0.0
UU,Amposta,2026-02-24,0.0
UW,els Alfacs,2026-02-24,0.0
UX,Ulldecona - els Valentins,2026-02-24,0.0
UY,Os de Balaguer - el Monestir d'Avellanes,2026-02-24,0.0
V1,Vallfogona de Balaguer,2026-02-24,0.0
V4,Montesquiu,2026-02-24,0.0
V5,Perafita,2026-02-24,0.0
V8,el Poal,2026-02-24,0.0
VA,Ascó,2026-02-24,0.0
VB,Benissanet,2026-02-24,0.1
VC,Pantà de Riba-roja,2026-02-24,0.0
VD,el Canós,2026-02-24,0.0
VH,Gimenells,2026-02-24,0.0
VK,Raimat,2026-02-24,0.0
VM,Vilanova de Segrià,2026-02-24,0.0
VO,Lladurs,2026-02-24,0.0
VP,Pinós,2026-02-24,0.0
VQ,Constantí,2026-02-24,0.0
VS,Lac Redon (2.245 m),2026-02-24,0.0
VU,Rellinars,2026-02-24,0.0
VV,Sant Llorenç Savall,2026-02-24,0.0
VX,Tagamanent - PN del Montseny,2026-02-24,0.0
VY,Nulles,2026-02-24,0.0
VZ,Espolla,2026-02-24,0.0
W1,Castelló d'Empúries,2026-02-24,0.0
W4,Vilafranca del Penedès - la Granada,2026-02-24,0.0
W5,Oliana,2026-02-24,0.0
W8,Blancafort,2026-02-24,0.0
W9,la Vall d'en Bas,2026-02-24,0.0
WA,Oliola,2026-02-24,0.0
WB,Albesa,2026-02-24,0.1
WC,Golmés,2026-02-24,0.0
WG,Algerri,2026-02-24,0.0
WI,Maials,2026-02-24,0.0
WJ,el Masroig,2026-02-24,0.0
WK,Alfarràs,2026-02-24,0.0
WL,Sant Martí de Riucorb,2026-02-24,0.0
WM,Santuari de Queralt,2026-02-24,0.0
WN,Montserrat - Sant Dimes,2026-02-24,0.0
WO,la Bisbal del Penedès,2026-02-24,0.0
WP,Canaletes,2026-02-24,0.0
WQ,Montsec d'Ares (1.571 m),2026-02-24,0.0
WR,Torroja del Priorat,2026-02-24,0.0
WS,Viladrau,2026-02-24,0.0
WT,Malgrat de Mar,2026-02-24,0.0
WU,Badalona - Museu,2026-02-24,0.0
WV,Guardiola de Berguedà,2026-02-24,0.0
WW,Artés,2026-02-24,0.0
WX,Camarasa,2026-02-24,0.0
WZ,Cunit,2026-02-24,0.0
X1,Falset,2026-02-24,0.0
X3,Alguaire,2026-02-24,0.0
X4,Barcelona - el Raval,2026-02-24,0.0
X5,PN dels Ports,2026-02-24,0.0
X6,Baldomar,2026-02-24,0.1
X7,Torres de Segre,2026-02-24,0.0
X8,Barcelona - Zona Universitària,2026-02-24,0.0
X9,Caldes de Montbui,2026-02-24,0.0
XA,la Panadella,2026-02-24,0.0
XB,la Llacuna,2026-02-24,0.0
XC,Castellbisbal,2026-02-24,0.0
XD,Ulldemolins,2026-02-24,0.0
XE,Tarragona - Complex Educatiu,2026-02-24,0.0
XF,Sabadell - Parc Agrari,2026-02-24,0.0
XG,Parets del Vallès,2026-02-24,0.0
XH,Sort,2026-02-24,0.0
XI,Mollerussa,2026-02-24,0.0
XJ,Girona,2026-02-24,0.0
XK,Puig Sesolles (1.666 m),2026-02-24,0.0
XL,el Prat de Llobregat,2026-02-24,0.0
XM,els Alamús,2026-02-24,0.0
XN,Seròs,2026-02-24,0.0
XO,Vic,2026-02-24,0.0
XP,Gandesa,2026-02-24,0.0
XQ,Tremp,2026-02-24,0.0
XR,Prades,2026-02-24,0.0
XS,Santa Coloma de Farners,2026-02-24,0.0
XT,Solsona,2026-02-24,0.0
XU,Canyelles,2026-02-24,0.0
XV,Sant Cugat del Vallès - CAR,2026-02-24,0.0
XX,Anglesola - Tornabous,2026-02-24,0.0
XY,Alcarràs,2026-02-24,0.0
XZ,Torroella de Fluvià,2026-02-24,0.1
Y4,Alinyà,2026-02-24,0.0
Y5,Navata,2026-02-24,0.0
Y6,Tivissa,2026-02-24,0.0
YA,Puigcerdà,2026-02-24,0.0
YB,Olot,2026-02-24,0.0
YC,la Pobla de Segur,2026-02-24,0.0
YD,les Borges Blanques,2026-02-24,0.0
YE,Massoteres,2026-02-24,0.1
YF,Miami Platja,2026-02-24,0.0
YG,Tírvia,2026-02-24,0.0
YH,Pujalt,2026-02-24,0.0
YJ,Lleida - la Femosa,2026-02-24,0.0
YK,Terrassa,2026-02-24,0.0
YL,Riudecanyes,2026-02-24,0.0
YM,Granollers,2026-02-24,0.0
YN,Vielha - Elipòrt,2026-02-24,0.0
YO,Sant Sadurní d'Anoia,2026-02-24,0.0
YP,Palafrugell,2026-02-24,0.1
YQ,Port de Barcelona - ZAL Prat,2026-02-24,0.0
YR,Vilanova i la Geltrú,2026-02-24,0.0
YS,Cabanes,2026-02-24,0.0
YT,Bonabé (1.691 m),2026-02-24,0.0
YU,Cantonigròs,2026-02-24,0.0
YV,Mataró,2026-02-24,0.0
YX,Batea,2026-02-24,0.0
Z1,Bonaigua (2.262 m),2026-02-24,0.0
Z2,Boí (2.537 m),2026-02-24,0.0
Z3,Malniu (2.229 m),2026-02-24,0.0
Z5,Certascan (2.398 m),2026-02-24,0.0
Z6,Sasseuva (2.226 m),2026-02-24,0.0
Z7,Espot (2.519 m),2026-02-24,0.0
Z9,Cadí Nord (2.145 m) - Prat d'Aguiló,2026-02-24,0.0
ZB,Salòria (2.451 m),2026-02-24,0.0
ZC,Ulldeter (2.413 m),2026-02-24,0.0
ZE,el Port del Comte (2.288 m),2026-02-24,0.0
YY,Viladecans - les Filipines,2026-02-24,0.0
C6,Castellnou de Seana,2026-02-25,0.0
C7,Tàrrega,2026-02-25,0.0
C8,Cervera,2026-02-25,0.0
C9,Mas de Barberans,2026-02-25,0.0
CC,Orís,2026-02-25,0.0
CD,la Seu d'Urgell - Bellestar,2026-02-25,0.0
CE,els Hostalets de Pierola,2026-02-25,0.0
CG,Molló - Fabert,2026-02-25,0.0
CI,Sant Pau de Segúries,2026-02-25,0.0
CJ,Organyà,2026-02-25,0.0
CL,Sant Salvador de Guardiola,2026-02-25,0.0
CP,Sant Romà d'Abella,2026-02-25,0.0
CQ,Vilanova de Meià,2026-02-25,0.0
CR,la Quar,2026-02-25,0.0
CT,el Pont de Suert,2026-02-25,0.0
CW,l'Espluga de Francolí,2026-02-25,0.0
CY,Muntanyola,2026-02-25,0.0
D1,Margalef,2026-02-25,0.0
D2,Vacarisses,2026-02-25,0.0
D3,Vallirana,2026-02-25,0.0
D4,Roses,2026-02-25,0.0
D5,Barcelona - Observatori Fabra,2026-02-25,0.0
D6,Portbou - coll dels Belitres,2026-02-25,0.0
D7,Vinebre,2026-02-25,0.0
D8,Horta de Sant Joan,2026-02-25,0.0
D9,el Vendrell,2026-02-25,0.2
DB,el Perelló,2026-02-25,0.1
DF,la Bisbal d'Empordà,2026-02-25,0.0
DG,Núria (1.971 m),2026-02-25,0.0
DI,Font-rubí,2026-02-25,0.0
DJ,Banyoles,2026-02-25,0.0
DK,Torredembarra,2026-02-25,0.1
DL,Illa de Buda,2026-02-25,0.1
DN,Anglès,2026-02-25,0.0
DO,Castell d'Aro,2026-02-25,0.0
DP,Das - Aeròdrom,2026-02-25,0.0
DQ,Vila-rodona,2026-02-25,0.0
H1,Òdena,2026-02-25,0.0
J5,Pantà de Darnius - Boadella,2026-02-25,0.0
KE,Pantà de Sau,2026-02-25,0.0
KP,Fogars de la Selva,2026-02-25,0.1
KX,la Roca del Vallès - ETAP Cardedeu,2026-02-25,0.0
M6,Sant Joan de les Abadesses,2026-02-25,0.0
MQ,Cardona,2026-02-25,0.0
MR,Pantà de Siurana,2026-02-25,0.0
MS,Castellar de n'Hug - el Clot del Moro,2026-02-25,0.0
MV,Guixers - Valls,2026-02-25,0.0
MW,Navès,2026-02-25,0.0
U2,Sant Pere Pescador,2026-02-25,0.1
U3,Sant Martí Sarroca,2026-02-25,0.0
U4,Castellnou de Bages,2026-02-25,0.0
U6,Vinyols i els Arcs - Cambrils,2026-02-25,0.1
U7,Aldover,2026-02-25,0.1
U9,l'Aldea,2026-02-25,0.2
UA,l'Ametlla de Mar,2026-02-25,0.1
UB,la Tallada d'Empordà,2026-02-25,0.0
UE,Torroella de Montgrí,2026-02-25,0.1
UF,PN del Garraf - el Rascler,2026-02-25,0.0
UH,el Montmell,2026-02-25,0.0
UI,Gisclareny,2026-02-25,0.0
UJ,Santa Coloma de Queralt,2026-02-25,0.0
UK,Sant Pere de Ribes - PN del Garraf,2026-02-25,0.0
UM,la Granadella,2026-02-25,0.0
UN,Cassà de la Selva,2026-02-25,0.1
UO,Fornells de la Selva,2026-02-25,0.1
UP,Cabrils,2026-02-25,0.1
UQ,Dosrius - PN Montnegre Corredor,2026-02-25,0.0
US,les Cases d'Alcanar,2026-02-25,0.1
UU,Amposta,2026-02-25,0.1
UW,els Alfacs,2026-02-25,0.2
UX,Ulldecona - els Valentins,2026-02-25,0.0
UY,Os de Balaguer - el Monestir d'Avellanes,2026-02-25,0.0
V1,Vallfogona de Balaguer,2026-02-25,0.0
V4,Montesquiu,2026-02-25,0.0
V5,Perafita,2026-02-25,0.0
V8,el Poal,2026-02-25,0.0
VA,Ascó,2026-02-25,0.0
VB,Benissanet,2026-02-25,0.0
VC,Pantà de Riba-roja,2026-02-25,0.0
VD,el Canós,2026-02-25,0.0
VH,Gimenells,2026-02-25,0.0
VK,Raimat,2026-02-25,0.0
VM,Vilanova de Segrià,2026-02-25,0.0
VO,Lladurs,2026-02-25,0.0
VP,Pinós,2026-02-25,0.0
VQ,Constantí,2026-02-25,0.0
VS,Lac Redon (2.245 m),2026-02-25,0.0
VU,Rellinars,2026-02-25,0.0
VV,Sant Llorenç Savall,2026-02-25,0.0
VX,Tagamanent - PN del Montseny,2026-02-25,0.0
VY,Nulles,2026-02-25,0.0
VZ,Espolla,2026-02-25,0.0
W1,Castelló d'Empúries,2026-02-25,0.1
W4,Vilafranca del Penedès - la Granada,2026-02-25,0.0
W5,Oliana,2026-02-25,0.0
W8,Blancafort,2026-02-25,0.0
W9,la Vall d'en Bas,2026-02-25,0.0
WA,Oliola,2026-02-25,0.0
WB,Albesa,2026-02-25,0.0
WC,Golmés,2026-02-25,0.0
WG,Algerri,2026-02-25,0.0
WI,Maials,2026-02-25,0.0
WJ,el Masroig,2026-02-25,0.0
WK,Alfarràs,2026-02-25,0.0
WL,Sant Martí de Riucorb,2026-02-25,0.0
WM,Santuari de Queralt,2026-02-25,0.0
WN,Montserrat - Sant Dimes,2026-02-25,0.0
WO,la Bisbal del Penedès,2026-02-25,0.0
WP,Canaletes,2026-02-25,0.0
WQ,Montsec d'Ares (1.571 m),2026-02-25,0.0
WR,Torroja del Priorat,2026-02-25,0.0
WS,Viladrau,2026-02-25,0.0
WT,Malgrat de Mar,2026-02-25,0.0
WU,Badalona - Museu,2026-02-25,0.0
WV,Guardiola de Berguedà,2026-02-25,0.0
WW,Artés,2026-02-25,0.0
WX,Camarasa,2026-02-25,0.0
WZ,Cunit,2026-02-25,0.1
X1,Falset,2026-02-25,0.0
X3,Alguaire,2026-02-25,0.0
X4,Barcelona - el Raval,2026-02-25,0.0
X5,PN dels Ports,2026-02-25,0.0
X6,Baldomar,2026-02-25,0.1
X7,Torres de Segre,2026-02-25,0.0
X8,Barcelona - Zona Universitària,2026-02-25,0.1
X9,Caldes de Montbui,2026-02-25,0.0
XA,la Panadella,2026-02-25,0.0
XB,la Llacuna,2026-02-25,0.0
XC,Castellbisbal,2026-02-25,0.0
XD,Ulldemolins,2026-02-25,0.0
XE,Tarragona - Complex Educatiu,2026-02-25,0.1
XF,Sabadell - Parc Agrari,2026-02-25,0.0
XG,Parets del Vallès,2026-02-25,0.0
XH,Sort,2026-02-25,0.0
XI,Mollerussa,2026-02-25,0.0
XJ,Girona,2026-02-25,0.1
XK,Puig Sesolles (1.666 m),2026-02-25,0.0
XL,el Prat de Llobregat,2026-02-25,0.2
XM,els Alamús,2026-02-25,0.0
XN,Seròs,2026-02-25,0.0
XO,Vic,2026-02-25,0.0
XP,Gandesa,2026-02-25,0.0
XQ,Tremp,2026-02-25,0.0
XR,Prades,2026-02-25,0.0
XS,Santa Coloma de Farners,2026-02-25,0.0
XT,Solsona,2026-02-25,0.0
XU,Canyelles,2026-02-25,0.1
XV,Sant Cugat del Vallès - CAR,2026-02-25,0.0
XX,Anglesola - Tornabous,2026-02-25,0.0
XY,Alcarràs,2026-02-25,0.0
XZ,Torroella de Fluvià,2026-02-25,0.1
Y4,Alinyà,2026-02-25,0.0
Y5,Navata,2026-02-25,0.1
Y6,Tivissa,2026-02-25,0.0
YA,Puigcerdà,2026-02-25,0.0
YB,Olot,2026-02-25,0.0
YC,la Pobla de Segur,2026-02-25,0.0
YD,les Borges Blanques,2026-02-25,0.0
YE,Massoteres,2026-02-25,0.0
YF,Miami Platja,2026-02-25,0.1
YG,Tírvia,2026-02-25,0.0
YH,Pujalt,2026-02-25,0.0
YJ,Lleida - la Femosa,2026-02-25,0.0
YK,Terrassa,2026-02-25,0.0
YL,Riudecanyes,2026-02-25,0.0
YM,Granollers,2026-02-25,0.0
YN,Vielha - Elipòrt,2026-02-25,0.0
YO,Sant Sadurní d'Anoia,2026-02-25,0.0
YP,Palafrugell,2026-02-25,0.1
YQ,Port de Barcelona - ZAL Prat,2026-02-25,0.1
YR,Vilanova i la Geltrú,2026-02-25,0.1
YS,Cabanes,2026-02-25,0.1
YT,Bonabé (1.691 m),2026-02-25,0.0
YU,Cantonigròs,2026-02-25,0.0
YV,Mataró,2026-02-25,0.0
YX,Batea,2026-02-25,0.0
Z1,Bonaigua (2.262 m),2026-02-25,0.0
Z2,Boí (2.537 m),2026-02-25,0.0
Z3,Malniu (2.229 m),2026-02-25,0.0
Z5,Certascan (2.398 m),2026-02-25,0.0
Z6,Sasseuva (2.226 m),2026-02-25,0.0
Z7,Espot (2.519 m),2026-02-25,0.0
Z9,Cadí Nord (2.145 m) - Prat d'Aguiló,2026-02-25,0.0
ZB,Salòria (2.451 m),2026-02-25,0.0
ZC,Ulldeter (2.413 m),2026-02-25,0.0
ZE,el Port del Comte (2.288 m),2026-02-25,0.0
YY,Viladecans - les Filipines,2026-02-25,0.2
C6,Castellnou de Seana,2026-02-26,0.0
C7,Tàrrega,2026-02-26,0.0
C8,Cervera,2026-02-26,0.0
C9,Mas de Barberans,2026-02-26,0.1
CC,Orís,2026-02-26,0.0
CD,la Seu d'Urgell - Bellestar,2026-02-26,0.0
CE,els Hostalets de Pierola,2026-02-26,0.0
CG,Molló - Fabert,2026-02-26,0.0
CI,Sant Pau de Segúries,2026-02-26,0.0
CJ,Organyà,2026-02-26,0.0
CL,Sant Salvador de Guardiola,2026-02-26,0.1
CP,Sant Romà d'Abella,2026-02-26,0.0
CQ,Vilanova de Meià,2026-02-26,0.0
CR,la Quar,2026-02-26,0.0
CT,el Pont de Suert,2026-02-26,0.0
CW,l'Espluga de Francolí,2026-02-26,0.1
CY,Muntanyola,2026-02-26,0.0
D1,Margalef,2026-02-26,0.0
D2,Vacarisses,2026-02-26,0.0
D3,Vallirana,2026-02-26,0.0
D4,Roses,2026-02-26,0.0
D5,Barcelona - Observatori Fabra,2026-02-26,0.1
D6,Portbou - coll dels Belitres,2026-02-26,0.0
D7,Vinebre,2026-02-26,0.1
D8,Horta de Sant Joan,2026-02-26,0.0
D9,el Vendrell,2026-02-26,0.1
DB,el Perelló,2026-02-26,0.0
DF,la Bisbal d'Empordà,2026-02-26,0.0
DG,Núria (1.971 m),2026-02-26,0.0
DI,Font-rubí,2026-02-26,0.0
DJ,Banyoles,2026-02-26,0.1
DK,Torredembarra,2026-02-26,0.0
DL,Illa de Buda,2026-02-26,0.0
DN,Anglès,2026-02-26,0.0
DO,Castell d'Aro,2026-02-26,0.0
DP,Das - Aeròdrom,2026-02-26,0.0
DQ,Vila-rodona,2026-02-26,0.0
H1,Òdena,2026-02-26,0.0
J5,Pantà de Darnius - Boadella,2026-02-26,0.0
KE,Pantà de Sau,2026-02-26,0.0
KP,Fogars de la Selva,2026-02-26,0.0
KX,la Roca del Vallès - ETAP Cardedeu,2026-02-26,0.0
M6,Sant Joan de les Abadesses,2026-02-26,0.1
MQ,Cardona,2026-02-26,0.1
MR,Pantà de Siurana,2026-02-26,0.0
MS,Castellar de n'Hug - el Clot del Moro,2026-02-26,0.0
MV,Guixers - Valls,2026-02-26,0.0
MW,Navès,2026-02-26,0.0
U2,Sant Pere Pescador,2026-02-26,0.0
U3,Sant Martí Sarroca,2026-02-26,0.0
U4,Castellnou de Bages,2026-02-26,0.1
U6,Vinyols i els Arcs - Cambrils,2026-02-26,0.0
U7,Aldover,2026-02-26,0.0
U9,l'Aldea,2026-02-26,0.0
UA,l'Ametlla de Mar,2026-02-26,0.0
UB,la Tallada d'Empordà,2026-02-26,0.0
UE,Torroella de Montgrí,2026-02-26,0.0
UF,PN del Garraf - el Rascler,2026-02-26,0.0
UH,el Montmell,2026-02-26,0.0
UI,Gisclareny,2026-02-26,0.0
UJ,Santa Coloma de Queralt,2026-02-26,0.0
UK,Sant Pere de Ribes - PN del Garraf,2026-02-26,0.1
UM,la Granadella,2026-02-26,0.0
UN,Cassà de la Selva,2026-02-26,0.1
UO,Fornells de la Selva,2026-02-26,0.0
UP,Cabrils,2026-02-26,0.0
UQ,Dosrius - PN Montnegre Corredor,2026-02-26,0.1
US,les Cases d'Alcanar,2026-02-26,0.1
UU,Amposta,2026-02-26,0.0
UW,els Alfacs,2026-02-26,0.0
UX,Ulldecona - els Valentins,2026-02-26,0.2
UY,Os de Balaguer - el Monestir d'Avellanes,2026-02-26,0.0
V1,Vallfogona de Balaguer,2026-02-26,0.0
V4,Montesquiu,2026-02-26,0.0
V5,Perafita,2026-02-26,0.0
V8,el Poal,2026-02-26,0.0
VA,Ascó,2026-02-26,0.0
VB,Benissanet,2026-02-26,0.1
VC,Pantà de Riba-roja,2026-02-26,0.0
VD,el Canós,2026-02-26,0.0
VH,Gimenells,2026-02-26,0.0
VK,Raimat,2026-02-26,0.0
VM,Vilanova de Segrià,2026-02-26,0.0
VO,Lladurs,2026-02-26,0.0
VP,Pinós,2026-02-26,0.0
VQ,Constantí,2026-02-26,0.0
VS,Lac Redon (2.245 m),2026-02-26,0.0
VU,Rellinars,2026-02-26,0.0
VV,Sant Llorenç Savall,2026-02-26,0.0
VX,Tagamanent - PN del Montseny,2026-02-26,0.0
VY,Nulles,2026-02-26,0.1
VZ,Espolla,2026-02-26,0.0
W1,Castelló d'Empúries,2026-02-26,0.0
W4,Vilafranca del Penedès - la Granada,2026-02-26,0.0
W5,Oliana,2026-02-26,0.0
W8,Blancafort,2026-02-26,0.0
W9,la Vall d'en Bas,2026-02-26,0.0
WA,Oliola,2026-02-26,0.0
WB,Albesa,2026-02-26,0.0
WC,Golmés,2026-02-26,0.0
WG,Algerri,2026-02-26,0.0
WI,Maials,2026-02-26,0.1
WJ,el Masroig,2026-02-26,0.0
WK,Alfarràs,2026-02-26,0.0
WL,Sant Martí de Riucorb,2026-02-26,0.0
WM,Santuari de Queralt,2026-02-26,0.0
WN,Montserrat - Sant Dimes,2026-02-26,0.0
WO,la Bisbal del Penedès,2026-02-26,0.0
WP,Canaletes,2026-02-26,0.1
WQ,Montsec d'Ares (1.571 m),2026-02-26,0.0
WR,Torroja del Priorat,2026-02-26,0.0
WS,Viladrau,2026-02-26,0.0
WT,Malgrat de Mar,2026-02-26,0.1
WU,Badalona - Museu,2026-02-26,0.0
WV,Guardiola de Berguedà,2026-02-26,0.0
WW,Artés,2026-02-26,0.1
WX,Camarasa,2026-02-26,0.0
WZ,Cunit,2026-02-26,0.2
X1,Falset,2026-02-26,0.0
X3,Alguaire,2026-02-26,0.0
X4,Barcelona - el Raval,2026-02-26,0.0
X5,PN dels Ports,2026-02-26,0.0
X6,Baldomar,2026-02-26,0.0
X7,Torres de Segre,2026-02-26,0.0
X8,Barcelona - Zona Universitària,2026-02-26,0.0
X9,Caldes de Montbui,2026-02-26,0.1
XA,la Panadella,2026-02-26,0.0
XB,la Llacuna,2026-02-26,0.0
XC,Castellbisbal,2026-02-26,0.1
XD,Ulldemolins,2026-02-26,0.0
XE,Tarragona - Complex Educatiu,2026-02-26,0.0
XF,Sabadell - Parc Agrari,2026-02-26,0.1
XG,Parets del Vallès,2026-02-26,0.0
XH,Sort,2026-02-26,0.0
XI,Mollerussa,2026-02-26,0.0
XJ,Girona,2026-02-26,0.0
XK,Puig Sesolles (1.666 m),2026-02-26,0.0
XL,el Prat de Llobregat,2026-02-26,0.0
XM,els Alamús,2026-02-26,0.0
XN,Seròs,2026-02-26,0.0
XO,Vic,2026-02-26,0.0
XP,Gandesa,2026-02-26,0.0
XQ,Tremp,2026-02-26,0.0
XR,Prades,2026-02-26,0.0
XS,Santa Coloma de Farners,2026-02-26,0.0
XT,Solsona,2026-02-26,0.0
XU,Canyelles,2026-02-26,0.2
XV,Sant Cugat del Vallès - CAR,2026-02-26,0.0
XX,Anglesola - Tornabous,2026-02-26,0.0
XY,Alcarràs,2026-02-26,0.1
XZ,Torroella de Fluvià,2026-02-26,0.0
Y4,Alinyà,2026-02-26,0.0
Y5,Navata,2026-02-26,0.0
Y6,Tivissa,2026-02-26,0.0
YA,Puigcerdà,2026-02-26,0.0
YB,Olot,2026-02-26,0.0
YC,la Pobla de Segur,2026-02-26,0.0
YD,les Borges Blanques,2026-02-26,0.0
YE,Massoteres,2026-02-26,0.0
YF,Miami Platja,2026-02-26,0.0
YG,Tírvia,2026-02-26,0.0
YH,Pujalt,2026-02-26,0.0
YJ,Lleida - la Femosa,2026-02-26,0.0
YK,Terrassa,2026-02-26,0.0
YL,Riudecanyes,2026-02-26,0.0
YM,Granollers,2026-02-26,0.1
YN,Vielha - Elipòrt,2026-02-26,0.0
YO,Sant Sadurní d'Anoia,2026-02-26,0.0
YP,Palafrugell,2026-02-26,0.0
YQ,Port de Barcelona - ZAL Prat,2026-02-26,0.0
YR,Vilanova i la Geltrú,2026-02-26,0.2
YS,Cabanes,2026-02-26,0.0
YT,Bonabé (1.691 m),2026-02-26,0.0
YU,Cantonigròs,2026-02-26,0.0
YV,Mataró,2026-02-26,0.0
YX,Batea,2026-02-26,0.0
Z1,Bonaigua (2.262 m),2026-02-26,0.0
Z2,Boí (2.537 m),2026-02-26,0.0
Z3,Malniu (2.229 m),2026-02-26,0.0
Z5,Certascan (2.398 m),2026-02-26,0.0
Z6,Sasseuva (2.226 m),2026-02-26,0.0
Z7,Espot (2.519 m),2026-02-26,0.0
Z9,Cadí Nord (2.145 m) - Prat d'Aguiló,2026-02-26,0.0
ZB,Salòria (2.451 m),2026-02-26,0.0
ZC,Ulldeter (2.413 m),2026-02-26,0.0
ZE,el Port del Comte (2.288 m),2026-02-26,0.0
YY,Viladecans - les Filipines,2026-02-26,0.0
C6,Castellnou de Seana,2026-02-27,0.0
C7,Tàrrega,2026-02-27,0.0
C8,Cervera,2026-02-27,0.0
C9,Mas de Barberans,2026-02-27,0.0
CC,Orís,2026-02-27,0.0
CD,la Seu d'Urgell - Bellestar,2026-02-27,0.0
CE,els Hostalets de Pierola,2026-02-27,0.0
CG,Molló - Fabert,2026-02-27,0.0
CI,Sant Pau de Segúries,2026-02-27,0.0
CJ,Organyà,2026-02-27,0.0
CL,Sant Salvador de Guardiola,2026-02-27,0.1
CP,Sant Romà d'Abella,2026-02-27,0.0
CQ,Vilanova de Meià,2026-02-27,0.0
CR,la Quar,2026-02-27,0.0
CT,el Pont de Suert,2026-02-27,0.0
CW,l'Espluga de Francolí,2026-02-27,0.0
CY,Muntanyola,2026-02-27,0.0
D1,Margalef,2026-02-27,0.0
D2,Vacarisses,2026-02-27,0.0
D3,Vallirana,2026-02-27,0.0
D4,Roses,2026-02-27,0.0
D5,Barcelona - Observatori Fabra,2026-02-27,0.0
D6,Portbou - coll dels Belitres,2026-02-27,0.1
D7,Vinebre,2026-02-27,0.0
D8,Horta de Sant Joan,2026-02-27,0.1
D9,el Vendrell,2026-02-27,0.0
DB,el Perelló,2026-02-27,0.0
DF,la Bisbal d'Empordà,2026-02-27,0.0
DG,Núria (1.971 m),2026-02-27,0.0
DI,Font-rubí,2026-02-27,0.0
DJ,Banyoles,2026-02-27,0.1
DK,Torredembarra,2026-02-27,0.1
DL,Illa de Buda,2026-02-27,0.1
DN,Anglès,2026-02-27,0.0
DO,Castell d'Aro,2026-02-27,0.0
DP,Das - Aeròdrom,2026-02-27,0.0
DQ,Vila-rodona,2026-02-27,0.0
H1,Òdena,2026-02-27,0.1
J5,Pantà de Darnius - Boadella,2026-02-27,0.0
KE,Pantà de Sau,2026-02-27,0.0
KP,Fogars de la Selva,2026-02-27,0.0
KX,la Roca del Vallès - ETAP Cardedeu,2026-02-27,0.1
M6,Sant Joan de les Abadesses,2026-02-27,0.0
MQ,Cardona,2026-02-27,0.0
MR,Pantà de Siurana,2026-02-27,0.0
MS,Castellar de n'Hug - el Clot del Moro,2026-02-27,0.0
MV,Guixers - Valls,2026-02-27,0.0
MW,Navès,2026-02-27,0.0
U2,Sant Pere Pescador,2026-02-27,0.0
U3,Sant Martí Sarroca,2026-02-27,0.0
U4,Castellnou de Bages,2026-02-27,0.2
U6,Vinyols i els Arcs - Cambrils,2026-02-27,0.1
U7,Aldover,2026-02-27,0.0
U9,l'Aldea,2026-02-27,0.0
UA,l'Ametlla de Mar,2026-02-27,0.0
UB,la Tallada d'Empordà,2026-02-27,0.0
UE,Torroella de Montgrí,2026-02-27,0.0
UF,PN del Garraf - el Rascler,2026-02-27,0.0
UH,el Montmell,2026-02-27,0.0
UI,Gisclareny,2026-02-27,0.0
UJ,Santa Coloma de Queralt,2026-02-27,0.0
UK,Sant Pere de Ribes - PN del Garraf,2026-02-27,0.1
UM,la Granadella,2026-02-27,0.0
UN,Cassà de la Selva,2026-02-27,0.0
UO,Fornells de la Selva,2026-02-27,0.0
UP,Cabrils,2026-02-27,0.1
UQ,Dosrius - PN Montnegre Corredor,2026-02-27,0.1
US,les Cases d'Alcanar,2026-02-27,0.0
UU,Amposta,2026-02-27,0.0
UW,els Alfacs,2026-02-27,0.0
UX,Ulldecona - els Valentins,2026-02-27,0.2
UY,Os de Balaguer - el Monestir d'Avellanes,2026-02-27,0.0
V1,Vallfogona de Balaguer,2026-02-27,0.0
V4,Montesquiu,2026-02-27,0.0
V5,Perafita,2026-02-27,0.1
V8,el Poal,2026-02-27,0.0
VA,Ascó,2026-02-27,0.0
VB,Benissanet,2026-02-27,0.1
VC,Pantà de Riba-roja,2026-02-27,0.0
VD,el Canós,2026-02-27,0.0
VH,Gimenells,2026-02-27,0.0
VK,Raimat,2026-02-27,0.0
VM,Vilanova de Segrià,2026-02-27,0.0
VO,Lladurs,2026-02-27,0.0
VP,Pinós,2026-02-27,0.0
VQ,Constantí,2026-02-27,0.0
VS,Lac Redon (2.245 m),2026-02-27,0.0
VU,Rellinars,2026-02-27,0.0
VV,Sant Llorenç Savall,2026-02-27,0.1
VX,Tagamanent - PN del Montseny,2026-02-27,0.0
VY,Nulles,2026-02-27,0.1
VZ,Espolla,2026-02-27,0.2
W1,Castelló d'Empúries,2026-02-27,0.0
W4,Vilafranca del Penedès - la Granada,2026-02-27,0.3
W5,Oliana,2026-02-27,0.0
W8,Blancafort,2026-02-27,0.0
W9,la Vall d'en Bas,2026-02-27,0.3
WA,Oliola,2026-02-27,0.1
WB,Albesa,2026-02-27,0.0
WC,Golmés,2026-02-27,0.0
WG,Algerri,2026-02-27,0.0
WI,Maials,2026-02-27,0.1
WJ,el Masroig,2026-02-27,0.0
WK,Alfarràs,2026-02-27,0.0
WL,Sant Martí de Riucorb,2026-02-27,0.0
WM,Santuari de Queralt,2026-02-27,0.0
WN,Montserrat - Sant Dimes,2026-02-27,0.0
WO,la Bisbal del Penedès,2026-02-27,0.0
WP,Canaletes,2026-02-27,0.2
WQ,Montsec d'Ares (1.571 m),2026-02-27,0.0
WR,Torroja del Priorat,2026-02-27,0.0
WS,Viladrau,2026-02-27,0.0
WT,Malgrat de Mar,2026-02-27,0.0
WU,Badalona - Museu,2026-02-27,0.0
WV,Guardiola de Berguedà,2026-02-27,0.1
WW,Artés,2026-02-27,0.0
WX,Camarasa,2026-02-27,0.0
WZ,Cunit,2026-02-27,0.1
X1,Falset,2026-02-27,0.0
X3,Alguaire,2026-02-27,0.0
X4,Barcelona - el Raval,2026-02-27,0.0
X5,PN dels Ports,2026-02-27,0.0
X6,Baldomar,2026-02-27,0.0
X7,Torres de Segre,2026-02-27,0.0
X8,Barcelona - Zona Universitària,2026-02-27,0.0
X9,Caldes de Montbui,2026-02-27,0.2
XA,la Panadella,2026-02-27,0.0
XB,la Llacuna,2026-02-27,0.0
XC,Castellbisbal,2026-02-27,0.1
XD,Ulldemolins,2026-02-27,0.0
XE,Tarragona - Complex Educatiu,2026-02-27,0.1
XF,Sabadell - Parc Agrari,2026-02-27,0.1
XG,Parets del Vallès,2026-02-27,0.1
XH,Sort,2026-02-27,0.0
XI,Mollerussa,2026-02-27,0.0
XJ,Girona,2026-02-27,0.0
XK,Puig Sesolles (1.666 m),2026-02-27,0.0
XL,el Prat de Llobregat,2026-02-27,0.0
XM,els Alamús,2026-02-27,0.0
XN,Seròs,2026-02-27,0.0
XO,Vic,2026-02-27,0.0
XP,Gandesa,2026-02-27,0.1
XQ,Tremp,2026-02-27,0.0
XR,Prades,2026-02-27,0.0
XS,Santa Coloma de Farners,2026-02-27,0.0
XT,Solsona,2026-02-27,0.0
XU,Canyelles,2026-02-27,0.1
XV,Sant Cugat del Vallès - CAR,2026-02-27,0.1
XX,Anglesola - Tornabous,2026-02-27,0.0
XY,Alcarràs,2026-02-27,0.0
XZ,Torroella de Fluvià,2026-02-27,0.0
Y4,Alinyà,2026-02-27,0.0
Y5,Navata,2026-02-27,0.0
Y6,Tivissa,2026-02-27,0.1
YA,Puigcerdà,2026-02-27,0.0
YB,Olot,2026-02-27,0.2
YC,la Pobla de Segur,2026-02-27,0.0
YD,les Borges Blanques,2026-02-27,0.0
YE,Massoteres,2026-02-27,0.0
YF,Miami Platja,2026-02-27,0.0
YG,Tírvia,2026-02-27,0.0
YH,Pujalt,2026-02-27,0.0
YJ,Lleida - la Femosa,2026-02-27,0.0
YK,Terrassa,2026-02-27,0.3
YL,Riudecanyes,2026-02-27,0.0
YM,Granollers,2026-02-27,0.1
YN,Vielha - Elipòrt,2026-02-27,0.0
YO,Sant Sadurní d'Anoia,2026-02-27,0.0
YP,Palafrugell,2026-02-27,0.0
YQ,Port de Barcelona - ZAL Prat,2026-02-27,0.0
YR,Vilanova i la Geltrú,2026-02-27,0.0
YS,Cabanes,2026-02-27,0.1
YT,Bonabé (1.691 m),2026-02-27,0.0
YU,Cantonigròs,2026-02-27,0.0
YV,Mataró,2026-02-27,0.0
YX,Batea,2026-02-27,0.2
Z1,Bonaigua (2.262 m),2026-02-27,0.0
Z2,Boí (2.537 m),2026-02-27,0.0
Z3,Malniu (2.229 m),2026-02-27,0.0
Z5,Certascan (2.398 m),2026-02-27,0.0
Z6,Sasseuva (2.226 m),2026-02-27,0.0
Z7,Espot (2.519 m),2026-02-27,0.0
Z9,Cadí Nord (2.145 m) - Prat d'Aguiló,2026-02-27,0.0
ZB,Salòria (2.451 m),2026-02-27,0.0
ZC,Ulldeter (2.413 m),2026-02-27,0.0
ZE,el Port del Comte (2.288 m),2026-02-27,0.0
YY,Viladecans - les Filipines,2026-02-27,0.0
C6,Castellnou de Seana,2026-02-28,0.1
C7,Tàrrega,2026-02-28,0.0
C8,Cervera,2026-02-28,0.0
C9,Mas de Barberans,2026-02-28,0.0
CC,Orís,2026-02-28,0.1
CD,la Seu d'Urgell - Bellestar,2026-02-28,0.0
CE,els Hostalets de Pierola,2026-02-28,0.0
CG,Molló - Fabert,2026-02-28,2.5
CI,Sant Pau de Segúries,2026-02-28,3.1
CJ,Organyà,2026-02-28,0.0
CL,Sant Salvador de Guardiola,2026-02-28,0.0
CP,Sant Romà d'Abella,2026-02-28,0.0
CQ,Vilanova de Meià,2026-02-28,0.0
CR,la Quar,2026-02-28,0.0
CT,el Pont de Suert,2026-02-28,0.0
CW,l'Espluga de Francolí,2026-02-28,0.0
CY,Muntanyola,2026-02-28,0.0
D1,Margalef,2026-02-28,0.1
D2,Vacarisses,2026-02-28,0.0
D3,Vallirana,2026-02-28,0.0
D4,Roses,2026-02-28,0.0
D5,Barcelona - Observatori Fabra,2026-02-28,0.0
D6,Portbou - coll dels Belitres,2026-02-28,0.0
D7,Vinebre,2026-02-28,0.0
D8,Horta de Sant Joan,2026-02-28,0.0
D9,el Vendrell,2026-02-28,0.2
DB,el Perelló,2026-02-28,0.0
DF,la Bisbal d'Empordà,2026-02-28,0.0
DG,Núria (1.971 m),2026-02-28,2.9
DI,Font-rubí,2026-02-28,0.0
DJ,Banyoles,2026-02-28,0.0
DK,Torredembarra,2026-02-28,2.7
DL,Illa de Buda,2026-02-28,0.0
DN,Anglès,2026-02-28,0.0
DO,Castell d'Aro,2026-02-28,0.0
DP,Das - Aeròdrom,2026-02-28,0.1
DQ,Vila-rodona,2026-02-28,5.1
H1,Òdena,2026-02-28,1.4
J5,Pantà de Darnius - Boadella,2026-02-28,0.3
KE,Pantà de Sau,2026-02-28,1.7
KP,Fogars de la Selva,2026-02-28,0.0
KX,la Roca del Vallès - ETAP Cardedeu,2026-02-28,0.0
M6,Sant Joan de les Abadesses,2026-02-28,0.8
MQ,Cardona,2026-02-28,0.0
MR,Pantà de Siurana,2026-02-28,0.0
MS,Castellar de n'Hug - el Clot del Moro,2026-02-28,0.2
MV,Guixers - Valls,2026-02-28,0.0
MW,Navès,2026-02-28,0.0
U2,Sant Pere Pescador,2026-02-28,0.0
U3,Sant Martí Sarroca,2026-02-28,0.0
U4,Castellnou de Bages,2026-02-28,0.0
U6,Vinyols i els Arcs - Cambrils,2026-02-28,0.0
U7,Aldover,2026-02-28,0.0
U9,l'Aldea,2026-02-28,0.0
UA,l'Ametlla de Mar,2026-02-28,0.0
UB,la Tallada d'Empordà,2026-02-28,0.0
UE,Torroella de Montgrí,2026-02-28,0.0
UF,PN del Garraf - el Rascler,2026-02-28,0.0
UH,el Montmell,2026-02-28,4.7
UI,Gisclareny,2026-02-28,0.0
UJ,Santa Coloma de Queralt,2026-02-28,0.1
UK,Sant Pere de Ribes - PN del Garraf,2026-02-28,0.0
UM,la Granadella,2026-02-28,0.0
UN,Cassà de la Selva,2026-02-28,0.0
UO,Fornells de la Selva,2026-02-28,0.0
UP,Cabrils,2026-02-28,0.0
UQ,Dosrius - PN Montnegre Corredor,2026-02-28,0.0
US,les Cases d'Alcanar,2026-02-28,0.0
UU,Amposta,2026-02-28,0.0
UW,els Alfacs,2026-02-28,0.0
UX,Ulldecona - els Valentins,2026-02-28,0.0
UY,Os de Balaguer - el Monestir d'Avellanes,2026-02-28,0.0
V1,Vallfogona de Balaguer,2026-02-28,0.0
V4,Montesquiu,2026-02-28,0.2
V5,Perafita,2026-02-28,0.0
V8,el Poal,2026-02-28,0.0
VA,Ascó,2026-02-28,0.0
VB,Benissanet,2026-02-28,0.0
VC,Pantà de Riba-roja,2026-02-28,0.0
VD,el Canós,2026-02-28,0.0
VH,Gimenells,2026-02-28,0.0
VK,Raimat,2026-02-28,0.2
VM,Vilanova de Segrià,2026-02-28,0.2
VO,Lladurs,2026-02-28,0.0
VP,Pinós,2026-02-28,0.0
VQ,Constantí,2026-02-28,0.1
VS,Lac Redon (2.245 m),2026-02-28,2.8
VU,Rellinars,2026-02-28,0.0
VV,Sant Llorenç Savall,2026-02-28,0.1
VX,Tagamanent - PN del Montseny,2026-02-28,0.0
VY,Nulles,2026-02-28,6.2
VZ,Espolla,2026-02-28,0.0
W1,Castelló d'Empúries,2026-02-28,0.0
W4,Vilafranca del Penedès - la Granada,2026-02-28,0.0
W5,Oliana,2026-02-28,0.0
W8,Blancafort,2026-02-28,0.0
W9,la Vall d'en Bas,2026-02-28,0.7
WA,Oliola,2026-02-28,0.0
WB,Albesa,2026-02-28,0.3
WC,Golmés,2026-02-28,0.1
WG,Algerri,2026-02-28,0.0
WI,Maials,2026-02-28,0.2
WJ,el Masroig,2026-02-28,0.0
WK,Alfarràs,2026-02-28,0.2
WL,Sant Martí de Riucorb,2026-02-28,0.1
WM,Santuari de Queralt,2026-02-28,0.0
WN,Montserrat - Sant Dimes,2026-02-28,0.0
WO,la Bisbal del Penedès,2026-02-28,6.0
WP,Canaletes,2026-02-28,0.0
WQ,Montsec d'Ares (1.571 m),2026-02-28,0.0
WR,Torroja del Priorat,2026-02-28,0.0
WS,Viladrau,2026-02-28,0.1
WT,Malgrat de Mar,2026-02-28,0.0
WU,Badalona - Museu,2026-02-28,0.0
WV,Guardiola de Berguedà,2026-02-28,0.0
WW,Artés,2026-02-28,0.0
WX,Camarasa,2026-02-28,0.0
WZ,Cunit,2026-02-28,0.0
X1,Falset,2026-02-28,0.0
X3,Alguaire,2026-02-28,0.3
X4,Barcelona - el Raval,2026-02-28,0.0
X5,PN dels Ports,2026-02-28,0.0
X6,Baldomar,2026-02-28,0.0
X7,Torres de Segre,2026-02-28,0.0
X8,Barcelona - Zona Universitària,2026-02-28,0.0
X9,Caldes de Montbui,2026-02-28,0.0
XA,la Panadella,2026-02-28,0.1
XB,la Llacuna,2026-02-28,1.2
XC,Castellbisbal,2026-02-28,0.0
XD,Ulldemolins,2026-02-28,0.1
XE,Tarragona - Complex Educatiu,2026-02-28,0.0
XF,Sabadell - Parc Agrari,2026-02-28,0.0
XG,Parets del Vallès,2026-02-28,0.0
XH,Sort,2026-02-28,0.0
XI,Mollerussa,2026-02-28,0.6
XJ,Girona,2026-02-28,0.0
XK,Puig Sesolles (1.666 m),2026-02-28,0.0
XL,el Prat de Llobregat,2026-02-28,0.0
XM,els Alamús,2026-02-28,0.1
XN,Seròs,2026-02-28,0.1
XO,Vic,2026-02-28,0.0
XP,Gandesa,2026-02-28,0.0
XQ,Tremp,2026-02-28,0.0
XR,Prades,2026-02-28,0.4
XS,Santa Coloma de Farners,2026-02-28,0.0
XT,Solsona,2026-02-28,0.0
XU,Canyelles,2026-02-28,0.0
XV,Sant Cugat del Vallès - CAR,2026-02-28,0.0
XX,Anglesola - Tornabous,2026-02-28,0.0
XY,Alcarràs,2026-02-28,0.0
XZ,Torroella de Fluvià,2026-02-28,0.0
Y4,Alinyà,2026-02-28,0.0
Y5,Navata,2026-02-28,0.0
Y6,Tivissa,2026-02-28,0.0
YA,Puigcerdà,2026-02-28,1.3
YB,Olot,2026-02-28,0.7
YC,la Pobla de Segur,2026-02-28,0.0
YD,les Borges Blanques,2026-02-28,0.0
YE,Massoteres,2026-02-28,0.0
YF,Miami Platja,2026-02-28,0.0
YG,Tírvia,2026-02-28,0.0
YH,Pujalt,2026-02-28,0.0
YJ,Lleida - la Femosa,2026-02-28,0.0
YK,Terrassa,2026-02-28,0.0
YL,Riudecanyes,2026-02-28,0.0
YM,Granollers,2026-02-28,0.0
YN,Vielha - Elipòrt,2026-02-28,1.2
YO,Sant Sadurní d'Anoia,2026-02-28,0.0
YP,Palafrugell,2026-02-28,0.0
YQ,Port de Barcelona - ZAL Prat,2026-02-28,0.0
YR,Vilanova i la Geltrú,2026-02-28,0.0
YS,Cabanes,2026-02-28,0.0
YT,Bonabé (1.691 m),2026-02-28,0.3
YU,Cantonigròs,2026-02-28,1.8
YV,Mataró,2026-02-28,0.0
YX,Batea,2026-02-28,0.0
Z1,Bonaigua (2.262 m),2026-02-28,0.6
Z2,Boí (2.537 m),2026-02-28,0.0
Z3,Malniu (2.229 m),2026-02-28,2.1
Z5,Certascan (2.398 m),2026-02-28,2.0
Z6,Sasseuva (2.226 m),2026-02-28,0.9
Z7,Espot (2.519 m),2026-02-28,0.3
Z9,Cadí Nord (2.145 m) - Prat d'Aguiló,2026-02-28,0.0
ZB,Salòria (2.451 m),2026-02-28,0.9
ZC,Ulldeter (2.413 m),2026-02-28,0.9
ZE,el Port del Comte (2.288 m),2026-02-28,0.0
YY,Viladecans - les Filipines,2026-02-28,0.0
