Codi,Nom,Data,Precipitacio_mm
C6,Castellnou de Seana,2026-06-01,0.0
C7,Tàrrega,2026-06-01,0.0
C8,Cervera,2026-06-01,0.2
C9,Mas de Barberans,2026-06-01,0.0
CC,Orís,2026-06-01,0.0
CD,la Seu d'Urgell - Bellestar,2026-06-01,0.0
CE,els Hostalets de Pierola,2026-06-01,0.0
CG,Molló - Fabert,2026-06-01,0.0
CI,Sant Pau de Segúries,2026-06-01,0.0
CJ,Organyà,2026-06-01,0.0
CL,Sant Salvador de Guardiola,2026-06-01,0.1
CP,Sant Romà d'Abella,2026-06-01,0.0
CQ,Vilanova de Meià,2026-06-01,0.0
CR,la Quar,2026-06-01,0.0
CT,el Pont de Suert,2026-06-01,0.0
CW,l'Espluga de Francolí,2026-06-01,0.0
CY,Muntanyola,2026-06-01,0.0
D1,Margalef,2026-06-01,0.0
D2,Vacarisses,2026-06-01,0.0
D3,Vallirana,2026-06-01,0.1
D4,Roses,2026-06-01,0.0
D5,Barcelona - Observatori Fabra,2026-06-01,0.2
D6,Portbou - coll dels Belitres,2026-06-01,0.0
D7,Vinebre,2026-06-01,0.0
D8,Horta de Sant Joan,2026-06-01,0.0
D9,el Vendrell,2026-06-01,0.0
DB,el Perelló,2026-06-01,0.0
DF,la Bisbal d'Empordà,2026-06-01,0.0
DG,Núria (1.971 m),2026-06-01,0.0
DI,Font-rubí,2026-06-01,0.3
DJ,Banyoles,2026-06-01,0.0
DK,Torredembarra,2026-06-01,0.0
DL,Illa de Buda,2026-06-01,0.0
DN,Anglès,2026-06-01,0.0
DO,Castell d'Aro,2026-06-01,0.0
DP,Das - Aeròdrom,2026-06-01,0.1
DQ,Vila-rodona,2026-06-01,0.0
H1,Òdena,2026-06-01,0.0
J5,Pantà de Darnius - Boadella,2026-06-01,0.0
KE,Pantà de Sau,2026-06-01,0.0
KP,Fogars de la Selva,2026-06-01,0.0
KX,la Roca del Vallès - ETAP Cardedeu,2026-06-01,0.0
M6,Sant Joan de les Abadesses,2026-06-01,0.0
MQ,Cardona,2026-06-01,0.0
MR,Pantà de Siurana,2026-06-01,0.0
MS,Castellar de n'Hug - el Clot del Moro,2026-06-01,0.0
MV,Guixers - Valls,2026-06-01,0.1
MW,Navès,2026-06-01,0.0
U2,Sant Pere Pescador,2026-06-01,0.0
U3,Sant Martí Sarroca,2026-06-01,0.0
U4,Castellnou de Bages,2026-06-01,0.0
U6,Vinyols i els Arcs - Cambrils,2026-06-01,0.0
U7,Aldover,2026-06-01,0.0
U9,l'Aldea,2026-06-01,0.0
UA,l'Ametlla de Mar,2026-06-01,0.0
UB,la Tallada d'Empordà,2026-06-01,0.0
UE,Torroella de Montgrí,2026-06-01,0.0
UF,PN del Garraf - el Rascler,2026-06-01,0.0
UH,el Montmell,2026-06-01,0.0
UI,Gisclareny,2026-06-01,0.0
UJ,Santa Coloma de Queralt,2026-06-01,0.0
UK,Sant Pere de Ribes - PN del Garraf,2026-06-01,0.0
UM,la Granadella,2026-06-01,0.0
UN,Cassà de la Selva,2026-06-01,0.0
UO,Fornells de la Selva,2026-06-01,0.0
UP,Cabrils,2026-06-01,0.0
UQ,Dosrius - PN Montnegre Corredor,2026-06-01,0.0
US,les Cases d'Alcanar,2026-06-01,0.0
UU,Amposta,2026-06-01,0.0
UW,els Alfacs,2026-06-01,0.0
UX,Ulldecona - els Valentins,2026-06-01,0.0
UY,Os de Balaguer - el Monestir d'Avellanes,2026-06-01,0.0
V1,Vallfogona de Balaguer,2026-06-01,0.0
V4,Montesquiu,2026-06-01,0.0
V5,Perafita,2026-06-01,0.0
V8,el Poal,2026-06-01,0.0
VA,Ascó,2026-06-01,0.0
VB,Benissanet,2026-06-01,0.0
VC,Pantà de Riba-roja,2026-06-01,0.0
VD,el Canós,2026-06-01,0.0
VH,Gimenells,2026-06-01,0.0
VK,Raimat,2026-06-01,0.0
VM,Vilanova de Segrià,2026-06-01,0.0
VO,Lladurs,2026-06-01,0.0
VP,Pinós,2026-06-01,0.0
VQ,Constantí,2026-06-01,0.0
VS,Lac Redon (2.245 m),2026-06-01,0.0
VU,Rellinars,2026-06-01,0.0
VV,Sant Llorenç Savall,2026-06-01,0.0
VX,Tagamanent - PN del Montseny,2026-06-01,0.0
VY,Nulles,2026-06-01,0.0
VZ,Espolla,2026-06-01,0.0
W1,Castelló d'Empúries,2026-06-01,0.0
W4,Vilafranca del Penedès - la Granada,2026-06-01,0.0
W5,Oliana,2026-06-01,0.0
W8,Blancafort,2026-06-01,0.0
W9,la Vall d'en Bas,2026-06-01,0.0
WA,Oliola,2026-06-01,0.0
WB,Albesa,2026-06-01,0.0
WC,Golmés,2026-06-01,0.0
WG,Algerri,2026-06-01,0.0
WI,Maials,2026-06-01,0.0
WJ,el Masroig,2026-06-01,0.0
WK,Alfarràs,2026-06-01,0.0
WL,Sant Martí de Riucorb,2026-06-01,0.0
WM,Santuari de Queralt,2026-06-01,0.0
WN,Montserrat - Sant Dimes,2026-06-01,0.0
WO,la Bisbal del Penedès,2026-06-01,0.0
WP,Canaletes,2026-06-01,0.0
WQ,Montsec d'Ares (1.571 m),2026-06-01,0.0
WR,Torroja del Priorat,2026-06-01,0.0
WS,Viladrau,2026-06-01,0.0
WT,Malgrat de Mar,2026-06-01,0.0
WU,Badalona - Museu,2026-06-01,0.0
WV,Guardiola de Berguedà,2026-06-01,0.1
WW,Artés,2026-06-01,0.1
WX,Camarasa,2026-06-01,0.0
WZ,Cunit,2026-06-01,0.0
X1,Falset,2026-06-01,0.0
X3,Alguaire,2026-06-01,0.0
X4,Barcelona - el Raval,2026-06-01,0.4
X5,PN dels Ports,2026-06-01,0.0
X6,Baldomar,2026-06-01,0.0
X7,Torres de Segre,2026-06-01,0.0
X8,Barcelona - Zona Universitària,2026-06-01,0.5
X9,Caldes de Montbui,2026-06-01,0.0
XA,la Panadella,2026-06-01,0.0
XB,la Llacuna,2026-06-01,0.0
XC,Castellbisbal,2026-06-01,0.0
XD,Ulldemolins,2026-06-01,0.0
XE,Tarragona - Complex Educatiu,2026-06-01,0.0
XF,Sabadell - Parc Agrari,2026-06-01,0.0
XG,Parets del Vallès,2026-06-01,0.0
XH,Sort,2026-06-01,0.0
XI,Mollerussa,2026-06-01,0.0
XJ,Girona,2026-06-01,0.0
XK,Puig Sesolles (1.666 m),2026-06-01,0.0
XL,el Prat de Llobregat,2026-06-01,0.0
XM,els Alamús,2026-06-01,0.0
XN,Seròs,2026-06-01,0.0
XO,Vic,2026-06-01,0.0
XP,Gandesa,2026-06-01,0.0
XQ,Tremp,2026-06-01,0.0
XR,Prades,2026-06-01,0.0
XS,Santa Coloma de Farners,2026-06-01,0.0
XT,Solsona,2026-06-01,0.0
XU,Canyelles,2026-06-01,0.0
XV,Sant Cugat del Vallès - CAR,2026-06-01,0.0
XX,Anglesola - Tornabous,2026-06-01,0.0
XY,Alcarràs,2026-06-01,0.0
XZ,Torroella de Fluvià,2026-06-01,0.0
Y4,Alinyà,2026-06-01,0.0
Y5,Navata,2026-06-01,0.0
Y6,Tivissa,2026-06-01,0.0
YA,Puigcerdà,2026-06-01,0.0
YB,Olot,2026-06-01,0.0
YC,la Pobla de Segur,2026-06-01,0.0
YD,les Borges Blanques,2026-06-01,0.0
YE,Massoteres,2026-06-01,0.0
YF,Miami Platja,2026-06-01,0.0
YG,Tírvia,2026-06-01,0.0
YH,Pujalt,2026-06-01,0.0
YJ,Lleida - la Femosa,2026-06-01,0.0
YK,Terrassa,2026-06-01,0.0
YL,Riudecanyes,2026-06-01,0.0
YM,Granollers,2026-06-01,0.0
YN,Vielha - Elipòrt,2026-06-01,0.0
YO,Sant Sadurní d'Anoia,2026-06-01,0.5
YP,Palafrugell,2026-06-01,0.0
YQ,Port de Barcelona - ZAL Prat,2026-06-01,0.0
YR,Vilanova i la Geltrú,2026-06-01,0.0
YS,Cabanes,2026-06-01,0.0
YT,Bonabé (1.691 m),2026-06-01,0.0
YU,Cantonigròs,2026-06-01,0.0
YV,Mataró,2026-06-01,0.0
YX,Batea,2026-06-01,0.0
YY,Viladecans - les Filipines,2026-06-01,0.1
Z1,Bonaigua (2.262 m),2026-06-01,0.0
Z2,Boí (2.537 m),2026-06-01,0.0
Z3,Malniu (2.229 m),2026-06-01,0.0
Z5,Certascan (2.398 m),2026-06-01,1.6
Z6,Sasseuva (2.226 m),2026-06-01,0.0
Z7,Espot (2.519 m),2026-06-01,0.0
Z9,Cadí Nord (2.145 m) - Prat d'Aguiló,2026-06-01,0.0
ZB,Salòria (2.451 m),2026-06-01,0.0
ZC,Ulldeter (2.413 m),2026-06-01,0.0
ZE,el Port del Comte (2.288 m),2026-06-01,0.0
C6,Castellnou de Seana,2026-06-02,0.0
C7,Tàrrega,2026-06-02,0.0
C8,Cervera,2026-06-02,0.0
C9,Mas de Barberans,2026-06-02,0.0
CC,Orís,2026-06-02,12.7
CD,la Seu d'Urgell - Bellestar,2026-06-02,0.0
CE,els Hostalets de Pierola,2026-06-02,0.0
CG,Molló - Fabert,2026-06-02,11.8
CI,Sant Pau de Segúries,2026-06-02,53.8
CJ,Organyà,2026-06-02,0.1
CL,Sant Salvador de Guardiola,2026-06-02,0.0
CP,Sant Romà d'Abella,2026-06-02,0.0
CQ,Vilanova de Meià,2026-06-02,0.0
CR,la Quar,2026-06-02,0.0
CT,el Pont de Suert,2026-06-02,0.0
CW,l'Espluga de Francolí,2026-06-02,0.0
CY,Muntanyola,2026-06-02,0.0
D1,Margalef,2026-06-02,0.0
D2,Vacarisses,2026-06-02,0.0
D3,Vallirana,2026-06-02,0.4
D4,Roses,2026-06-02,0.1
D5,Barcelona - Observatori Fabra,2026-06-02,0.3
D6,Portbou - coll dels Belitres,2026-06-02,0.0
D7,Vinebre,2026-06-02,0.0
D8,Horta de Sant Joan,2026-06-02,0.0
D9,el Vendrell,2026-06-02,0.0
DB,el Perelló,2026-06-02,0.0
DF,la Bisbal d'Empordà,2026-06-02,0.4
DG,Núria (1.971 m),2026-06-02,0.0
DI,Font-rubí,2026-06-02,0.0
DJ,Banyoles,2026-06-02,5.3
DK,Torredembarra,2026-06-02,0.0
DL,Illa de Buda,2026-06-02,0.0
DN,Anglès,2026-06-02,1.5
DO,Castell d'Aro,2026-06-02,0.0
DP,Das - Aeròdrom,2026-06-02,0.0
DQ,Vila-rodona,2026-06-02,0.0
H1,Òdena,2026-06-02,0.0
J5,Pantà de Darnius - Boadella,2026-06-02,4.2
KE,Pantà de Sau,2026-06-02,18.2
KP,Fogars de la Selva,2026-06-02,0.0
KX,la Roca del Vallès - ETAP Cardedeu,2026-06-02,0.0
M6,Sant Joan de les Abadesses,2026-06-02,12.3
MQ,Cardona,2026-06-02,0.0
MR,Pantà de Siurana,2026-06-02,0.0
MS,Castellar de n'Hug - el Clot del Moro,2026-06-02,5.6
MV,Guixers - Valls,2026-06-02,0.0
MW,Navès,2026-06-02,0.0
U2,Sant Pere Pescador,2026-06-02,0.5
U3,Sant Martí Sarroca,2026-06-02,0.0
U4,Castellnou de Bages,2026-06-02,0.0
U6,Vinyols i els Arcs - Cambrils,2026-06-02,0.0
U7,Aldover,2026-06-02,0.0
U9,l'Aldea,2026-06-02,0.0
UA,l'Ametlla de Mar,2026-06-02,0.0
UB,la Tallada d'Empordà,2026-06-02,0.9
UE,Torroella de Montgrí,2026-06-02,0.6
UF,PN del Garraf - el Rascler,2026-06-02,0.0
UH,el Montmell,2026-06-02,0.0
UI,Gisclareny,2026-06-02,0.5
UJ,Santa Coloma de Queralt,2026-06-02,0.0
UK,Sant Pere de Ribes - PN del Garraf,2026-06-02,0.0
UM,la Granadella,2026-06-02,0.0
UN,Cassà de la Selva,2026-06-02,0.0
UO,Fornells de la Selva,2026-06-02,0.0
UP,Cabrils,2026-06-02,0.0
UQ,Dosrius - PN Montnegre Corredor,2026-06-02,0.0
US,les Cases d'Alcanar,2026-06-02,0.0
UU,Amposta,2026-06-02,0.0
UW,els Alfacs,2026-06-02,0.0
UX,Ulldecona - els Valentins,2026-06-02,0.0
UY,Os de Balaguer - el Monestir d'Avellanes,2026-06-02,0.0
V1,Vallfogona de Balaguer,2026-06-02,0.0
V4,Montesquiu,2026-06-02,11.2
V5,Perafita,2026-06-02,0.0
V8,el Poal,2026-06-02,0.0
VA,Ascó,2026-06-02,0.0
VB,Benissanet,2026-06-02,0.0
VC,Pantà de Riba-roja,2026-06-02,0.0
VD,el Canós,2026-06-02,0.0
VH,Gimenells,2026-06-02,0.0
VK,Raimat,2026-06-02,0.0
VM,Vilanova de Segrià,2026-06-02,0.0
VO,Lladurs,2026-06-02,0.0
VP,Pinós,2026-06-02,0.0
VQ,Constantí,2026-06-02,0.0
VS,Lac Redon (2.245 m),2026-06-02,4.0
VU,Rellinars,2026-06-02,0.1
VV,Sant Llorenç Savall,2026-06-02,0.0
VX,Tagamanent - PN del Montseny,2026-06-02,0.0
VY,Nulles,2026-06-02,0.0
VZ,Espolla,2026-06-02,0.0
W1,Castelló d'Empúries,2026-06-02,0.0
W4,Vilafranca del Penedès - la Granada,2026-06-02,0.0
W5,Oliana,2026-06-02,0.0
W8,Blancafort,2026-06-02,0.0
W9,la Vall d'en Bas,2026-06-02,22.3
WA,Oliola,2026-06-02,0.0
WB,Albesa,2026-06-02,0.0
WC,Golmés,2026-06-02,0.0
WG,Algerri,2026-06-02,0.0
WI,Maials,2026-06-02,0.0
WJ,el Masroig,2026-06-02,0.0
WK,Alfarràs,2026-06-02,0.0
WL,Sant Martí de Riucorb,2026-06-02,0.0
WM,Santuari de Queralt,2026-06-02,0.1
WN,Montserrat - Sant Dimes,2026-06-02,0.0
WO,la Bisbal del Penedès,2026-06-02,0.0
WP,Canaletes,2026-06-02,0.0
WQ,Montsec d'Ares (1.571 m),2026-06-02,0.0
WR,Torroja del Priorat,2026-06-02,0.0
WS,Viladrau,2026-06-02,1.1
WT,Malgrat de Mar,2026-06-02,0.1
WU,Badalona - Museu,2026-06-02,0.0
WV,Guardiola de Berguedà,2026-06-02,6.4
WW,Artés,2026-06-02,0.0
WX,Camarasa,2026-06-02,0.0
WZ,Cunit,2026-06-02,0.0
X1,Falset,2026-06-02,0.0
X3,Alguaire,2026-06-02,0.0
X4,Barcelona - el Raval,2026-06-02,0.5
X5,PN dels Ports,2026-06-02,0.0
X6,Baldomar,2026-06-02,0.0
X7,Torres de Segre,2026-06-02,0.0
X8,Barcelona - Zona Universitària,2026-06-02,0.2
X9,Caldes de Montbui,2026-06-02,0.0
XA,la Panadella,2026-06-02,0.0
XB,la Llacuna,2026-06-02,0.0
XC,Castellbisbal,2026-06-02,0.0
XD,Ulldemolins,2026-06-02,0.0
XE,Tarragona - Complex Educatiu,2026-06-02,0.0
XF,Sabadell - Parc Agrari,2026-06-02,0.0
XG,Parets del Vallès,2026-06-02,0.0
XH,Sort,2026-06-02,0.0
XI,Mollerussa,2026-06-02,0.0
XJ,Girona,2026-06-02,0.0
XK,Puig Sesolles (1.666 m),2026-06-02,0.0
XL,el Prat de Llobregat,2026-06-02,0.0
XM,els Alamús,2026-06-02,0.0
XN,Seròs,2026-06-02,0.0
XO,Vic,2026-06-02,2.0
XP,Gandesa,2026-06-02,0.0
XQ,Tremp,2026-06-02,0.0
XR,Prades,2026-06-02,0.0
XS,Santa Coloma de Farners,2026-06-02,4.1
XT,Solsona,2026-06-02,0.0
XU,Canyelles,2026-06-02,0.0
XV,Sant Cugat del Vallès - CAR,2026-06-02,0.0
XX,Anglesola - Tornabous,2026-06-02,0.0
XY,Alcarràs,2026-06-02,0.0
XZ,Torroella de Fluvià,2026-06-02,0.7
Y4,Alinyà,2026-06-02,0.1
Y5,Navata,2026-06-02,2.0
Y6,Tivissa,2026-06-02,0.0
YA,Puigcerdà,2026-06-02,0.1
YB,Olot,2026-06-02,30.9
YC,la Pobla de Segur,2026-06-02,0.0
YD,les Borges Blanques,2026-06-02,0.0
YE,Massoteres,2026-06-02,0.0
YF,Miami Platja,2026-06-02,0.0
YG,Tírvia,2026-06-02,0.0
YH,Pujalt,2026-06-02,0.0
YJ,Lleida - la Femosa,2026-06-02,0.0
YK,Terrassa,2026-06-02,0.0
YL,Riudecanyes,2026-06-02,0.0
YM,Granollers,2026-06-02,0.0
YN,Vielha - Elipòrt,2026-06-02,0.0
YO,Sant Sadurní d'Anoia,2026-06-02,0.1
YP,Palafrugell,2026-06-02,0.0
YQ,Port de Barcelona - ZAL Prat,2026-06-02,0.1
YR,Vilanova i la Geltrú,2026-06-02,0.0
YS,Cabanes,2026-06-02,2.5
YT,Bonabé (1.691 m),2026-06-02,0.0
YU,Cantonigròs,2026-06-02,7.7
YV,Mataró,2026-06-02,0.0
YX,Batea,2026-06-02,0.0
YY,Viladecans - les Filipines,2026-06-02,0.0
Z1,Bonaigua (2.262 m),2026-06-02,3.3
Z2,Boí (2.537 m),2026-06-02,0.0
Z3,Malniu (2.229 m),2026-06-02,0.3
Z5,Certascan (2.398 m),2026-06-02,0.0
Z6,Sasseuva (2.226 m),2026-06-02,0.3
Z7,Espot (2.519 m),2026-06-02,0.0
Z9,Cadí Nord (2.145 m) - Prat d'Aguiló,2026-06-02,1.9
ZB,Salòria (2.451 m),2026-06-02,0.3
ZC,Ulldeter (2.413 m),2026-06-02,0.0
ZE,el Port del Comte (2.288 m),2026-06-02,5.4
C6,Castellnou de Seana,2026-06-03,0.0
C7,Tàrrega,2026-06-03,0.0
C8,Cervera,2026-06-03,0.0
C9,Mas de Barberans,2026-06-03,0.0
CC,Orís,2026-06-03,0.0
CD,la Seu d'Urgell - Bellestar,2026-06-03,0.0
CE,els Hostalets de Pierola,2026-06-03,0.0
CG,Molló - Fabert,2026-06-03,0.0
CI,Sant Pau de Segúries,2026-06-03,0.0
CJ,Organyà,2026-06-03,0.0
CL,Sant Salvador de Guardiola,2026-06-03,0.0
CP,Sant Romà d'Abella,2026-06-03,0.0
CQ,Vilanova de Meià,2026-06-03,0.0
CR,la Quar,2026-06-03,0.0
CT,el Pont de Suert,2026-06-03,0.0
CW,l'Espluga de Francolí,2026-06-03,0.0
CY,Muntanyola,2026-06-03,0.0
D1,Margalef,2026-06-03,0.0
D2,Vacarisses,2026-06-03,0.1
D3,Vallirana,2026-06-03,0.0
D4,Roses,2026-06-03,0.0
D5,Barcelona - Observatori Fabra,2026-06-03,0.0
D6,Portbou - coll dels Belitres,2026-06-03,0.0
D7,Vinebre,2026-06-03,0.0
D8,Horta de Sant Joan,2026-06-03,0.0
D9,el Vendrell,2026-06-03,0.0
DB,el Perelló,2026-06-03,0.0
DF,la Bisbal d'Empordà,2026-06-03,0.0
DG,Núria (1.971 m),2026-06-03,0.0
DI,Font-rubí,2026-06-03,0.0
DJ,Banyoles,2026-06-03,0.0
DK,Torredembarra,2026-06-03,0.0
DL,Illa de Buda,2026-06-03,0.0
DN,Anglès,2026-06-03,0.0
DO,Castell d'Aro,2026-06-03,0.0
DP,Das - Aeròdrom,2026-06-03,0.0
DQ,Vila-rodona,2026-06-03,0.0
H1,Òdena,2026-06-03,0.0
J5,Pantà de Darnius - Boadella,2026-06-03,0.0
KE,Pantà de Sau,2026-06-03,0.0
KP,Fogars de la Selva,2026-06-03,0.0
KX,la Roca del Vallès - ETAP Cardedeu,2026-06-03,0.0
M6,Sant Joan de les Abadesses,2026-06-03,0.0
MQ,Cardona,2026-06-03,0.0
MR,Pantà de Siurana,2026-06-03,0.0
MS,Castellar de n'Hug - el Clot del Moro,2026-06-03,0.0
MV,Guixers - Valls,2026-06-03,0.0
MW,Navès,2026-06-03,0.0
U2,Sant Pere Pescador,2026-06-03,0.0
U3,Sant Martí Sarroca,2026-06-03,0.0
U4,Castellnou de Bages,2026-06-03,0.0
U6,Vinyols i els Arcs - Cambrils,2026-06-03,0.0
U7,Aldover,2026-06-03,0.0
U9,l'Aldea,2026-06-03,0.0
UA,l'Ametlla de Mar,2026-06-03,0.0
UB,la Tallada d'Empordà,2026-06-03,0.0
UE,Torroella de Montgrí,2026-06-03,0.0
UF,PN del Garraf - el Rascler,2026-06-03,0.0
UH,el Montmell,2026-06-03,0.0
UI,Gisclareny,2026-06-03,0.0
UJ,Santa Coloma de Queralt,2026-06-03,0.0
UK,Sant Pere de Ribes - PN del Garraf,2026-06-03,0.0
UM,la Granadella,2026-06-03,0.0
UN,Cassà de la Selva,2026-06-03,0.0
UO,Fornells de la Selva,2026-06-03,0.0
UP,Cabrils,2026-06-03,0.0
UQ,Dosrius - PN Montnegre Corredor,2026-06-03,0.4
US,les Cases d'Alcanar,2026-06-03,0.0
UU,Amposta,2026-06-03,0.0
UW,els Alfacs,2026-06-03,0.0
UX,Ulldecona - els Valentins,2026-06-03,0.0
UY,Os de Balaguer - el Monestir d'Avellanes,2026-06-03,0.0
V1,Vallfogona de Balaguer,2026-06-03,0.0
V4,Montesquiu,2026-06-03,0.0
V5,Perafita,2026-06-03,0.0
V8,el Poal,2026-06-03,0.0
VA,Ascó,2026-06-03,0.0
VB,Benissanet,2026-06-03,0.0
VC,Pantà de Riba-roja,2026-06-03,0.0
VD,el Canós,2026-06-03,0.0
VH,Gimenells,2026-06-03,0.0
VK,Raimat,2026-06-03,0.0
VM,Vilanova de Segrià,2026-06-03,0.0
VO,Lladurs,2026-06-03,0.0
VP,Pinós,2026-06-03,0.0
VQ,Constantí,2026-06-03,0.0
VS,Lac Redon (2.245 m),2026-06-03,0.0
VU,Rellinars,2026-06-03,0.0
VV,Sant Llorenç Savall,2026-06-03,0.0
VX,Tagamanent - PN del Montseny,2026-06-03,0.0
VY,Nulles,2026-06-03,0.0
VZ,Espolla,2026-06-03,0.0
W1,Castelló d'Empúries,2026-06-03,0.0
W4,Vilafranca del Penedès - la Granada,2026-06-03,0.0
W5,Oliana,2026-06-03,0.0
W8,Blancafort,2026-06-03,0.0
W9,la Vall d'en Bas,2026-06-03,0.1
WA,Oliola,2026-06-03,0.0
WB,Albesa,2026-06-03,0.0
WC,Golmés,2026-06-03,0.0
WG,Algerri,2026-06-03,0.0
WI,Maials,2026-06-03,0.0
WJ,el Masroig,2026-06-03,0.0
WK,Alfarràs,2026-06-03,0.0
WL,Sant Martí de Riucorb,2026-06-03,0.0
WM,Santuari de Queralt,2026-06-03,0.0
WN,Montserrat - Sant Dimes,2026-06-03,0.0
WO,la Bisbal del Penedès,2026-06-03,0.0
WP,Canaletes,2026-06-03,0.0
WQ,Montsec d'Ares (1.571 m),2026-06-03,0.0
WR,Torroja del Priorat,2026-06-03,0.0
WS,Viladrau,2026-06-03,0.0
WT,Malgrat de Mar,2026-06-03,0.6
WU,Badalona - Museu,2026-06-03,0.0
WV,Guardiola de Berguedà,2026-06-03,0.0
WW,Artés,2026-06-03,0.0
WX,Camarasa,2026-06-03,0.0
WZ,Cunit,2026-06-03,0.0
X1,Falset,2026-06-03,0.0
X3,Alguaire,2026-06-03,0.0
X4,Barcelona - el Raval,2026-06-03,0.0
X5,PN dels Ports,2026-06-03,0.0
X6,Baldomar,2026-06-03,0.0
X7,Torres de Segre,2026-06-03,0.0
X8,Barcelona - Zona Universitària,2026-06-03,0.0
X9,Caldes de Montbui,2026-06-03,0.8
XA,la Panadella,2026-06-03,0.0
XB,la Llacuna,2026-06-03,0.0
XC,Castellbisbal,2026-06-03,0.0
XD,Ulldemolins,2026-06-03,0.0
XE,Tarragona - Complex Educatiu,2026-06-03,0.0
XF,Sabadell - Parc Agrari,2026-06-03,0.4
XG,Parets del Vallès,2026-06-03,0.0
XH,Sort,2026-06-03,0.0
XI,Mollerussa,2026-06-03,0.0
XJ,Girona,2026-06-03,0.0
XK,Puig Sesolles (1.666 m),2026-06-03,0.1
XL,el Prat de Llobregat,2026-06-03,0.0
XM,els Alamús,2026-06-03,0.0
XN,Seròs,2026-06-03,0.0
XO,Vic,2026-06-03,0.0
XP,Gandesa,2026-06-03,0.0
XQ,Tremp,2026-06-03,0.0
XR,Prades,2026-06-03,0.0
XS,Santa Coloma de Farners,2026-06-03,0.0
XT,Solsona,2026-06-03,0.0
XU,Canyelles,2026-06-03,0.0
XV,Sant Cugat del Vallès - CAR,2026-06-03,0.0
XX,Anglesola - Tornabous,2026-06-03,0.0
XY,Alcarràs,2026-06-03,0.0
XZ,Torroella de Fluvià,2026-06-03,0.0
Y4,Alinyà,2026-06-03,0.0
Y5,Navata,2026-06-03,0.0
Y6,Tivissa,2026-06-03,0.0
YA,Puigcerdà,2026-06-03,0.0
YB,Olot,2026-06-03,0.0
YC,la Pobla de Segur,2026-06-03,0.0
YD,les Borges Blanques,2026-06-03,0.0
YE,Massoteres,2026-06-03,0.0
YF,Miami Platja,2026-06-03,0.0
YG,Tírvia,2026-06-03,0.0
YH,Pujalt,2026-06-03,0.0
YJ,Lleida - la Femosa,2026-06-03,0.0
YK,Terrassa,2026-06-03,0.1
YL,Riudecanyes,2026-06-03,0.0
YM,Granollers,2026-06-03,0.0
YN,Vielha - Elipòrt,2026-06-03,0.0
YO,Sant Sadurní d'Anoia,2026-06-03,0.0
YP,Palafrugell,2026-06-03,0.0
YQ,Port de Barcelona - ZAL Prat,2026-06-03,0.0
YR,Vilanova i la Geltrú,2026-06-03,0.0
YS,Cabanes,2026-06-03,0.0
YT,Bonabé (1.691 m),2026-06-03,0.0
YU,Cantonigròs,2026-06-03,0.0
YV,Mataró,2026-06-03,0.1
YX,Batea,2026-06-03,0.0
YY,Viladecans - les Filipines,2026-06-03,0.0
Z1,Bonaigua (2.262 m),2026-06-03,0.0
Z2,Boí (2.537 m),2026-06-03,0.0
Z3,Malniu (2.229 m),2026-06-03,0.0
Z5,Certascan (2.398 m),2026-06-03,0.0
Z6,Sasseuva (2.226 m),2026-06-03,0.0
Z7,Espot (2.519 m),2026-06-03,0.0
Z9,Cadí Nord (2.145 m) - Prat d'Aguiló,2026-06-03,0.0
ZB,Salòria (2.451 m),2026-06-03,0.0
ZC,Ulldeter (2.413 m),2026-06-03,0.0
ZE,el Port del Comte (2.288 m),2026-06-03,0.0
C6,Castellnou de Seana,2026-06-04,0.0
C7,Tàrrega,2026-06-04,0.0
C8,Cervera,2026-06-04,0.7
C9,Mas de Barberans,2026-06-04,0.0
CC,Orís,2026-06-04,67.1
CD,la Seu d'Urgell - Bellestar,2026-06-04,2.0
CE,els Hostalets de Pierola,2026-06-04,12.7
CG,Molló - Fabert,2026-06-04,37.1
CI,Sant Pau de Segúries,2026-06-04,75.4
CJ,Organyà,2026-06-04,8.7
CL,Sant Salvador de Guardiola,2026-06-04,4.1
CP,Sant Romà d'Abella,2026-06-04,2.8
CQ,Vilanova de Meià,2026-06-04,2.0
CR,la Quar,2026-06-04,58.3
CT,el Pont de Suert,2026-06-04,2.2
CW,l'Espluga de Francolí,2026-06-04,34.2
CY,Muntanyola,2026-06-04,25.8
D1,Margalef,2026-06-04,13.3
D2,Vacarisses,2026-06-04,17.8
D3,Vallirana,2026-06-04,13.8
D4,Roses,2026-06-04,15.9
D5,Barcelona - Observatori Fabra,2026-06-04,19.7
D6,Portbou - coll dels Belitres,2026-06-04,23.4
D7,Vinebre,2026-06-04,0.5
D8,Horta de Sant Joan,2026-06-04,0.0
D9,el Vendrell,2026-06-04,3.9
DB,el Perelló,2026-06-04,0.1
DF,la Bisbal d'Empordà,2026-06-04,10.6
DG,Núria (1.971 m),2026-06-04,23.4
DI,Font-rubí,2026-06-04,9.1
DJ,Banyoles,2026-06-04,31.6
DK,Torredembarra,2026-06-04,5.7
DL,Illa de Buda,2026-06-04,0.0
DN,Anglès,2026-06-04,17.0
DO,Castell d'Aro,2026-06-04,22.6
DP,Das - Aeròdrom,2026-06-04,4.7
DQ,Vila-rodona,2026-06-04,6.9
H1,Òdena,2026-06-04,7.2
J5,Pantà de Darnius - Boadella,2026-06-04,21.4
KE,Pantà de Sau,2026-06-04,29.7
KP,Fogars de la Selva,2026-06-04,30.2
KX,la Roca del Vallès - ETAP Cardedeu,2026-06-04,46.4
M6,Sant Joan de les Abadesses,2026-06-04,90.4
MQ,Cardona,2026-06-04,12.5
MR,Pantà de Siurana,2026-06-04,9.4
MS,Castellar de n'Hug - el Clot del Moro,2026-06-04,16.4
MV,Guixers - Valls,2026-06-04,26.8
MW,Navès,2026-06-04,6.6
U2,Sant Pere Pescador,2026-06-04,15.9
U3,Sant Martí Sarroca,2026-06-04,12.4
U4,Castellnou de Bages,2026-06-04,1.4
U6,Vinyols i els Arcs - Cambrils,2026-06-04,1.3
U7,Aldover,2026-06-04,0.5
U9,l'Aldea,2026-06-04,2.5
UA,l'Ametlla de Mar,2026-06-04,0.6
UB,la Tallada d'Empordà,2026-06-04,12.5
UE,Torroella de Montgrí,2026-06-04,11.4
UF,PN del Garraf - el Rascler,2026-06-04,13.8
UH,el Montmell,2026-06-04,10.8
UI,Gisclareny,2026-06-04,14.9
UJ,Santa Coloma de Queralt,2026-06-04,14.1
UK,Sant Pere de Ribes - PN del Garraf,2026-06-04,4.3
UM,la Granadella,2026-06-04,15.8
UN,Cassà de la Selva,2026-06-04,18.1
UO,Fornells de la Selva,2026-06-04,17.0
UP,Cabrils,2026-06-04,20.3
UQ,Dosrius - PN Montnegre Corredor,2026-06-04,22.0
US,les Cases d'Alcanar,2026-06-04,1.1
UU,Amposta,2026-06-04,0.0
UW,els Alfacs,2026-06-04,0.0
UX,Ulldecona - els Valentins,2026-06-04,0.9
UY,Os de Balaguer - el Monestir d'Avellanes,2026-06-04,0.8
V1,Vallfogona de Balaguer,2026-06-04,0.5
V4,Montesquiu,2026-06-04,89.7
V5,Perafita,2026-06-04,47.7
V8,el Poal,2026-06-04,0.0
VA,Ascó,2026-06-04,0.1
VB,Benissanet,2026-06-04,0.0
VC,Pantà de Riba-roja,2026-06-04,0.1
VD,el Canós,2026-06-04,0.2
VH,Gimenells,2026-06-04,0.2
VK,Raimat,2026-06-04,0.3
VM,Vilanova de Segrià,2026-06-04,0.0
VO,Lladurs,2026-06-04,5.6
VP,Pinós,2026-06-04,2.3
VQ,Constantí,2026-06-04,12.6
VS,Lac Redon (2.245 m),2026-06-04,15.1
VU,Rellinars,2026-06-04,11.9
VV,Sant Llorenç Savall,2026-06-04,19.1
VX,Tagamanent - PN del Montseny,2026-06-04,30.1
VY,Nulles,2026-06-04,11.9
VZ,Espolla,2026-06-04,18.1
W1,Castelló d'Empúries,2026-06-04,16.4
W4,Vilafranca del Penedès - la Granada,2026-06-04,6.0
W5,Oliana,2026-06-04,1.5
W8,Blancafort,2026-06-04,23.7
W9,la Vall d'en Bas,2026-06-04,56.9
WA,Oliola,2026-06-04,0.1
WB,Albesa,2026-06-04,0.0
WC,Golmés,2026-06-04,0.0
WG,Algerri,2026-06-04,0.0
WI,Maials,2026-06-04,0.0
WJ,el Masroig,2026-06-04,0.0
WK,Alfarràs,2026-06-04,0.2
WL,Sant Martí de Riucorb,2026-06-04,2.4
WM,Santuari de Queralt,2026-06-04,73.3
WN,Montserrat - Sant Dimes,2026-06-04,32.6
WO,la Bisbal del Penedès,2026-06-04,4.9
WP,Canaletes,2026-06-04,10.8
WQ,Montsec d'Ares (1.571 m),2026-06-04,1.5
WR,Torroja del Priorat,2026-06-04,20.5
WS,Viladrau,2026-06-04,18.0
WT,Malgrat de Mar,2026-06-04,27.1
WU,Badalona - Museu,2026-06-04,11.8
WV,Guardiola de Berguedà,2026-06-04,14.7
WW,Artés,2026-06-04,4.0
WX,Camarasa,2026-06-04,0.7
WZ,Cunit,2026-06-04,2.0
X1,Falset,2026-06-04,5.4
X3,Alguaire,2026-06-04,0.0
X4,Barcelona - el Raval,2026-06-04,9.8
X5,PN dels Ports,2026-06-04,0.2
X6,Baldomar,2026-06-04,1.7
X7,Torres de Segre,2026-06-04,0.0
X8,Barcelona - Zona Universitària,2026-06-04,12.6
X9,Caldes de Montbui,2026-06-04,23.8
XA,la Panadella,2026-06-04,8.1
XB,la Llacuna,2026-06-04,7.2
XC,Castellbisbal,2026-06-04,16.1
XD,Ulldemolins,2026-06-04,12.0
XE,Tarragona - Complex Educatiu,2026-06-04,0.9
XF,Sabadell - Parc Agrari,2026-06-04,19.1
XG,Parets del Vallès,2026-06-04,23.2
XH,Sort,2026-06-04,1.6
XI,Mollerussa,2026-06-04,0.0
XJ,Girona,2026-06-04,13.4
XK,Puig Sesolles (1.666 m),2026-06-04,36.4
XL,el Prat de Llobregat,2026-06-04,9.1
XM,els Alamús,2026-06-04,0.1
XN,Seròs,2026-06-04,0.0
XO,Vic,2026-06-04,31.6
XP,Gandesa,2026-06-04,0.0
XQ,Tremp,2026-06-04,0.9
XR,Prades,2026-06-04,16.5
XS,Santa Coloma de Farners,2026-06-04,20.0
XT,Solsona,2026-06-04,7.4
XU,Canyelles,2026-06-04,2.9
XV,Sant Cugat del Vallès - CAR,2026-06-04,22.4
XX,Anglesola - Tornabous,2026-06-04,0.0
XY,Alcarràs,2026-06-04,0.0
XZ,Torroella de Fluvià,2026-06-04,13.6
Y4,Alinyà,2026-06-04,4.1
Y5,Navata,2026-06-04,19.3
Y6,Tivissa,2026-06-04,2.3
YA,Puigcerdà,2026-06-04,2.9
YB,Olot,2026-06-04,48.5
YC,la Pobla de Segur,2026-06-04,1.0
YD,les Borges Blanques,2026-06-04,12.3
YE,Massoteres,2026-06-04,0.0
YF,Miami Platja,2026-06-04,1.8
YG,Tírvia,2026-06-04,5.6
YH,Pujalt,2026-06-04,0.1
YJ,Lleida - la Femosa,2026-06-04,0.0
YK,Terrassa,2026-06-04,16.3
YL,Riudecanyes,2026-06-04,4.6
YM,Granollers,2026-06-04,18.6
YN,Vielha - Elipòrt,2026-06-04,7.9
YO,Sant Sadurní d'Anoia,2026-06-04,9.7
YP,Palafrugell,2026-06-04,18.8
YQ,Port de Barcelona - ZAL Prat,2026-06-04,9.8
YR,Vilanova i la Geltrú,2026-06-04,4.2
YS,Cabanes,2026-06-04,11.7
YT,Bonabé (1.691 m),2026-06-04,6.8
YU,Cantonigròs,2026-06-04,45.1
YV,Mataró,2026-06-04,22.5
YX,Batea,2026-06-04,0.0
YY,Viladecans - les Filipines,2026-06-04,11.9
Z1,Bonaigua (2.262 m),2026-06-04,13.5
Z2,Boí (2.537 m),2026-06-04,2.5
Z3,Malniu (2.229 m),2026-06-04,6.0
Z5,Certascan (2.398 m),2026-06-04,7.4
Z6,Sasseuva (2.226 m),2026-06-04,9.9
Z7,Espot (2.519 m),2026-06-04,6.4
Z9,Cadí Nord (2.145 m) - Prat d'Aguiló,2026-06-04,12.0
ZB,Salòria (2.451 m),2026-06-04,3.0
ZC,Ulldeter (2.413 m),2026-06-04,21.8
ZE,el Port del Comte (2.288 m),2026-06-04,12.7
C6,Castellnou de Seana,2026-06-05,0.0
C7,Tàrrega,2026-06-05,0.0
C8,Cervera,2026-06-05,0.0
C9,Mas de Barberans,2026-06-05,2.2
CC,Orís,2026-06-05,0.1
CD,la Seu d'Urgell - Bellestar,2026-06-05,0.0
CE,els Hostalets de Pierola,2026-06-05,0.1
CG,Molló - Fabert,2026-06-05,3.0
CI,Sant Pau de Segúries,2026-06-05,2.9
CJ,Organyà,2026-06-05,0.0
CL,Sant Salvador de Guardiola,2026-06-05,0.0
CP,Sant Romà d'Abella,2026-06-05,0.0
CQ,Vilanova de Meià,2026-06-05,0.0
CR,la Quar,2026-06-05,0.0
CT,el Pont de Suert,2026-06-05,0.0
CW,l'Espluga de Francolí,2026-06-05,0.0
CY,Muntanyola,2026-06-05,0.1
D1,Margalef,2026-06-05,0.0
D2,Vacarisses,2026-06-05,0.3
D3,Vallirana,2026-06-05,0.1
D4,Roses,2026-06-05,0.0
D5,Barcelona - Observatori Fabra,2026-06-05,0.2
D6,Portbou - coll dels Belitres,2026-06-05,0.0
D7,Vinebre,2026-06-05,0.0
D8,Horta de Sant Joan,2026-06-05,0.0
D9,el Vendrell,2026-06-05,3.8
DB,el Perelló,2026-06-05,0.1
DF,la Bisbal d'Empordà,2026-06-05,0.0
DG,Núria (1.971 m),2026-06-05,0.0
DI,Font-rubí,2026-06-05,0.0
DJ,Banyoles,2026-06-05,0.5
DK,Torredembarra,2026-06-05,5.7
DL,Illa de Buda,2026-06-05,2.5
DN,Anglès,2026-06-05,0.7
DO,Castell d'Aro,2026-06-05,0.4
DP,Das - Aeròdrom,2026-06-05,0.0
DQ,Vila-rodona,2026-06-05,0.5
H1,Òdena,2026-06-05,0.0
J5,Pantà de Darnius - Boadella,2026-06-05,0.0
KE,Pantà de Sau,2026-06-05,0.0
KP,Fogars de la Selva,2026-06-05,1.0
KX,la Roca del Vallès - ETAP Cardedeu,2026-06-05,0.3
M6,Sant Joan de les Abadesses,2026-06-05,0.2
MQ,Cardona,2026-06-05,0.0
MR,Pantà de Siurana,2026-06-05,0.0
MS,Castellar de n'Hug - el Clot del Moro,2026-06-05,0.0
MV,Guixers - Valls,2026-06-05,0.0
MW,Navès,2026-06-05,0.0
U2,Sant Pere Pescador,2026-06-05,0.0
U3,Sant Martí Sarroca,2026-06-05,0.1
U4,Castellnou de Bages,2026-06-05,0.0
U6,Vinyols i els Arcs - Cambrils,2026-06-05,0.5
U7,Aldover,2026-06-05,0.1
U9,l'Aldea,2026-06-05,0.1
UA,l'Ametlla de Mar,2026-06-05,0.0
UB,la Tallada d'Empordà,2026-06-05,0.0
UE,Torroella de Montgrí,2026-06-05,0.0
UF,PN del Garraf - el Rascler,2026-06-05,0.4
UH,el Montmell,2026-06-05,0.0
UI,Gisclareny,2026-06-05,0.0
UJ,Santa Coloma de Queralt,2026-06-05,0.0
UK,Sant Pere de Ribes - PN del Garraf,2026-06-05,0.4
UM,la Granadella,2026-06-05,0.0
UN,Cassà de la Selva,2026-06-05,0.1
UO,Fornells de la Selva,2026-06-05,0.0
UP,Cabrils,2026-06-05,0.7
UQ,Dosrius - PN Montnegre Corredor,2026-06-05,0.2
US,les Cases d'Alcanar,2026-06-05,61.1
UU,Amposta,2026-06-05,5.2
UW,els Alfacs,2026-06-05,0.5
UX,Ulldecona - els Valentins,2026-06-05,0.0
UY,Os de Balaguer - el Monestir d'Avellanes,2026-06-05,0.0
V1,Vallfogona de Balaguer,2026-06-05,0.0
V4,Montesquiu,2026-06-05,0.1
V5,Perafita,2026-06-05,0.1
V8,el Poal,2026-06-05,0.0
VA,Ascó,2026-06-05,0.0
VB,Benissanet,2026-06-05,0.0
VC,Pantà de Riba-roja,2026-06-05,0.0
VD,el Canós,2026-06-05,0.0
VH,Gimenells,2026-06-05,0.0
VK,Raimat,2026-06-05,0.0
VM,Vilanova de Segrià,2026-06-05,0.0
VO,Lladurs,2026-06-05,0.0
VP,Pinós,2026-06-05,0.0
VQ,Constantí,2026-06-05,0.1
VS,Lac Redon (2.245 m),2026-06-05,0.6
VU,Rellinars,2026-06-05,0.2
VV,Sant Llorenç Savall,2026-06-05,0.1
VX,Tagamanent - PN del Montseny,2026-06-05,0.0
VY,Nulles,2026-06-05,0.6
VZ,Espolla,2026-06-05,0.0
W1,Castelló d'Empúries,2026-06-05,0.0
W4,Vilafranca del Penedès - la Granada,2026-06-05,0.1
W5,Oliana,2026-06-05,0.0
W8,Blancafort,2026-06-05,0.0
W9,la Vall d'en Bas,2026-06-05,0.7
WA,Oliola,2026-06-05,0.0
WB,Albesa,2026-06-05,0.0
WC,Golmés,2026-06-05,0.0
WG,Algerri,2026-06-05,0.0
WI,Maials,2026-06-05,0.0
WJ,el Masroig,2026-06-05,0.0
WK,Alfarràs,2026-06-05,0.0
WL,Sant Martí de Riucorb,2026-06-05,0.0
WM,Santuari de Queralt,2026-06-05,0.0
WN,Montserrat - Sant Dimes,2026-06-05,0.6
WO,la Bisbal del Penedès,2026-06-05,0.1
WP,Canaletes,2026-06-05,0.0
WQ,Montsec d'Ares (1.571 m),2026-06-05,0.0
WR,Torroja del Priorat,2026-06-05,0.0
WS,Viladrau,2026-06-05,0.0
WT,Malgrat de Mar,2026-06-05,0.8
WU,Badalona - Museu,2026-06-05,0.2
WV,Guardiola de Berguedà,2026-06-05,0.0
WW,Artés,2026-06-05,0.0
WX,Camarasa,2026-06-05,0.0
WZ,Cunit,2026-06-05,1.4
X1,Falset,2026-06-05,0.1
X3,Alguaire,2026-06-05,0.0
X4,Barcelona - el Raval,2026-06-05,0.7
X5,PN dels Ports,2026-06-05,0.3
X6,Baldomar,2026-06-05,0.0
X7,Torres de Segre,2026-06-05,0.0
X8,Barcelona - Zona Universitària,2026-06-05,0.1
X9,Caldes de Montbui,2026-06-05,0.2
XA,la Panadella,2026-06-05,0.0
XB,la Llacuna,2026-06-05,0.0
XC,Castellbisbal,2026-06-05,0.3
XD,Ulldemolins,2026-06-05,0.0
XE,Tarragona - Complex Educatiu,2026-06-05,0.0
XF,Sabadell - Parc Agrari,2026-06-05,0.1
XG,Parets del Vallès,2026-06-05,0.2
XH,Sort,2026-06-05,0.0
XI,Mollerussa,2026-06-05,0.0
XJ,Girona,2026-06-05,0.0
XK,Puig Sesolles (1.666 m),2026-06-05,1.0
XL,el Prat de Llobregat,2026-06-05,0.5
XM,els Alamús,2026-06-05,0.0
XN,Seròs,2026-06-05,0.0
XO,Vic,2026-06-05,0.0
XP,Gandesa,2026-06-05,0.0
XQ,Tremp,2026-06-05,0.0
XR,Prades,2026-06-05,0.0
XS,Santa Coloma de Farners,2026-06-05,0.0
XT,Solsona,2026-06-05,0.0
XU,Canyelles,2026-06-05,0.6
XV,Sant Cugat del Vallès - CAR,2026-06-05,0.3
XX,Anglesola - Tornabous,2026-06-05,0.0
XY,Alcarràs,2026-06-05,0.0
XZ,Torroella de Fluvià,2026-06-05,0.0
Y4,Alinyà,2026-06-05,0.0
Y5,Navata,2026-06-05,0.1
Y6,Tivissa,2026-06-05,0.0
YA,Puigcerdà,2026-06-05,0.0
YB,Olot,2026-06-05,1.1
YC,la Pobla de Segur,2026-06-05,0.0
YD,les Borges Blanques,2026-06-05,0.0
YE,Massoteres,2026-06-05,0.0
YF,Miami Platja,2026-06-05,0.0
YG,Tírvia,2026-06-05,0.0
YH,Pujalt,2026-06-05,0.0
YJ,Lleida - la Femosa,2026-06-05,0.0
YK,Terrassa,2026-06-05,0.1
YL,Riudecanyes,2026-06-05,0.0
YM,Granollers,2026-06-05,0.1
YN,Vielha - Elipòrt,2026-06-05,0.0
YO,Sant Sadurní d'Anoia,2026-06-05,0.0
YP,Palafrugell,2026-06-05,0.6
YQ,Port de Barcelona - ZAL Prat,2026-06-05,0.7
YR,Vilanova i la Geltrú,2026-06-05,0.3
YS,Cabanes,2026-06-05,0.0
YT,Bonabé (1.691 m),2026-06-05,0.0
YU,Cantonigròs,2026-06-05,0.1
YV,Mataró,2026-06-05,0.5
YX,Batea,2026-06-05,0.0
YY,Viladecans - les Filipines,2026-06-05,0.2
Z1,Bonaigua (2.262 m),2026-06-05,0.9
Z2,Boí (2.537 m),2026-06-05,0.0
Z3,Malniu (2.229 m),2026-06-05,0.0
Z5,Certascan (2.398 m),2026-06-05,0.0
Z6,Sasseuva (2.226 m),2026-06-05,1.2
Z7,Espot (2.519 m),2026-06-05,0.0
Z9,Cadí Nord (2.145 m) - Prat d'Aguiló,2026-06-05,0.0
ZB,Salòria (2.451 m),2026-06-05,0.0
ZC,Ulldeter (2.413 m),2026-06-05,0.0
ZE,el Port del Comte (2.288 m),2026-06-05,0.0
C6,Castellnou de Seana,2026-06-06,0.0
C7,Tàrrega,2026-06-06,0.0
C8,Cervera,2026-06-06,0.0
C9,Mas de Barberans,2026-06-06,0.0
CC,Orís,2026-06-06,0.0
CD,la Seu d'Urgell - Bellestar,2026-06-06,0.0
CE,els Hostalets de Pierola,2026-06-06,0.0
CG,Molló - Fabert,2026-06-06,0.0
CI,Sant Pau de Segúries,2026-06-06,0.0
CJ,Organyà,2026-06-06,0.0
CL,Sant Salvador de Guardiola,2026-06-06,0.0
CP,Sant Romà d'Abella,2026-06-06,0.0
CQ,Vilanova de Meià,2026-06-06,0.0
CR,la Quar,2026-06-06,0.0
CT,el Pont de Suert,2026-06-06,0.0
CW,l'Espluga de Francolí,2026-06-06,0.0
CY,Muntanyola,2026-06-06,0.0
D1,Margalef,2026-06-06,0.0
D2,Vacarisses,2026-06-06,0.0
D3,Vallirana,2026-06-06,0.0
D4,Roses,2026-06-06,0.0
D5,Barcelona - Observatori Fabra,2026-06-06,0.0
D6,Portbou - coll dels Belitres,2026-06-06,0.0
D7,Vinebre,2026-06-06,0.0
D8,Horta de Sant Joan,2026-06-06,0.4
D9,el Vendrell,2026-06-06,0.1
DB,el Perelló,2026-06-06,0.2
DF,la Bisbal d'Empordà,2026-06-06,0.0
DG,Núria (1.971 m),2026-06-06,0.0
DI,Font-rubí,2026-06-06,0.0
DJ,Banyoles,2026-06-06,0.0
DK,Torredembarra,2026-06-06,0.6
DL,Illa de Buda,2026-06-06,0.0
DN,Anglès,2026-06-06,0.0
DO,Castell d'Aro,2026-06-06,0.0
DP,Das - Aeròdrom,2026-06-06,0.0
DQ,Vila-rodona,2026-06-06,0.0
H1,Òdena,2026-06-06,0.0
J5,Pantà de Darnius - Boadella,2026-06-06,0.0
KE,Pantà de Sau,2026-06-06,0.0
KP,Fogars de la Selva,2026-06-06,0.0
KX,la Roca del Vallès - ETAP Cardedeu,2026-06-06,0.0
M6,Sant Joan de les Abadesses,2026-06-06,0.0
MQ,Cardona,2026-06-06,0.0
MR,Pantà de Siurana,2026-06-06,0.0
MS,Castellar de n'Hug - el Clot del Moro,2026-06-06,0.0
MV,Guixers - Valls,2026-06-06,0.0
MW,Navès,2026-06-06,0.0
U2,Sant Pere Pescador,2026-06-06,0.0
U3,Sant Martí Sarroca,2026-06-06,0.0
U4,Castellnou de Bages,2026-06-06,0.0
U6,Vinyols i els Arcs - Cambrils,2026-06-06,0.5
U7,Aldover,2026-06-06,0.0
U9,l'Aldea,2026-06-06,0.0
UA,l'Ametlla de Mar,2026-06-06,0.0
UB,la Tallada d'Empordà,2026-06-06,0.0
UE,Torroella de Montgrí,2026-06-06,0.0
UF,PN del Garraf - el Rascler,2026-06-06,0.0
UH,el Montmell,2026-06-06,0.0
UI,Gisclareny,2026-06-06,0.0
UJ,Santa Coloma de Queralt,2026-06-06,0.0
UK,Sant Pere de Ribes - PN del Garraf,2026-06-06,0.0
UM,la Granadella,2026-06-06,0.0
UN,Cassà de la Selva,2026-06-06,0.0
UO,Fornells de la Selva,2026-06-06,0.0
UP,Cabrils,2026-06-06,0.0
UQ,Dosrius - PN Montnegre Corredor,2026-06-06,0.0
US,les Cases d'Alcanar,2026-06-06,0.0
UU,Amposta,2026-06-06,0.0
UW,els Alfacs,2026-06-06,0.0
UX,Ulldecona - els Valentins,2026-06-06,0.0
UY,Os de Balaguer - el Monestir d'Avellanes,2026-06-06,0.0
V1,Vallfogona de Balaguer,2026-06-06,0.0
V4,Montesquiu,2026-06-06,0.8
V5,Perafita,2026-06-06,0.0
V8,el Poal,2026-06-06,0.0
VA,Ascó,2026-06-06,0.0
VB,Benissanet,2026-06-06,0.4
VC,Pantà de Riba-roja,2026-06-06,0.0
VD,el Canós,2026-06-06,0.0
VH,Gimenells,2026-06-06,0.0
VK,Raimat,2026-06-06,0.0
VM,Vilanova de Segrià,2026-06-06,0.0
VO,Lladurs,2026-06-06,0.0
VP,Pinós,2026-06-06,0.0
VQ,Constantí,2026-06-06,0.7
VS,Lac Redon (2.245 m),2026-06-06,0.0
VU,Rellinars,2026-06-06,0.0
VV,Sant Llorenç Savall,2026-06-06,0.0
VX,Tagamanent - PN del Montseny,2026-06-06,0.0
VY,Nulles,2026-06-06,0.1
VZ,Espolla,2026-06-06,0.0
W1,Castelló d'Empúries,2026-06-06,0.0
W4,Vilafranca del Penedès - la Granada,2026-06-06,0.0
W5,Oliana,2026-06-06,0.0
W8,Blancafort,2026-06-06,0.0
W9,la Vall d'en Bas,2026-06-06,0.0
WA,Oliola,2026-06-06,0.0
WB,Albesa,2026-06-06,0.0
WC,Golmés,2026-06-06,0.0
WG,Algerri,2026-06-06,0.0
WI,Maials,2026-06-06,0.0
WJ,el Masroig,2026-06-06,0.1
WK,Alfarràs,2026-06-06,0.0
WL,Sant Martí de Riucorb,2026-06-06,0.0
WM,Santuari de Queralt,2026-06-06,0.0
WN,Montserrat - Sant Dimes,2026-06-06,0.0
WO,la Bisbal del Penedès,2026-06-06,0.1
WP,Canaletes,2026-06-06,0.0
WQ,Montsec d'Ares (1.571 m),2026-06-06,0.0
WR,Torroja del Priorat,2026-06-06,0.0
WS,Viladrau,2026-06-06,0.0
WT,Malgrat de Mar,2026-06-06,0.0
WU,Badalona - Museu,2026-06-06,0.0
WV,Guardiola de Berguedà,2026-06-06,0.0
WW,Artés,2026-06-06,0.0
WX,Camarasa,2026-06-06,0.0
WZ,Cunit,2026-06-06,0.0
X1,Falset,2026-06-06,0.4
X3,Alguaire,2026-06-06,0.0
X4,Barcelona - el Raval,2026-06-06,0.0
X5,PN dels Ports,2026-06-06,0.0
X6,Baldomar,2026-06-06,0.0
X7,Torres de Segre,2026-06-06,0.0
X8,Barcelona - Zona Universitària,2026-06-06,0.0
X9,Caldes de Montbui,2026-06-06,0.0
XA,la Panadella,2026-06-06,0.0
XB,la Llacuna,2026-06-06,0.0
XC,Castellbisbal,2026-06-06,0.0
XD,Ulldemolins,2026-06-06,0.0
XE,Tarragona - Complex Educatiu,2026-06-06,1.3
XF,Sabadell - Parc Agrari,2026-06-06,0.0
XG,Parets del Vallès,2026-06-06,0.0
XH,Sort,2026-06-06,0.0
XI,Mollerussa,2026-06-06,0.0
XJ,Girona,2026-06-06,0.0
XK,Puig Sesolles (1.666 m),2026-06-06,0.1
XL,el Prat de Llobregat,2026-06-06,0.0
XM,els Alamús,2026-06-06,0.0
XN,Seròs,2026-06-06,0.0
XO,Vic,2026-06-06,0.0
XP,Gandesa,2026-06-06,0.0
XQ,Tremp,2026-06-06,0.0
XR,Prades,2026-06-06,0.0
XS,Santa Coloma de Farners,2026-06-06,0.0
XT,Solsona,2026-06-06,0.0
XU,Canyelles,2026-06-06,0.0
XV,Sant Cugat del Vallès - CAR,2026-06-06,0.0
XX,Anglesola - Tornabous,2026-06-06,0.0
XY,Alcarràs,2026-06-06,0.0
XZ,Torroella de Fluvià,2026-06-06,0.0
Y4,Alinyà,2026-06-06,0.0
Y5,Navata,2026-06-06,0.0
Y6,Tivissa,2026-06-06,0.3
YA,Puigcerdà,2026-06-06,0.0
YB,Olot,2026-06-06,0.0
YC,la Pobla de Segur,2026-06-06,0.0
YD,les Borges Blanques,2026-06-06,0.0
YE,Massoteres,2026-06-06,0.0
YF,Miami Platja,2026-06-06,1.6
YG,Tírvia,2026-06-06,0.0
YH,Pujalt,2026-06-06,0.0
YJ,Lleida - la Femosa,2026-06-06,0.0
YK,Terrassa,2026-06-06,0.0
YL,Riudecanyes,2026-06-06,1.1
YM,Granollers,2026-06-06,0.0
YN,Vielha - Elipòrt,2026-06-06,0.0
YO,Sant Sadurní d'Anoia,2026-06-06,0.0
YP,Palafrugell,2026-06-06,0.0
YQ,Port de Barcelona - ZAL Prat,2026-06-06,0.0
YR,Vilanova i la Geltrú,2026-06-06,0.0
YS,Cabanes,2026-06-06,0.0
YT,Bonabé (1.691 m),2026-06-06,0.0
YU,Cantonigròs,2026-06-06,0.0
YV,Mataró,2026-06-06,0.0
YX,Batea,2026-06-06,0.7
YY,Viladecans - les Filipines,2026-06-06,0.0
Z1,Bonaigua (2.262 m),2026-06-06,0.0
Z2,Boí (2.537 m),2026-06-06,0.0
Z3,Malniu (2.229 m),2026-06-06,0.0
Z5,Certascan (2.398 m),2026-06-06,0.0
Z6,Sasseuva (2.226 m),2026-06-06,0.0
Z7,Espot (2.519 m),2026-06-06,0.0
Z9,Cadí Nord (2.145 m) - Prat d'Aguiló,2026-06-06,0.0
ZB,Salòria (2.451 m),2026-06-06,0.0
ZC,Ulldeter (2.413 m),2026-06-06,0.0
ZE,el Port del Comte (2.288 m),2026-06-06,0.0
C6,Castellnou de Seana,2026-06-07,0.0
C7,Tàrrega,2026-06-07,0.0
C8,Cervera,2026-06-07,0.0
C9,Mas de Barberans,2026-06-07,0.0
CC,Orís,2026-06-07,0.0
CD,la Seu d'Urgell - Bellestar,2026-06-07,0.0
CE,els Hostalets de Pierola,2026-06-07,0.0
CG,Molló - Fabert,2026-06-07,0.0
CI,Sant Pau de Segúries,2026-06-07,0.0
CJ,Organyà,2026-06-07,0.0
CL,Sant Salvador de Guardiola,2026-06-07,0.0
CP,Sant Romà d'Abella,2026-06-07,0.0
CQ,Vilanova de Meià,2026-06-07,0.0
CR,la Quar,2026-06-07,0.0
CT,el Pont de Suert,2026-06-07,0.0
CW,l'Espluga de Francolí,2026-06-07,0.0
CY,Muntanyola,2026-06-07,0.0
D1,Margalef,2026-06-07,0.0
D2,Vacarisses,2026-06-07,0.0
D3,Vallirana,2026-06-07,0.0
D4,Roses,2026-06-07,0.0
D5,Barcelona - Observatori Fabra,2026-06-07,0.0
D6,Portbou - coll dels Belitres,2026-06-07,0.0
D7,Vinebre,2026-06-07,0.0
D8,Horta de Sant Joan,2026-06-07,0.0
D9,el Vendrell,2026-06-07,0.0
DB,el Perelló,2026-06-07,0.0
DF,la Bisbal d'Empordà,2026-06-07,0.0
DG,Núria (1.971 m),2026-06-07,0.0
DI,Font-rubí,2026-06-07,0.0
DJ,Banyoles,2026-06-07,0.0
DK,Torredembarra,2026-06-07,0.0
DL,Illa de Buda,2026-06-07,0.0
DN,Anglès,2026-06-07,0.0
DO,Castell d'Aro,2026-06-07,0.0
DP,Das - Aeròdrom,2026-06-07,0.0
DQ,Vila-rodona,2026-06-07,0.0
H1,Òdena,2026-06-07,0.0
J5,Pantà de Darnius - Boadella,2026-06-07,0.0
KE,Pantà de Sau,2026-06-07,0.0
KP,Fogars de la Selva,2026-06-07,0.0
KX,la Roca del Vallès - ETAP Cardedeu,2026-06-07,0.0
M6,Sant Joan de les Abadesses,2026-06-07,0.0
MQ,Cardona,2026-06-07,0.0
MR,Pantà de Siurana,2026-06-07,0.0
MS,Castellar de n'Hug - el Clot del Moro,2026-06-07,0.0
MV,Guixers - Valls,2026-06-07,0.0
MW,Navès,2026-06-07,0.0
U2,Sant Pere Pescador,2026-06-07,0.0
U3,Sant Martí Sarroca,2026-06-07,0.0
U4,Castellnou de Bages,2026-06-07,0.0
U6,Vinyols i els Arcs - Cambrils,2026-06-07,0.0
U7,Aldover,2026-06-07,0.0
U9,l'Aldea,2026-06-07,0.0
UA,l'Ametlla de Mar,2026-06-07,0.0
UB,la Tallada d'Empordà,2026-06-07,0.0
UE,Torroella de Montgrí,2026-06-07,0.0
UF,PN del Garraf - el Rascler,2026-06-07,0.0
UH,el Montmell,2026-06-07,0.1
UI,Gisclareny,2026-06-07,0.0
UJ,Santa Coloma de Queralt,2026-06-07,0.0
UK,Sant Pere de Ribes - PN del Garraf,2026-06-07,0.0
UM,la Granadella,2026-06-07,0.0
UN,Cassà de la Selva,2026-06-07,0.0
UO,Fornells de la Selva,2026-06-07,0.0
UP,Cabrils,2026-06-07,0.0
UQ,Dosrius - PN Montnegre Corredor,2026-06-07,0.0
US,les Cases d'Alcanar,2026-06-07,0.0
UU,Amposta,2026-06-07,0.0
UW,els Alfacs,2026-06-07,0.0
UX,Ulldecona - els Valentins,2026-06-07,0.0
UY,Os de Balaguer - el Monestir d'Avellanes,2026-06-07,0.0
V1,Vallfogona de Balaguer,2026-06-07,0.0
V4,Montesquiu,2026-06-07,0.0
V5,Perafita,2026-06-07,0.0
V8,el Poal,2026-06-07,0.0
VA,Ascó,2026-06-07,0.0
VB,Benissanet,2026-06-07,0.0
VC,Pantà de Riba-roja,2026-06-07,0.0
VD,el Canós,2026-06-07,0.0
VH,Gimenells,2026-06-07,0.0
VK,Raimat,2026-06-07,0.0
VM,Vilanova de Segrià,2026-06-07,0.0
VO,Lladurs,2026-06-07,0.0
VP,Pinós,2026-06-07,0.0
VQ,Constantí,2026-06-07,0.0
VS,Lac Redon (2.245 m),2026-06-07,0.0
VU,Rellinars,2026-06-07,0.0
VV,Sant Llorenç Savall,2026-06-07,0.0
VX,Tagamanent - PN del Montseny,2026-06-07,0.0
VY,Nulles,2026-06-07,0.0
VZ,Espolla,2026-06-07,0.0
W1,Castelló d'Empúries,2026-06-07,0.0
W4,Vilafranca del Penedès - la Granada,2026-06-07,0.0
W5,Oliana,2026-06-07,0.0
W8,Blancafort,2026-06-07,0.0
W9,la Vall d'en Bas,2026-06-07,0.0
WA,Oliola,2026-06-07,0.0
WB,Albesa,2026-06-07,0.0
WC,Golmés,2026-06-07,0.0
WG,Algerri,2026-06-07,0.0
WI,Maials,2026-06-07,0.0
WJ,el Masroig,2026-06-07,0.0
WK,Alfarràs,2026-06-07,0.0
WL,Sant Martí de Riucorb,2026-06-07,0.0
WM,Santuari de Queralt,2026-06-07,0.0
WN,Montserrat - Sant Dimes,2026-06-07,0.0
WO,la Bisbal del Penedès,2026-06-07,0.0
WP,Canaletes,2026-06-07,0.0
WQ,Montsec d'Ares (1.571 m),2026-06-07,0.0
WR,Torroja del Priorat,2026-06-07,0.0
WS,Viladrau,2026-06-07,0.0
WT,Malgrat de Mar,2026-06-07,0.0
WU,Badalona - Museu,2026-06-07,0.0
WV,Guardiola de Berguedà,2026-06-07,0.0
WW,Artés,2026-06-07,0.0
WX,Camarasa,2026-06-07,0.0
WZ,Cunit,2026-06-07,0.0
X1,Falset,2026-06-07,0.0
X3,Alguaire,2026-06-07,0.0
X4,Barcelona - el Raval,2026-06-07,0.0
X5,PN dels Ports,2026-06-07,0.0
X6,Baldomar,2026-06-07,0.0
X7,Torres de Segre,2026-06-07,0.0
X8,Barcelona - Zona Universitària,2026-06-07,0.0
X9,Caldes de Montbui,2026-06-07,0.0
XA,la Panadella,2026-06-07,0.0
XB,la Llacuna,2026-06-07,0.0
XC,Castellbisbal,2026-06-07,0.0
XD,Ulldemolins,2026-06-07,0.0
XE,Tarragona - Complex Educatiu,2026-06-07,0.0
XF,Sabadell - Parc Agrari,2026-06-07,0.0
XG,Parets del Vallès,2026-06-07,0.0
XH,Sort,2026-06-07,0.0
XI,Mollerussa,2026-06-07,0.0
XJ,Girona,2026-06-07,0.0
XK,Puig Sesolles (1.666 m),2026-06-07,0.0
XL,el Prat de Llobregat,2026-06-07,0.1
XM,els Alamús,2026-06-07,0.0
XN,Seròs,2026-06-07,0.0
XO,Vic,2026-06-07,0.0
XP,Gandesa,2026-06-07,0.0
XQ,Tremp,2026-06-07,0.0
XR,Prades,2026-06-07,0.0
XS,Santa Coloma de Farners,2026-06-07,0.0
XT,Solsona,2026-06-07,0.0
XU,Canyelles,2026-06-07,0.0
XV,Sant Cugat del Vallès - CAR,2026-06-07,0.0
XX,Anglesola - Tornabous,2026-06-07,0.0
XY,Alcarràs,2026-06-07,0.0
XZ,Torroella de Fluvià,2026-06-07,0.0
Y4,Alinyà,2026-06-07,0.0
Y5,Navata,2026-06-07,0.0
Y6,Tivissa,2026-06-07,0.0
YA,Puigcerdà,2026-06-07,0.0
YB,Olot,2026-06-07,0.0
YC,la Pobla de Segur,2026-06-07,0.0
YD,les Borges Blanques,2026-06-07,0.0
YE,Massoteres,2026-06-07,0.0
YF,Miami Platja,2026-06-07,0.0
YG,Tírvia,2026-06-07,0.0
YH,Pujalt,2026-06-07,0.0
YJ,Lleida - la Femosa,2026-06-07,0.0
YK,Terrassa,2026-06-07,0.0
YL,Riudecanyes,2026-06-07,0.0
YM,Granollers,2026-06-07,0.0
YN,Vielha - Elipòrt,2026-06-07,0.0
YO,Sant Sadurní d'Anoia,2026-06-07,0.0
YP,Palafrugell,2026-06-07,0.0
YQ,Port de Barcelona - ZAL Prat,2026-06-07,0.0
YR,Vilanova i la Geltrú,2026-06-07,0.0
YS,Cabanes,2026-06-07,0.0
YT,Bonabé (1.691 m),2026-06-07,0.0
YU,Cantonigròs,2026-06-07,0.0
YV,Mataró,2026-06-07,0.0
YX,Batea,2026-06-07,0.0
YY,Viladecans - les Filipines,2026-06-07,0.0
Z1,Bonaigua (2.262 m),2026-06-07,0.0
Z2,Boí (2.537 m),2026-06-07,0.0
Z3,Malniu (2.229 m),2026-06-07,0.0
Z5,Certascan (2.398 m),2026-06-07,0.0
Z6,Sasseuva (2.226 m),2026-06-07,0.0
Z7,Espot (2.519 m),2026-06-07,0.0
Z9,Cadí Nord (2.145 m) - Prat d'Aguiló,2026-06-07,0.0
ZB,Salòria (2.451 m),2026-06-07,0.0
ZC,Ulldeter (2.413 m),2026-06-07,0.0
ZE,el Port del Comte (2.288 m),2026-06-07,0.0
C6,Castellnou de Seana,2026-06-08,0.0
C7,Tàrrega,2026-06-08,0.0
C8,Cervera,2026-06-08,0.0
C9,Mas de Barberans,2026-06-08,0.0
CC,Orís,2026-06-08,0.0
CD,la Seu d'Urgell - Bellestar,2026-06-08,1.8
CE,els Hostalets de Pierola,2026-06-08,0.0
CG,Molló - Fabert,2026-06-08,19.2
CI,Sant Pau de Segúries,2026-06-08,0.0
CJ,Organyà,2026-06-08,0.7
CL,Sant Salvador de Guardiola,2026-06-08,0.0
CP,Sant Romà d'Abella,2026-06-08,0.0
CQ,Vilanova de Meià,2026-06-08,0.0
CR,la Quar,2026-06-08,0.0
CT,el Pont de Suert,2026-06-08,0.9
CW,l'Espluga de Francolí,2026-06-08,0.1
CY,Muntanyola,2026-06-08,0.0
D1,Margalef,2026-06-08,0.0
D2,Vacarisses,2026-06-08,0.0
D3,Vallirana,2026-06-08,0.0
D4,Roses,2026-06-08,0.0
D5,Barcelona - Observatori Fabra,2026-06-08,0.0
D6,Portbou - coll dels Belitres,2026-06-08,0.0
D7,Vinebre,2026-06-08,0.0
D8,Horta de Sant Joan,2026-06-08,0.0
D9,el Vendrell,2026-06-08,0.0
DB,el Perelló,2026-06-08,0.0
DF,la Bisbal d'Empordà,2026-06-08,0.0
DG,Núria (1.971 m),2026-06-08,10.6
DI,Font-rubí,2026-06-08,0.7
DJ,Banyoles,2026-06-08,0.0
DK,Torredembarra,2026-06-08,0.0
DL,Illa de Buda,2026-06-08,0.0
DN,Anglès,2026-06-08,0.0
DO,Castell d'Aro,2026-06-08,0.0
DP,Das - Aeròdrom,2026-06-08,0.7
DQ,Vila-rodona,2026-06-08,0.0
H1,Òdena,2026-06-08,0.0
J5,Pantà de Darnius - Boadella,2026-06-08,0.4
KE,Pantà de Sau,2026-06-08,0.0
KP,Fogars de la Selva,2026-06-08,0.0
KX,la Roca del Vallès - ETAP Cardedeu,2026-06-08,0.0
M6,Sant Joan de les Abadesses,2026-06-08,0.0
MQ,Cardona,2026-06-08,0.0
MR,Pantà de Siurana,2026-06-08,0.0
MS,Castellar de n'Hug - el Clot del Moro,2026-06-08,0.0
MV,Guixers - Valls,2026-06-08,0.0
MW,Navès,2026-06-08,0.0
U2,Sant Pere Pescador,2026-06-08,0.0
U3,Sant Martí Sarroca,2026-06-08,0.3
U4,Castellnou de Bages,2026-06-08,0.0
U6,Vinyols i els Arcs - Cambrils,2026-06-08,0.0
U7,Aldover,2026-06-08,0.0
U9,l'Aldea,2026-06-08,0.0
UA,l'Ametlla de Mar,2026-06-08,0.0
UB,la Tallada d'Empordà,2026-06-08,0.0
UE,Torroella de Montgrí,2026-06-08,0.0
UF,PN del Garraf - el Rascler,2026-06-08,0.1
UH,el Montmell,2026-06-08,0.0
UI,Gisclareny,2026-06-08,0.0
UJ,Santa Coloma de Queralt,2026-06-08,0.4
UK,Sant Pere de Ribes - PN del Garraf,2026-06-08,0.0
UM,la Granadella,2026-06-08,0.0
UN,Cassà de la Selva,2026-06-08,0.0
UO,Fornells de la Selva,2026-06-08,0.0
UP,Cabrils,2026-06-08,0.0
UQ,Dosrius - PN Montnegre Corredor,2026-06-08,0.0
US,les Cases d'Alcanar,2026-06-08,0.0
UU,Amposta,2026-06-08,0.0
UW,els Alfacs,2026-06-08,0.0
UX,Ulldecona - els Valentins,2026-06-08,0.0
UY,Os de Balaguer - el Monestir d'Avellanes,2026-06-08,0.0
V1,Vallfogona de Balaguer,2026-06-08,0.0
V4,Montesquiu,2026-06-08,0.0
V5,Perafita,2026-06-08,0.0
V8,el Poal,2026-06-08,0.0
VA,Ascó,2026-06-08,0.0
VB,Benissanet,2026-06-08,0.0
VC,Pantà de Riba-roja,2026-06-08,0.0
VD,el Canós,2026-06-08,0.0
VH,Gimenells,2026-06-08,0.0
VK,Raimat,2026-06-08,0.0
VM,Vilanova de Segrià,2026-06-08,0.1
VO,Lladurs,2026-06-08,0.0
VP,Pinós,2026-06-08,0.0
VQ,Constantí,2026-06-08,0.0
VS,Lac Redon (2.245 m),2026-06-08,4.1
VU,Rellinars,2026-06-08,0.0
VV,Sant Llorenç Savall,2026-06-08,0.0
VX,Tagamanent - PN del Montseny,2026-06-08,0.0
VY,Nulles,2026-06-08,0.0
VZ,Espolla,2026-06-08,0.6
W1,Castelló d'Empúries,2026-06-08,0.0
W4,Vilafranca del Penedès - la Granada,2026-06-08,0.0
W5,Oliana,2026-06-08,0.0
W8,Blancafort,2026-06-08,1.5
W9,la Vall d'en Bas,2026-06-08,0.0
WA,Oliola,2026-06-08,0.0
WB,Albesa,2026-06-08,0.0
WC,Golmés,2026-06-08,0.0
WG,Algerri,2026-06-08,0.0
WI,Maials,2026-06-08,0.0
WJ,el Masroig,2026-06-08,0.0
WK,Alfarràs,2026-06-08,0.0
WL,Sant Martí de Riucorb,2026-06-08,0.0
WM,Santuari de Queralt,2026-06-08,0.0
WN,Montserrat - Sant Dimes,2026-06-08,0.0
WO,la Bisbal del Penedès,2026-06-08,0.0
WP,Canaletes,2026-06-08,0.1
WQ,Montsec d'Ares (1.571 m),2026-06-08,0.0
WR,Torroja del Priorat,2026-06-08,0.0
WS,Viladrau,2026-06-08,0.0
WT,Malgrat de Mar,2026-06-08,0.0
WU,Badalona - Museu,2026-06-08,0.0
WV,Guardiola de Berguedà,2026-06-08,0.0
WW,Artés,2026-06-08,0.0
WX,Camarasa,2026-06-08,0.0
WZ,Cunit,2026-06-08,0.0
X1,Falset,2026-06-08,0.0
X3,Alguaire,2026-06-08,0.1
X4,Barcelona - el Raval,2026-06-08,0.0
X5,PN dels Ports,2026-06-08,0.0
X6,Baldomar,2026-06-08,0.0
X7,Torres de Segre,2026-06-08,5.5
X8,Barcelona - Zona Universitària,2026-06-08,0.0
X9,Caldes de Montbui,2026-06-08,0.0
XA,la Panadella,2026-06-08,0.1
XB,la Llacuna,2026-06-08,0.3
XC,Castellbisbal,2026-06-08,0.0
XD,Ulldemolins,2026-06-08,0.0
XE,Tarragona - Complex Educatiu,2026-06-08,0.0
XF,Sabadell - Parc Agrari,2026-06-08,0.0
XG,Parets del Vallès,2026-06-08,0.0
XH,Sort,2026-06-08,0.4
XI,Mollerussa,2026-06-08,0.0
XJ,Girona,2026-06-08,0.0
XK,Puig Sesolles (1.666 m),2026-06-08,0.0
XL,el Prat de Llobregat,2026-06-08,0.0
XM,els Alamús,2026-06-08,0.1
XN,Seròs,2026-06-08,0.0
XO,Vic,2026-06-08,0.0
XP,Gandesa,2026-06-08,0.0
XQ,Tremp,2026-06-08,0.0
XR,Prades,2026-06-08,0.0
XS,Santa Coloma de Farners,2026-06-08,0.0
XT,Solsona,2026-06-08,0.0
XU,Canyelles,2026-06-08,0.0
XV,Sant Cugat del Vallès - CAR,2026-06-08,0.0
XX,Anglesola - Tornabous,2026-06-08,0.0
XY,Alcarràs,2026-06-08,1.6
XZ,Torroella de Fluvià,2026-06-08,0.0
Y4,Alinyà,2026-06-08,1.2
Y5,Navata,2026-06-08,0.1
Y6,Tivissa,2026-06-08,0.0
YA,Puigcerdà,2026-06-08,1.0
YB,Olot,2026-06-08,0.0
YC,la Pobla de Segur,2026-06-08,0.1
YD,les Borges Blanques,2026-06-08,1.3
YE,Massoteres,2026-06-08,0.0
YF,Miami Platja,2026-06-08,0.0
YG,Tírvia,2026-06-08,2.3
YH,Pujalt,2026-06-08,0.0
YJ,Lleida - la Femosa,2026-06-08,0.1
YK,Terrassa,2026-06-08,0.0
YL,Riudecanyes,2026-06-08,0.0
YM,Granollers,2026-06-08,0.0
YN,Vielha - Elipòrt,2026-06-08,0.6
YO,Sant Sadurní d'Anoia,2026-06-08,0.1
YP,Palafrugell,2026-06-08,0.0
YQ,Port de Barcelona - ZAL Prat,2026-06-08,0.1
YR,Vilanova i la Geltrú,2026-06-08,0.0
YS,Cabanes,2026-06-08,0.5
YT,Bonabé (1.691 m),2026-06-08,0.0
YU,Cantonigròs,2026-06-08,0.0
YV,Mataró,2026-06-08,0.0
YX,Batea,2026-06-08,0.0
YY,Viladecans - les Filipines,2026-06-08,0.1
Z1,Bonaigua (2.262 m),2026-06-08,3.7
Z2,Boí (2.537 m),2026-06-08,2.4
Z3,Malniu (2.229 m),2026-06-08,4.4
Z5,Certascan (2.398 m),2026-06-08,5.0
Z6,Sasseuva (2.226 m),2026-06-08,0.6
Z7,Espot (2.519 m),2026-06-08,3.2
Z9,Cadí Nord (2.145 m) - Prat d'Aguiló,2026-06-08,0.6
ZB,Salòria (2.451 m),2026-06-08,3.2
ZC,Ulldeter (2.413 m),2026-06-08,3.9
ZE,el Port del Comte (2.288 m),2026-06-08,0.0
C6,Castellnou de Seana,2026-06-09,0.0
C7,Tàrrega,2026-06-09,0.0
C8,Cervera,2026-06-09,0.0
C9,Mas de Barberans,2026-06-09,0.0
CC,Orís,2026-06-09,0.0
CD,la Seu d'Urgell - Bellestar,2026-06-09,0.7
CE,els Hostalets de Pierola,2026-06-09,0.0
CG,Molló - Fabert,2026-06-09,0.8
CI,Sant Pau de Segúries,2026-06-09,0.4
CJ,Organyà,2026-06-09,0.6
CL,Sant Salvador de Guardiola,2026-06-09,0.0
CP,Sant Romà d'Abella,2026-06-09,0.4
CQ,Vilanova de Meià,2026-06-09,0.7
CR,la Quar,2026-06-09,0.8
CT,el Pont de Suert,2026-06-09,6.1
CW,l'Espluga de Francolí,2026-06-09,0.0
CY,Muntanyola,2026-06-09,0.0
D1,Margalef,2026-06-09,0.0
D2,Vacarisses,2026-06-09,0.0
D3,Vallirana,2026-06-09,0.0
D4,Roses,2026-06-09,0.0
D5,Barcelona - Observatori Fabra,2026-06-09,0.1
D6,Portbou - coll dels Belitres,2026-06-09,0.0
D7,Vinebre,2026-06-09,0.0
D8,Horta de Sant Joan,2026-06-09,0.0
D9,el Vendrell,2026-06-09,0.0
DB,el Perelló,2026-06-09,0.0
DF,la Bisbal d'Empordà,2026-06-09,0.0
DG,Núria (1.971 m),2026-06-09,0.7
DI,Font-rubí,2026-06-09,0.0
DJ,Banyoles,2026-06-09,0.1
DK,Torredembarra,2026-06-09,0.0
DL,Illa de Buda,2026-06-09,0.0
DN,Anglès,2026-06-09,0.6
DO,Castell d'Aro,2026-06-09,0.0
DP,Das - Aeròdrom,2026-06-09,0.3
DQ,Vila-rodona,2026-06-09,0.0
H1,Òdena,2026-06-09,0.0
J5,Pantà de Darnius - Boadella,2026-06-09,0.0
KE,Pantà de Sau,2026-06-09,0.0
KP,Fogars de la Selva,2026-06-09,0.0
KX,la Roca del Vallès - ETAP Cardedeu,2026-06-09,0.0
M6,Sant Joan de les Abadesses,2026-06-09,0.3
MQ,Cardona,2026-06-09,0.0
MR,Pantà de Siurana,2026-06-09,0.0
MS,Castellar de n'Hug - el Clot del Moro,2026-06-09,0.0
MV,Guixers - Valls,2026-06-09,0.2
MW,Navès,2026-06-09,2.2
U2,Sant Pere Pescador,2026-06-09,0.0
U3,Sant Martí Sarroca,2026-06-09,0.0
U4,Castellnou de Bages,2026-06-09,0.0
U6,Vinyols i els Arcs - Cambrils,2026-06-09,0.0
U7,Aldover,2026-06-09,0.0
U9,l'Aldea,2026-06-09,0.0
UA,l'Ametlla de Mar,2026-06-09,0.0
UB,la Tallada d'Empordà,2026-06-09,0.0
UE,Torroella de Montgrí,2026-06-09,0.0
UF,PN del Garraf - el Rascler,2026-06-09,0.0
UH,el Montmell,2026-06-09,0.0
UI,Gisclareny,2026-06-09,0.1
UJ,Santa Coloma de Queralt,2026-06-09,0.0
UK,Sant Pere de Ribes - PN del Garraf,2026-06-09,0.0
UM,la Granadella,2026-06-09,0.0
UN,Cassà de la Selva,2026-06-09,0.0
UO,Fornells de la Selva,2026-06-09,0.0
UP,Cabrils,2026-06-09,0.0
UQ,Dosrius - PN Montnegre Corredor,2026-06-09,0.0
US,les Cases d'Alcanar,2026-06-09,0.0
UU,Amposta,2026-06-09,0.0
UW,els Alfacs,2026-06-09,0.0
UX,Ulldecona - els Valentins,2026-06-09,0.0
UY,Os de Balaguer - el Monestir d'Avellanes,2026-06-09,3.6
V1,Vallfogona de Balaguer,2026-06-09,1.4
V4,Montesquiu,2026-06-09,0.5
V5,Perafita,2026-06-09,0.0
V8,el Poal,2026-06-09,0.1
VA,Ascó,2026-06-09,0.0
VB,Benissanet,2026-06-09,0.0
VC,Pantà de Riba-roja,2026-06-09,0.0
VD,el Canós,2026-06-09,0.0
VH,Gimenells,2026-06-09,0.0
VK,Raimat,2026-06-09,0.0
VM,Vilanova de Segrià,2026-06-09,0.0
VO,Lladurs,2026-06-09,0.6
VP,Pinós,2026-06-09,0.5
VQ,Constantí,2026-06-09,0.0
VS,Lac Redon (2.245 m),2026-06-09,6.4
VU,Rellinars,2026-06-09,0.0
VV,Sant Llorenç Savall,2026-06-09,0.0
VX,Tagamanent - PN del Montseny,2026-06-09,0.2
VY,Nulles,2026-06-09,0.0
VZ,Espolla,2026-06-09,0.0
W1,Castelló d'Empúries,2026-06-09,0.0
W4,Vilafranca del Penedès - la Granada,2026-06-09,0.0
W5,Oliana,2026-06-09,1.8
W8,Blancafort,2026-06-09,0.0
W9,la Vall d'en Bas,2026-06-09,0.4
WA,Oliola,2026-06-09,2.4
WB,Albesa,2026-06-09,1.4
WC,Golmés,2026-06-09,0.0
WG,Algerri,2026-06-09,0.0
WI,Maials,2026-06-09,0.0
WJ,el Masroig,2026-06-09,0.0
WK,Alfarràs,2026-06-09,2.1
WL,Sant Martí de Riucorb,2026-06-09,0.0
WM,Santuari de Queralt,2026-06-09,1.1
WN,Montserrat - Sant Dimes,2026-06-09,0.1
WO,la Bisbal del Penedès,2026-06-09,0.0
WP,Canaletes,2026-06-09,0.0
WQ,Montsec d'Ares (1.571 m),2026-06-09,1.0
WR,Torroja del Priorat,2026-06-09,0.0
WS,Viladrau,2026-06-09,0.0
WT,Malgrat de Mar,2026-06-09,0.0
WU,Badalona - Museu,2026-06-09,0.0
WV,Guardiola de Berguedà,2026-06-09,0.0
WW,Artés,2026-06-09,0.0
WX,Camarasa,2026-06-09,3.5
WZ,Cunit,2026-06-09,0.0
X1,Falset,2026-06-09,0.0
X3,Alguaire,2026-06-09,2.1
X4,Barcelona - el Raval,2026-06-09,0.3
X5,PN dels Ports,2026-06-09,0.0
X6,Baldomar,2026-06-09,3.5
X7,Torres de Segre,2026-06-09,0.0
X8,Barcelona - Zona Universitària,2026-06-09,0.1
X9,Caldes de Montbui,2026-06-09,0.0
XA,la Panadella,2026-06-09,0.0
XB,la Llacuna,2026-06-09,0.0
XC,Castellbisbal,2026-06-09,0.0
XD,Ulldemolins,2026-06-09,0.0
XE,Tarragona - Complex Educatiu,2026-06-09,0.0
XF,Sabadell - Parc Agrari,2026-06-09,0.0
XG,Parets del Vallès,2026-06-09,0.0
XH,Sort,2026-06-09,0.8
XI,Mollerussa,2026-06-09,0.0
XJ,Girona,2026-06-09,0.0
XK,Puig Sesolles (1.666 m),2026-06-09,1.0
XL,el Prat de Llobregat,2026-06-09,0.0
XM,els Alamús,2026-06-09,0.0
XN,Seròs,2026-06-09,0.0
XO,Vic,2026-06-09,0.0
XP,Gandesa,2026-06-09,0.0
XQ,Tremp,2026-06-09,1.0
XR,Prades,2026-06-09,0.0
XS,Santa Coloma de Farners,2026-06-09,0.4
XT,Solsona,2026-06-09,1.8
XU,Canyelles,2026-06-09,0.0
XV,Sant Cugat del Vallès - CAR,2026-06-09,0.0
XX,Anglesola - Tornabous,2026-06-09,0.2
XY,Alcarràs,2026-06-09,0.0
XZ,Torroella de Fluvià,2026-06-09,0.0
Y4,Alinyà,2026-06-09,0.6
Y5,Navata,2026-06-09,0.0
Y6,Tivissa,2026-06-09,0.0
YA,Puigcerdà,2026-06-09,0.3
YB,Olot,2026-06-09,0.2
YC,la Pobla de Segur,2026-06-09,1.9
YD,les Borges Blanques,2026-06-09,0.0
YE,Massoteres,2026-06-09,0.0
YF,Miami Platja,2026-06-09,0.0
YG,Tírvia,2026-06-09,9.9
YH,Pujalt,2026-06-09,0.0
YJ,Lleida - la Femosa,2026-06-09,0.0
YK,Terrassa,2026-06-09,0.0
YL,Riudecanyes,2026-06-09,0.0
YM,Granollers,2026-06-09,0.0
YN,Vielha - Elipòrt,2026-06-09,3.6
YO,Sant Sadurní d'Anoia,2026-06-09,0.0
YP,Palafrugell,2026-06-09,0.0
YQ,Port de Barcelona - ZAL Prat,2026-06-09,0.0
YR,Vilanova i la Geltrú,2026-06-09,0.0
YS,Cabanes,2026-06-09,0.0
YT,Bonabé (1.691 m),2026-06-09,1.5
YU,Cantonigròs,2026-06-09,0.0
YV,Mataró,2026-06-09,0.0
YX,Batea,2026-06-09,0.0
YY,Viladecans - les Filipines,2026-06-09,0.0
Z1,Bonaigua (2.262 m),2026-06-09,9.8
Z2,Boí (2.537 m),2026-06-09,12.0
Z3,Malniu (2.229 m),2026-06-09,3.4
Z5,Certascan (2.398 m),2026-06-09,3.8
Z6,Sasseuva (2.226 m),2026-06-09,2.8
Z7,Espot (2.519 m),2026-06-09,8.4
Z9,Cadí Nord (2.145 m) - Prat d'Aguiló,2026-06-09,0.6
ZB,Salòria (2.451 m),2026-06-09,8.5
ZC,Ulldeter (2.413 m),2026-06-09,0.0
ZE,el Port del Comte (2.288 m),2026-06-09,0.5
C6,Castellnou de Seana,2026-06-10,0.0
C7,Tàrrega,2026-06-10,0.0
C8,Cervera,2026-06-10,0.0
C9,Mas de Barberans,2026-06-10,0.0
CC,Orís,2026-06-10,5.6
CD,la Seu d'Urgell - Bellestar,2026-06-10,0.8
CE,els Hostalets de Pierola,2026-06-10,0.0
CG,Molló - Fabert,2026-06-10,1.7
CI,Sant Pau de Segúries,2026-06-10,3.6
CJ,Organyà,2026-06-10,0.0
CL,Sant Salvador de Guardiola,2026-06-10,0.1
CP,Sant Romà d'Abella,2026-06-10,0.2
CQ,Vilanova de Meià,2026-06-10,0.1
CR,la Quar,2026-06-10,3.1
CT,el Pont de Suert,2026-06-10,0.0
CW,l'Espluga de Francolí,2026-06-10,0.0
CY,Muntanyola,2026-06-10,7.5
D1,Margalef,2026-06-10,0.2
D2,Vacarisses,2026-06-10,0.0
D3,Vallirana,2026-06-10,0.0
D4,Roses,2026-06-10,0.2
D5,Barcelona - Observatori Fabra,2026-06-10,0.0
D6,Portbou - coll dels Belitres,2026-06-10,0.0
D7,Vinebre,2026-06-10,0.1
D8,Horta de Sant Joan,2026-06-10,0.0
D9,el Vendrell,2026-06-10,1.6
DB,el Perelló,2026-06-10,0.0
DF,la Bisbal d'Empordà,2026-06-10,2.9
DG,Núria (1.971 m),2026-06-10,0.5
DI,Font-rubí,2026-06-10,0.0
DJ,Banyoles,2026-06-10,4.5
DK,Torredembarra,2026-06-10,0.0
DL,Illa de Buda,2026-06-10,0.0
DN,Anglès,2026-06-10,5.3
DO,Castell d'Aro,2026-06-10,0.9
DP,Das - Aeròdrom,2026-06-10,0.4
DQ,Vila-rodona,2026-06-10,0.3
H1,Òdena,2026-06-10,0.0
J5,Pantà de Darnius - Boadella,2026-06-10,0.0
KE,Pantà de Sau,2026-06-10,4.7
KP,Fogars de la Selva,2026-06-10,3.0
KX,la Roca del Vallès - ETAP Cardedeu,2026-06-10,0.0
M6,Sant Joan de les Abadesses,2026-06-10,0.3
MQ,Cardona,2026-06-10,9.7
MR,Pantà de Siurana,2026-06-10,0.1
MS,Castellar de n'Hug - el Clot del Moro,2026-06-10,0.2
MV,Guixers - Valls,2026-06-10,0.3
MW,Navès,2026-06-10,4.9
U2,Sant Pere Pescador,2026-06-10,1.3
U3,Sant Martí Sarroca,2026-06-10,0.0
U4,Castellnou de Bages,2026-06-10,11.5
U6,Vinyols i els Arcs - Cambrils,2026-06-10,0.0
U7,Aldover,2026-06-10,0.0
U9,l'Aldea,2026-06-10,0.0
UA,l'Ametlla de Mar,2026-06-10,0.0
UB,la Tallada d'Empordà,2026-06-10,2.5
UE,Torroella de Montgrí,2026-06-10,1.8
UF,PN del Garraf - el Rascler,2026-06-10,0.0
UH,el Montmell,2026-06-10,0.0
UI,Gisclareny,2026-06-10,0.4
UJ,Santa Coloma de Queralt,2026-06-10,0.0
UK,Sant Pere de Ribes - PN del Garraf,2026-06-10,0.1
UM,la Granadella,2026-06-10,0.0
UN,Cassà de la Selva,2026-06-10,4.1
UO,Fornells de la Selva,2026-06-10,3.9
UP,Cabrils,2026-06-10,0.0
UQ,Dosrius - PN Montnegre Corredor,2026-06-10,0.0
US,les Cases d'Alcanar,2026-06-10,0.0
UU,Amposta,2026-06-10,0.0
UW,els Alfacs,2026-06-10,0.0
UX,Ulldecona - els Valentins,2026-06-10,0.0
UY,Os de Balaguer - el Monestir d'Avellanes,2026-06-10,11.1
V1,Vallfogona de Balaguer,2026-06-10,0.0
V4,Montesquiu,2026-06-10,2.7
V5,Perafita,2026-06-10,3.4
V8,el Poal,2026-06-10,0.0
VA,Ascó,2026-06-10,0.0
VB,Benissanet,2026-06-10,0.0
VC,Pantà de Riba-roja,2026-06-10,1.4
VD,el Canós,2026-06-10,0.0
VH,Gimenells,2026-06-10,0.0
VK,Raimat,2026-06-10,0.0
VM,Vilanova de Segrià,2026-06-10,0.0
VO,Lladurs,2026-06-10,0.9
VP,Pinós,2026-06-10,4.4
VQ,Constantí,2026-06-10,0.0
VS,Lac Redon (2.245 m),2026-06-10,0.9
VU,Rellinars,2026-06-10,0.0
VV,Sant Llorenç Savall,2026-06-10,0.1
VX,Tagamanent - PN del Montseny,2026-06-10,6.5
VY,Nulles,2026-06-10,0.4
VZ,Espolla,2026-06-10,0.0
W1,Castelló d'Empúries,2026-06-10,0.7
W4,Vilafranca del Penedès - la Granada,2026-06-10,0.0
W5,Oliana,2026-06-10,0.2
W8,Blancafort,2026-06-10,0.0
W9,la Vall d'en Bas,2026-06-10,4.4
WA,Oliola,2026-06-10,12.4
WB,Albesa,2026-06-10,0.0
WC,Golmés,2026-06-10,0.0
WG,Algerri,2026-06-10,0.0
WI,Maials,2026-06-10,0.0
WJ,el Masroig,2026-06-10,0.0
WK,Alfarràs,2026-06-10,0.4
WL,Sant Martí de Riucorb,2026-06-10,0.0
WM,Santuari de Queralt,2026-06-10,3.1
WN,Montserrat - Sant Dimes,2026-06-10,0.0
WO,la Bisbal del Penedès,2026-06-10,0.0
WP,Canaletes,2026-06-10,0.0
WQ,Montsec d'Ares (1.571 m),2026-06-10,0.4
WR,Torroja del Priorat,2026-06-10,3.4
WS,Viladrau,2026-06-10,6.2
WT,Malgrat de Mar,2026-06-10,0.0
WU,Badalona - Museu,2026-06-10,0.0
WV,Guardiola de Berguedà,2026-06-10,0.1
WW,Artés,2026-06-10,6.8
WX,Camarasa,2026-06-10,3.7
WZ,Cunit,2026-06-10,0.3
X1,Falset,2026-06-10,0.0
X3,Alguaire,2026-06-10,0.0
X4,Barcelona - el Raval,2026-06-10,0.0
X5,PN dels Ports,2026-06-10,0.0
X6,Baldomar,2026-06-10,3.5
X7,Torres de Segre,2026-06-10,0.0
X8,Barcelona - Zona Universitària,2026-06-10,0.0
X9,Caldes de Montbui,2026-06-10,0.1
XA,la Panadella,2026-06-10,0.4
XB,la Llacuna,2026-06-10,0.0
XC,Castellbisbal,2026-06-10,0.1
XD,Ulldemolins,2026-06-10,0.0
XE,Tarragona - Complex Educatiu,2026-06-10,0.0
XF,Sabadell - Parc Agrari,2026-06-10,0.0
XG,Parets del Vallès,2026-06-10,0.0
XH,Sort,2026-06-10,9.5
XI,Mollerussa,2026-06-10,0.0
XJ,Girona,2026-06-10,6.1
XK,Puig Sesolles (1.666 m),2026-06-10,6.5
XL,el Prat de Llobregat,2026-06-10,0.0
XM,els Alamús,2026-06-10,0.0
XN,Seròs,2026-06-10,0.0
XO,Vic,2026-06-10,4.7
XP,Gandesa,2026-06-10,0.0
XQ,Tremp,2026-06-10,0.0
XR,Prades,2026-06-10,0.2
XS,Santa Coloma de Farners,2026-06-10,6.6
XT,Solsona,2026-06-10,2.4
XU,Canyelles,2026-06-10,0.0
XV,Sant Cugat del Vallès - CAR,2026-06-10,0.0
XX,Anglesola - Tornabous,2026-06-10,0.0
XY,Alcarràs,2026-06-10,0.0
XZ,Torroella de Fluvià,2026-06-10,0.9
Y4,Alinyà,2026-06-10,0.4
Y5,Navata,2026-06-10,1.1
Y6,Tivissa,2026-06-10,0.0
YA,Puigcerdà,2026-06-10,4.3
YB,Olot,2026-06-10,3.0
YC,la Pobla de Segur,2026-06-10,0.0
YD,les Borges Blanques,2026-06-10,0.0
YE,Massoteres,2026-06-10,0.1
YF,Miami Platja,2026-06-10,0.0
YG,Tírvia,2026-06-10,2.7
YH,Pujalt,2026-06-10,0.2
YJ,Lleida - la Femosa,2026-06-10,0.0
YK,Terrassa,2026-06-10,0.0
YL,Riudecanyes,2026-06-10,0.0
YM,Granollers,2026-06-10,0.0
YN,Vielha - Elipòrt,2026-06-10,0.1
YO,Sant Sadurní d'Anoia,2026-06-10,0.0
YP,Palafrugell,2026-06-10,0.8
YQ,Port de Barcelona - ZAL Prat,2026-06-10,0.0
YR,Vilanova i la Geltrú,2026-06-10,0.6
YS,Cabanes,2026-06-10,0.0
YT,Bonabé (1.691 m),2026-06-10,0.0
YU,Cantonigròs,2026-06-10,9.8
YV,Mataró,2026-06-10,0.0
YX,Batea,2026-06-10,0.0
YY,Viladecans - les Filipines,2026-06-10,0.1
Z1,Bonaigua (2.262 m),2026-06-10,1.2
Z2,Boí (2.537 m),2026-06-10,0.3
Z3,Malniu (2.229 m),2026-06-10,5.0
Z5,Certascan (2.398 m),2026-06-10,0.0
Z6,Sasseuva (2.226 m),2026-06-10,0.3
Z7,Espot (2.519 m),2026-06-10,1.9
Z9,Cadí Nord (2.145 m) - Prat d'Aguiló,2026-06-10,0.0
ZB,Salòria (2.451 m),2026-06-10,2.7
ZC,Ulldeter (2.413 m),2026-06-10,0.6
ZE,el Port del Comte (2.288 m),2026-06-10,0.3
C6,Castellnou de Seana,2026-06-11,0.0
C7,Tàrrega,2026-06-11,0.0
C8,Cervera,2026-06-11,0.0
C9,Mas de Barberans,2026-06-11,0.0
CC,Orís,2026-06-11,0.0
CD,la Seu d'Urgell - Bellestar,2026-06-11,0.0
CE,els Hostalets de Pierola,2026-06-11,0.0
CG,Molló - Fabert,2026-06-11,0.0
CI,Sant Pau de Segúries,2026-06-11,0.2
CJ,Organyà,2026-06-11,0.0
CL,Sant Salvador de Guardiola,2026-06-11,0.0
CP,Sant Romà d'Abella,2026-06-11,0.0
CQ,Vilanova de Meià,2026-06-11,0.0
CR,la Quar,2026-06-11,0.0
CT,el Pont de Suert,2026-06-11,0.0
CW,l'Espluga de Francolí,2026-06-11,0.0
CY,Muntanyola,2026-06-11,0.0
D1,Margalef,2026-06-11,0.0
D2,Vacarisses,2026-06-11,0.0
D3,Vallirana,2026-06-11,0.1
D4,Roses,2026-06-11,0.0
D5,Barcelona - Observatori Fabra,2026-06-11,0.0
D6,Portbou - coll dels Belitres,2026-06-11,0.0
D7,Vinebre,2026-06-11,0.0
D8,Horta de Sant Joan,2026-06-11,0.0
D9,el Vendrell,2026-06-11,0.0
DB,el Perelló,2026-06-11,0.0
DF,la Bisbal d'Empordà,2026-06-11,0.0
DG,Núria (1.971 m),2026-06-11,0.0
DI,Font-rubí,2026-06-11,0.0
DJ,Banyoles,2026-06-11,0.0
DK,Torredembarra,2026-06-11,0.0
DL,Illa de Buda,2026-06-11,0.0
DN,Anglès,2026-06-11,0.0
DO,Castell d'Aro,2026-06-11,0.0
DP,Das - Aeròdrom,2026-06-11,0.0
DQ,Vila-rodona,2026-06-11,0.0
H1,Òdena,2026-06-11,0.0
J5,Pantà de Darnius - Boadella,2026-06-11,0.0
KE,Pantà de Sau,2026-06-11,0.0
KP,Fogars de la Selva,2026-06-11,0.1
KX,la Roca del Vallès - ETAP Cardedeu,2026-06-11,0.0
M6,Sant Joan de les Abadesses,2026-06-11,0.0
MQ,Cardona,2026-06-11,0.0
MR,Pantà de Siurana,2026-06-11,0.0
MS,Castellar de n'Hug - el Clot del Moro,2026-06-11,0.0
MV,Guixers - Valls,2026-06-11,0.0
MW,Navès,2026-06-11,0.0
U2,Sant Pere Pescador,2026-06-11,0.0
U3,Sant Martí Sarroca,2026-06-11,0.0
U4,Castellnou de Bages,2026-06-11,0.0
U6,Vinyols i els Arcs - Cambrils,2026-06-11,0.0
U7,Aldover,2026-06-11,0.0
U9,l'Aldea,2026-06-11,0.0
UA,l'Ametlla de Mar,2026-06-11,0.0
UB,la Tallada d'Empordà,2026-06-11,0.0
UE,Torroella de Montgrí,2026-06-11,0.0
UF,PN del Garraf - el Rascler,2026-06-11,0.2
UH,el Montmell,2026-06-11,0.0
UI,Gisclareny,2026-06-11,0.0
UJ,Santa Coloma de Queralt,2026-06-11,0.0
UK,Sant Pere de Ribes - PN del Garraf,2026-06-11,0.7
UM,la Granadella,2026-06-11,0.0
UN,Cassà de la Selva,2026-06-11,0.0
UO,Fornells de la Selva,2026-06-11,0.0
UP,Cabrils,2026-06-11,0.0
UQ,Dosrius - PN Montnegre Corredor,2026-06-11,0.0
US,les Cases d'Alcanar,2026-06-11,0.0
UU,Amposta,2026-06-11,0.0
UW,els Alfacs,2026-06-11,0.0
UX,Ulldecona - els Valentins,2026-06-11,0.0
UY,Os de Balaguer - el Monestir d'Avellanes,2026-06-11,0.0
V1,Vallfogona de Balaguer,2026-06-11,0.0
V4,Montesquiu,2026-06-11,1.0
V5,Perafita,2026-06-11,0.0
V8,el Poal,2026-06-11,0.0
VA,Ascó,2026-06-11,0.0
VB,Benissanet,2026-06-11,0.0
VC,Pantà de Riba-roja,2026-06-11,0.0
VD,el Canós,2026-06-11,0.0
VH,Gimenells,2026-06-11,0.0
VK,Raimat,2026-06-11,0.0
VM,Vilanova de Segrià,2026-06-11,0.0
VO,Lladurs,2026-06-11,0.0
VP,Pinós,2026-06-11,0.0
VQ,Constantí,2026-06-11,0.0
VS,Lac Redon (2.245 m),2026-06-11,0.0
VU,Rellinars,2026-06-11,0.0
VV,Sant Llorenç Savall,2026-06-11,0.1
VX,Tagamanent - PN del Montseny,2026-06-11,0.3
VY,Nulles,2026-06-11,0.0
VZ,Espolla,2026-06-11,0.0
W1,Castelló d'Empúries,2026-06-11,0.0
W4,Vilafranca del Penedès - la Granada,2026-06-11,0.2
W5,Oliana,2026-06-11,0.0
W8,Blancafort,2026-06-11,0.0
W9,la Vall d'en Bas,2026-06-11,0.0
WA,Oliola,2026-06-11,0.0
WB,Albesa,2026-06-11,0.0
WC,Golmés,2026-06-11,0.0
WG,Algerri,2026-06-11,0.0
WI,Maials,2026-06-11,0.0
WJ,el Masroig,2026-06-11,0.0
WK,Alfarràs,2026-06-11,0.0
WL,Sant Martí de Riucorb,2026-06-11,0.0
WM,Santuari de Queralt,2026-06-11,0.0
WN,Montserrat - Sant Dimes,2026-06-11,2.5
WO,la Bisbal del Penedès,2026-06-11,0.0
WP,Canaletes,2026-06-11,0.0
WQ,Montsec d'Ares (1.571 m),2026-06-11,0.0
WR,Torroja del Priorat,2026-06-11,0.0
WS,Viladrau,2026-06-11,0.0
WT,Malgrat de Mar,2026-06-11,0.1
WU,Badalona - Museu,2026-06-11,0.3
WV,Guardiola de Berguedà,2026-06-11,0.0
WW,Artés,2026-06-11,0.0
WX,Camarasa,2026-06-11,0.0
WZ,Cunit,2026-06-11,0.0
X1,Falset,2026-06-11,0.0
X3,Alguaire,2026-06-11,0.0
X4,Barcelona - el Raval,2026-06-11,0.0
X5,PN dels Ports,2026-06-11,0.0
X6,Baldomar,2026-06-11,0.0
X7,Torres de Segre,2026-06-11,0.0
X8,Barcelona - Zona Universitària,2026-06-11,0.1
X9,Caldes de Montbui,2026-06-11,0.4
XA,la Panadella,2026-06-11,0.0
XB,la Llacuna,2026-06-11,0.0
XC,Castellbisbal,2026-06-11,0.4
XD,Ulldemolins,2026-06-11,0.0
XE,Tarragona - Complex Educatiu,2026-06-11,0.0
XF,Sabadell - Parc Agrari,2026-06-11,0.5
XG,Parets del Vallès,2026-06-11,0.0
XH,Sort,2026-06-11,0.0
XI,Mollerussa,2026-06-11,0.0
XJ,Girona,2026-06-11,0.0
XK,Puig Sesolles (1.666 m),2026-06-11,0.7
XL,el Prat de Llobregat,2026-06-11,0.0
XM,els Alamús,2026-06-11,0.0
XN,Seròs,2026-06-11,0.0
XO,Vic,2026-06-11,0.0
XP,Gandesa,2026-06-11,0.0
XQ,Tremp,2026-06-11,0.0
XR,Prades,2026-06-11,0.0
XS,Santa Coloma de Farners,2026-06-11,0.0
XT,Solsona,2026-06-11,0.0
XU,Canyelles,2026-06-11,0.0
XV,Sant Cugat del Vallès - CAR,2026-06-11,0.1
XX,Anglesola - Tornabous,2026-06-11,0.0
XY,Alcarràs,2026-06-11,0.0
XZ,Torroella de Fluvià,2026-06-11,0.0
Y4,Alinyà,2026-06-11,0.0
Y5,Navata,2026-06-11,0.0
Y6,Tivissa,2026-06-11,0.0
YA,Puigcerdà,2026-06-11,0.0
YB,Olot,2026-06-11,0.0
YC,la Pobla de Segur,2026-06-11,0.0
YD,les Borges Blanques,2026-06-11,0.0
YE,Massoteres,2026-06-11,0.0
YF,Miami Platja,2026-06-11,0.0
YG,Tírvia,2026-06-11,0.0
YH,Pujalt,2026-06-11,0.0
YJ,Lleida - la Femosa,2026-06-11,0.0
YK,Terrassa,2026-06-11,0.0
YL,Riudecanyes,2026-06-11,0.0
YM,Granollers,2026-06-11,0.0
YN,Vielha - Elipòrt,2026-06-11,0.0
YO,Sant Sadurní d'Anoia,2026-06-11,0.0
YP,Palafrugell,2026-06-11,0.0
YQ,Port de Barcelona - ZAL Prat,2026-06-11,0.0
YR,Vilanova i la Geltrú,2026-06-11,0.4
YS,Cabanes,2026-06-11,0.0
YT,Bonabé (1.691 m),2026-06-11,0.0
YU,Cantonigròs,2026-06-11,1.6
YV,Mataró,2026-06-11,0.0
YX,Batea,2026-06-11,0.0
YY,Viladecans - les Filipines,2026-06-11,0.3
Z1,Bonaigua (2.262 m),2026-06-11,0.0
Z2,Boí (2.537 m),2026-06-11,0.0
Z3,Malniu (2.229 m),2026-06-11,0.0
Z5,Certascan (2.398 m),2026-06-11,0.0
Z6,Sasseuva (2.226 m),2026-06-11,0.0
Z7,Espot (2.519 m),2026-06-11,0.0
Z9,Cadí Nord (2.145 m) - Prat d'Aguiló,2026-06-11,0.0
ZB,Salòria (2.451 m),2026-06-11,0.0
ZC,Ulldeter (2.413 m),2026-06-11,0.0
ZE,el Port del Comte (2.288 m),2026-06-11,0.0
C6,Castellnou de Seana,2026-06-12,0.0
C7,Tàrrega,2026-06-12,0.0
C8,Cervera,2026-06-12,0.0
C9,Mas de Barberans,2026-06-12,0.0
CC,Orís,2026-06-12,0.0
CD,la Seu d'Urgell - Bellestar,2026-06-12,0.0
CE,els Hostalets de Pierola,2026-06-12,0.0
CG,Molló - Fabert,2026-06-12,0.0
CI,Sant Pau de Segúries,2026-06-12,0.0
CJ,Organyà,2026-06-12,0.0
CL,Sant Salvador de Guardiola,2026-06-12,0.0
CP,Sant Romà d'Abella,2026-06-12,0.0
CQ,Vilanova de Meià,2026-06-12,0.0
CR,la Quar,2026-06-12,0.0
CT,el Pont de Suert,2026-06-12,0.0
CW,l'Espluga de Francolí,2026-06-12,0.0
CY,Muntanyola,2026-06-12,0.0
D1,Margalef,2026-06-12,0.0
D2,Vacarisses,2026-06-12,0.0
D3,Vallirana,2026-06-12,0.0
D4,Roses,2026-06-12,0.0
D5,Barcelona - Observatori Fabra,2026-06-12,0.0
D6,Portbou - coll dels Belitres,2026-06-12,0.0
D7,Vinebre,2026-06-12,0.0
D8,Horta de Sant Joan,2026-06-12,0.0
D9,el Vendrell,2026-06-12,0.0
DB,el Perelló,2026-06-12,0.0
DF,la Bisbal d'Empordà,2026-06-12,0.0
DG,Núria (1.971 m),2026-06-12,0.0
DI,Font-rubí,2026-06-12,0.0
DJ,Banyoles,2026-06-12,0.0
DK,Torredembarra,2026-06-12,0.0
DL,Illa de Buda,2026-06-12,0.0
DN,Anglès,2026-06-12,0.0
DO,Castell d'Aro,2026-06-12,0.0
DP,Das - Aeròdrom,2026-06-12,0.0
DQ,Vila-rodona,2026-06-12,0.0
H1,Òdena,2026-06-12,0.0
J5,Pantà de Darnius - Boadella,2026-06-12,0.0
KE,Pantà de Sau,2026-06-12,0.0
KP,Fogars de la Selva,2026-06-12,0.0
KX,la Roca del Vallès - ETAP Cardedeu,2026-06-12,0.0
M6,Sant Joan de les Abadesses,2026-06-12,0.0
MQ,Cardona,2026-06-12,0.0
MR,Pantà de Siurana,2026-06-12,0.0
MS,Castellar de n'Hug - el Clot del Moro,2026-06-12,0.0
MV,Guixers - Valls,2026-06-12,0.0
MW,Navès,2026-06-12,0.0
U2,Sant Pere Pescador,2026-06-12,0.0
U3,Sant Martí Sarroca,2026-06-12,0.0
U4,Castellnou de Bages,2026-06-12,0.0
U6,Vinyols i els Arcs - Cambrils,2026-06-12,0.0
U7,Aldover,2026-06-12,0.0
U9,l'Aldea,2026-06-12,0.0
UA,l'Ametlla de Mar,2026-06-12,0.0
UB,la Tallada d'Empordà,2026-06-12,0.0
UE,Torroella de Montgrí,2026-06-12,0.0
UF,PN del Garraf - el Rascler,2026-06-12,0.0
UH,el Montmell,2026-06-12,0.0
UI,Gisclareny,2026-06-12,0.0
UJ,Santa Coloma de Queralt,2026-06-12,0.0
UK,Sant Pere de Ribes - PN del Garraf,2026-06-12,0.0
UM,la Granadella,2026-06-12,0.0
UN,Cassà de la Selva,2026-06-12,0.0
UO,Fornells de la Selva,2026-06-12,0.0
UP,Cabrils,2026-06-12,0.0
UQ,Dosrius - PN Montnegre Corredor,2026-06-12,0.0
US,les Cases d'Alcanar,2026-06-12,0.0
UU,Amposta,2026-06-12,0.0
UW,els Alfacs,2026-06-12,0.0
UX,Ulldecona - els Valentins,2026-06-12,0.0
UY,Os de Balaguer - el Monestir d'Avellanes,2026-06-12,0.0
V1,Vallfogona de Balaguer,2026-06-12,0.0
V4,Montesquiu,2026-06-12,0.0
V5,Perafita,2026-06-12,0.0
V8,el Poal,2026-06-12,0.0
VA,Ascó,2026-06-12,0.0
VB,Benissanet,2026-06-12,0.0
VC,Pantà de Riba-roja,2026-06-12,0.0
VD,el Canós,2026-06-12,0.0
VH,Gimenells,2026-06-12,0.0
VK,Raimat,2026-06-12,0.0
VM,Vilanova de Segrià,2026-06-12,0.0
VO,Lladurs,2026-06-12,0.0
VP,Pinós,2026-06-12,0.0
VQ,Constantí,2026-06-12,0.0
VS,Lac Redon (2.245 m),2026-06-12,0.0
VU,Rellinars,2026-06-12,0.0
VV,Sant Llorenç Savall,2026-06-12,0.0
VX,Tagamanent - PN del Montseny,2026-06-12,0.0
VY,Nulles,2026-06-12,0.0
VZ,Espolla,2026-06-12,0.0
W1,Castelló d'Empúries,2026-06-12,0.0
W4,Vilafranca del Penedès - la Granada,2026-06-12,0.0
W5,Oliana,2026-06-12,0.0
W8,Blancafort,2026-06-12,0.0
W9,la Vall d'en Bas,2026-06-12,0.0
WA,Oliola,2026-06-12,0.0
WB,Albesa,2026-06-12,0.0
WC,Golmés,2026-06-12,0.0
WG,Algerri,2026-06-12,0.0
WI,Maials,2026-06-12,0.0
WJ,el Masroig,2026-06-12,0.0
WK,Alfarràs,2026-06-12,0.0
WL,Sant Martí de Riucorb,2026-06-12,0.0
WM,Santuari de Queralt,2026-06-12,0.0
WN,Montserrat - Sant Dimes,2026-06-12,0.0
WO,la Bisbal del Penedès,2026-06-12,0.0
WP,Canaletes,2026-06-12,0.0
WQ,Montsec d'Ares (1.571 m),2026-06-12,0.0
WR,Torroja del Priorat,2026-06-12,0.0
WS,Viladrau,2026-06-12,0.0
WT,Malgrat de Mar,2026-06-12,0.0
WU,Badalona - Museu,2026-06-12,0.0
WV,Guardiola de Berguedà,2026-06-12,0.0
WW,Artés,2026-06-12,0.0
WX,Camarasa,2026-06-12,0.0
WZ,Cunit,2026-06-12,0.0
X1,Falset,2026-06-12,0.0
X3,Alguaire,2026-06-12,0.0
X4,Barcelona - el Raval,2026-06-12,0.0
X5,PN dels Ports,2026-06-12,0.0
X6,Baldomar,2026-06-12,0.0
X7,Torres de Segre,2026-06-12,0.0
X8,Barcelona - Zona Universitària,2026-06-12,0.0
X9,Caldes de Montbui,2026-06-12,0.0
XA,la Panadella,2026-06-12,0.0
XB,la Llacuna,2026-06-12,0.0
XC,Castellbisbal,2026-06-12,0.0
XD,Ulldemolins,2026-06-12,0.0
XE,Tarragona - Complex Educatiu,2026-06-12,0.0
XF,Sabadell - Parc Agrari,2026-06-12,0.0
XG,Parets del Vallès,2026-06-12,0.0
XH,Sort,2026-06-12,0.0
XI,Mollerussa,2026-06-12,0.0
XJ,Girona,2026-06-12,0.0
XK,Puig Sesolles (1.666 m),2026-06-12,0.0
XL,el Prat de Llobregat,2026-06-12,0.0
XM,els Alamús,2026-06-12,0.0
XN,Seròs,2026-06-12,0.0
XO,Vic,2026-06-12,0.0
XP,Gandesa,2026-06-12,0.0
XQ,Tremp,2026-06-12,0.0
XR,Prades,2026-06-12,0.0
XS,Santa Coloma de Farners,2026-06-12,0.0
XT,Solsona,2026-06-12,0.0
XU,Canyelles,2026-06-12,0.0
XV,Sant Cugat del Vallès - CAR,2026-06-12,0.0
XX,Anglesola - Tornabous,2026-06-12,0.0
XY,Alcarràs,2026-06-12,0.0
XZ,Torroella de Fluvià,2026-06-12,0.0
Y4,Alinyà,2026-06-12,0.0
Y5,Navata,2026-06-12,0.0
Y6,Tivissa,2026-06-12,0.0
YA,Puigcerdà,2026-06-12,0.0
YB,Olot,2026-06-12,0.0
YC,la Pobla de Segur,2026-06-12,0.0
YD,les Borges Blanques,2026-06-12,0.0
YE,Massoteres,2026-06-12,0.0
YF,Miami Platja,2026-06-12,0.0
YG,Tírvia,2026-06-12,0.0
YH,Pujalt,2026-06-12,0.0
YJ,Lleida - la Femosa,2026-06-12,0.0
YK,Terrassa,2026-06-12,0.0
YL,Riudecanyes,2026-06-12,0.0
YM,Granollers,2026-06-12,0.0
YN,Vielha - Elipòrt,2026-06-12,0.0
YO,Sant Sadurní d'Anoia,2026-06-12,0.0
YP,Palafrugell,2026-06-12,0.0
YQ,Port de Barcelona - ZAL Prat,2026-06-12,0.0
YR,Vilanova i la Geltrú,2026-06-12,0.0
YS,Cabanes,2026-06-12,0.0
YT,Bonabé (1.691 m),2026-06-12,0.0
YU,Cantonigròs,2026-06-12,0.0
YV,Mataró,2026-06-12,0.0
YX,Batea,2026-06-12,0.0
YY,Viladecans - les Filipines,2026-06-12,0.0
Z1,Bonaigua (2.262 m),2026-06-12,0.0
Z2,Boí (2.537 m),2026-06-12,0.0
Z3,Malniu (2.229 m),2026-06-12,0.0
Z5,Certascan (2.398 m),2026-06-12,0.0
Z6,Sasseuva (2.226 m),2026-06-12,0.0
Z7,Espot (2.519 m),2026-06-12,0.0
Z9,Cadí Nord (2.145 m) - Prat d'Aguiló,2026-06-12,0.0
ZB,Salòria (2.451 m),2026-06-12,0.0
ZC,Ulldeter (2.413 m),2026-06-12,0.0
ZE,el Port del Comte (2.288 m),2026-06-12,0.0
C6,Castellnou de Seana,2026-06-13,0.0
C7,Tàrrega,2026-06-13,0.0
C8,Cervera,2026-06-13,0.0
C9,Mas de Barberans,2026-06-13,0.0
CC,Orís,2026-06-13,0.0
CD,la Seu d'Urgell - Bellestar,2026-06-13,0.0
CE,els Hostalets de Pierola,2026-06-13,0.0
CG,Molló - Fabert,2026-06-13,0.0
CI,Sant Pau de Segúries,2026-06-13,0.0
CJ,Organyà,2026-06-13,0.0
CL,Sant Salvador de Guardiola,2026-06-13,0.0
CP,Sant Romà d'Abella,2026-06-13,0.0
CQ,Vilanova de Meià,2026-06-13,0.0
CR,la Quar,2026-06-13,0.0
CT,el Pont de Suert,2026-06-13,0.0
CW,l'Espluga de Francolí,2026-06-13,0.0
CY,Muntanyola,2026-06-13,0.0
D1,Margalef,2026-06-13,0.0
D2,Vacarisses,2026-06-13,0.0
D3,Vallirana,2026-06-13,0.0
D4,Roses,2026-06-13,0.0
D5,Barcelona - Observatori Fabra,2026-06-13,0.0
D6,Portbou - coll dels Belitres,2026-06-13,0.0
D7,Vinebre,2026-06-13,0.0
D8,Horta de Sant Joan,2026-06-13,0.0
D9,el Vendrell,2026-06-13,0.0
DB,el Perelló,2026-06-13,0.0
DF,la Bisbal d'Empordà,2026-06-13,0.0
DG,Núria (1.971 m),2026-06-13,0.0
DI,Font-rubí,2026-06-13,0.0
DJ,Banyoles,2026-06-13,0.0
DK,Torredembarra,2026-06-13,0.0
DL,Illa de Buda,2026-06-13,0.0
DN,Anglès,2026-06-13,0.0
DO,Castell d'Aro,2026-06-13,0.0
DP,Das - Aeròdrom,2026-06-13,0.0
DQ,Vila-rodona,2026-06-13,0.0
H1,Òdena,2026-06-13,0.0
J5,Pantà de Darnius - Boadella,2026-06-13,0.0
KE,Pantà de Sau,2026-06-13,0.0
KP,Fogars de la Selva,2026-06-13,0.0
KX,la Roca del Vallès - ETAP Cardedeu,2026-06-13,0.0
M6,Sant Joan de les Abadesses,2026-06-13,0.0
MQ,Cardona,2026-06-13,0.0
MR,Pantà de Siurana,2026-06-13,0.0
MS,Castellar de n'Hug - el Clot del Moro,2026-06-13,0.0
MV,Guixers - Valls,2026-06-13,0.0
MW,Navès,2026-06-13,0.0
U2,Sant Pere Pescador,2026-06-13,0.0
U3,Sant Martí Sarroca,2026-06-13,0.0
U4,Castellnou de Bages,2026-06-13,0.0
U6,Vinyols i els Arcs - Cambrils,2026-06-13,0.0
U7,Aldover,2026-06-13,0.0
U9,l'Aldea,2026-06-13,0.0
UA,l'Ametlla de Mar,2026-06-13,0.0
UB,la Tallada d'Empordà,2026-06-13,0.0
UE,Torroella de Montgrí,2026-06-13,0.0
UF,PN del Garraf - el Rascler,2026-06-13,0.0
UH,el Montmell,2026-06-13,0.0
UI,Gisclareny,2026-06-13,0.0
UJ,Santa Coloma de Queralt,2026-06-13,0.0
UK,Sant Pere de Ribes - PN del Garraf,2026-06-13,0.0
UM,la Granadella,2026-06-13,0.0
UN,Cassà de la Selva,2026-06-13,0.0
UO,Fornells de la Selva,2026-06-13,0.0
UP,Cabrils,2026-06-13,0.0
UQ,Dosrius - PN Montnegre Corredor,2026-06-13,0.0
US,les Cases d'Alcanar,2026-06-13,0.0
UU,Amposta,2026-06-13,0.0
UW,els Alfacs,2026-06-13,0.0
UX,Ulldecona - els Valentins,2026-06-13,0.0
UY,Os de Balaguer - el Monestir d'Avellanes,2026-06-13,0.0
V1,Vallfogona de Balaguer,2026-06-13,0.0
V4,Montesquiu,2026-06-13,0.0
V5,Perafita,2026-06-13,0.0
V8,el Poal,2026-06-13,0.0
VA,Ascó,2026-06-13,0.0
VB,Benissanet,2026-06-13,0.0
VC,Pantà de Riba-roja,2026-06-13,0.0
VD,el Canós,2026-06-13,0.0
VH,Gimenells,2026-06-13,0.0
VK,Raimat,2026-06-13,0.0
VM,Vilanova de Segrià,2026-06-13,0.0
VO,Lladurs,2026-06-13,0.0
VP,Pinós,2026-06-13,0.0
VQ,Constantí,2026-06-13,0.0
VS,Lac Redon (2.245 m),2026-06-13,0.0
VU,Rellinars,2026-06-13,0.0
VV,Sant Llorenç Savall,2026-06-13,0.0
VX,Tagamanent - PN del Montseny,2026-06-13,0.0
VY,Nulles,2026-06-13,0.0
VZ,Espolla,2026-06-13,0.0
W1,Castelló d'Empúries,2026-06-13,0.0
W4,Vilafranca del Penedès - la Granada,2026-06-13,0.0
W5,Oliana,2026-06-13,0.0
W8,Blancafort,2026-06-13,0.0
W9,la Vall d'en Bas,2026-06-13,0.0
WA,Oliola,2026-06-13,0.0
WB,Albesa,2026-06-13,0.0
WC,Golmés,2026-06-13,0.0
WG,Algerri,2026-06-13,0.0
WI,Maials,2026-06-13,0.0
WJ,el Masroig,2026-06-13,0.0
WK,Alfarràs,2026-06-13,0.0
WL,Sant Martí de Riucorb,2026-06-13,0.0
WM,Santuari de Queralt,2026-06-13,0.0
WN,Montserrat - Sant Dimes,2026-06-13,0.0
WO,la Bisbal del Penedès,2026-06-13,0.0
WP,Canaletes,2026-06-13,0.0
WQ,Montsec d'Ares (1.571 m),2026-06-13,0.0
WR,Torroja del Priorat,2026-06-13,0.0
WS,Viladrau,2026-06-13,0.0
WT,Malgrat de Mar,2026-06-13,0.0
WU,Badalona - Museu,2026-06-13,0.0
WV,Guardiola de Berguedà,2026-06-13,0.0
WW,Artés,2026-06-13,0.0
WX,Camarasa,2026-06-13,0.0
WZ,Cunit,2026-06-13,0.0
X1,Falset,2026-06-13,0.0
X3,Alguaire,2026-06-13,0.0
X4,Barcelona - el Raval,2026-06-13,0.0
X5,PN dels Ports,2026-06-13,0.0
X6,Baldomar,2026-06-13,0.0
X7,Torres de Segre,2026-06-13,0.0
X8,Barcelona - Zona Universitària,2026-06-13,0.0
X9,Caldes de Montbui,2026-06-13,0.0
XA,la Panadella,2026-06-13,0.0
XB,la Llacuna,2026-06-13,0.0
XC,Castellbisbal,2026-06-13,0.0
XD,Ulldemolins,2026-06-13,0.0
XE,Tarragona - Complex Educatiu,2026-06-13,0.0
XF,Sabadell - Parc Agrari,2026-06-13,0.0
XG,Parets del Vallès,2026-06-13,0.0
XH,Sort,2026-06-13,0.0
XI,Mollerussa,2026-06-13,0.0
XJ,Girona,2026-06-13,0.0
XK,Puig Sesolles (1.666 m),2026-06-13,0.0
XL,el Prat de Llobregat,2026-06-13,0.0
XM,els Alamús,2026-06-13,0.0
XN,Seròs,2026-06-13,0.0
XO,Vic,2026-06-13,0.0
XP,Gandesa,2026-06-13,0.0
XQ,Tremp,2026-06-13,0.0
XR,Prades,2026-06-13,0.0
XS,Santa Coloma de Farners,2026-06-13,0.0
XT,Solsona,2026-06-13,0.0
XU,Canyelles,2026-06-13,0.0
XV,Sant Cugat del Vallès - CAR,2026-06-13,0.0
XX,Anglesola - Tornabous,2026-06-13,0.0
XY,Alcarràs,2026-06-13,0.0
XZ,Torroella de Fluvià,2026-06-13,0.0
Y4,Alinyà,2026-06-13,0.0
Y5,Navata,2026-06-13,0.0
Y6,Tivissa,2026-06-13,0.0
YA,Puigcerdà,2026-06-13,0.0
YB,Olot,2026-06-13,0.0
YC,la Pobla de Segur,2026-06-13,0.0
YD,les Borges Blanques,2026-06-13,0.0
YE,Massoteres,2026-06-13,0.0
YF,Miami Platja,2026-06-13,0.0
YG,Tírvia,2026-06-13,0.0
YH,Pujalt,2026-06-13,0.0
YJ,Lleida - la Femosa,2026-06-13,0.0
YK,Terrassa,2026-06-13,0.0
YL,Riudecanyes,2026-06-13,0.0
YM,Granollers,2026-06-13,0.0
YN,Vielha - Elipòrt,2026-06-13,0.0
YO,Sant Sadurní d'Anoia,2026-06-13,0.0
YP,Palafrugell,2026-06-13,0.0
YQ,Port de Barcelona - ZAL Prat,2026-06-13,0.0
YR,Vilanova i la Geltrú,2026-06-13,0.0
YS,Cabanes,2026-06-13,0.0
YT,Bonabé (1.691 m),2026-06-13,0.0
YU,Cantonigròs,2026-06-13,0.0
YV,Mataró,2026-06-13,0.0
YX,Batea,2026-06-13,0.0
YY,Viladecans - les Filipines,2026-06-13,0.0
Z1,Bonaigua (2.262 m),2026-06-13,0.0
Z2,Boí (2.537 m),2026-06-13,0.0
Z3,Malniu (2.229 m),2026-06-13,0.0
Z5,Certascan (2.398 m),2026-06-13,0.0
Z6,Sasseuva (2.226 m),2026-06-13,0.0
Z7,Espot (2.519 m),2026-06-13,0.0
Z9,Cadí Nord (2.145 m) - Prat d'Aguiló,2026-06-13,0.0
ZB,Salòria (2.451 m),2026-06-13,0.0
ZC,Ulldeter (2.413 m),2026-06-13,0.0
ZE,el Port del Comte (2.288 m),2026-06-13,0.0
C6,Castellnou de Seana,2026-06-14,0.0
C7,Tàrrega,2026-06-14,0.0
C8,Cervera,2026-06-14,0.0
C9,Mas de Barberans,2026-06-14,0.0
CC,Orís,2026-06-14,0.0
CD,la Seu d'Urgell - Bellestar,2026-06-14,0.0
CE,els Hostalets de Pierola,2026-06-14,0.0
CG,Molló - Fabert,2026-06-14,0.0
CI,Sant Pau de Segúries,2026-06-14,0.0
CJ,Organyà,2026-06-14,0.0
CL,Sant Salvador de Guardiola,2026-06-14,0.0
CP,Sant Romà d'Abella,2026-06-14,0.0
CQ,Vilanova de Meià,2026-06-14,0.0
CR,la Quar,2026-06-14,0.0
CT,el Pont de Suert,2026-06-14,0.0
CW,l'Espluga de Francolí,2026-06-14,0.0
CY,Muntanyola,2026-06-14,0.0
D1,Margalef,2026-06-14,0.0
D2,Vacarisses,2026-06-14,0.0
D3,Vallirana,2026-06-14,0.0
D4,Roses,2026-06-14,0.0
D5,Barcelona - Observatori Fabra,2026-06-14,0.0
D6,Portbou - coll dels Belitres,2026-06-14,0.0
D7,Vinebre,2026-06-14,0.0
D8,Horta de Sant Joan,2026-06-14,0.0
D9,el Vendrell,2026-06-14,0.0
DB,el Perelló,2026-06-14,0.0
DF,la Bisbal d'Empordà,2026-06-14,0.0
DG,Núria (1.971 m),2026-06-14,3.1
DI,Font-rubí,2026-06-14,0.0
DJ,Banyoles,2026-06-14,0.0
DK,Torredembarra,2026-06-14,0.0
DL,Illa de Buda,2026-06-14,0.0
DN,Anglès,2026-06-14,0.0
DO,Castell d'Aro,2026-06-14,0.0
DP,Das - Aeròdrom,2026-06-14,0.0
DQ,Vila-rodona,2026-06-14,0.0
H1,Òdena,2026-06-14,0.0
J5,Pantà de Darnius - Boadella,2026-06-14,0.0
KE,Pantà de Sau,2026-06-14,0.0
KP,Fogars de la Selva,2026-06-14,0.0
KX,la Roca del Vallès - ETAP Cardedeu,2026-06-14,0.0
M6,Sant Joan de les Abadesses,2026-06-14,0.0
MQ,Cardona,2026-06-14,0.0
MR,Pantà de Siurana,2026-06-14,0.0
MS,Castellar de n'Hug - el Clot del Moro,2026-06-14,0.0
MV,Guixers - Valls,2026-06-14,0.0
MW,Navès,2026-06-14,0.0
U2,Sant Pere Pescador,2026-06-14,0.0
U3,Sant Martí Sarroca,2026-06-14,0.0
U4,Castellnou de Bages,2026-06-14,0.0
U6,Vinyols i els Arcs - Cambrils,2026-06-14,0.0
U7,Aldover,2026-06-14,0.0
U9,l'Aldea,2026-06-14,0.0
UA,l'Ametlla de Mar,2026-06-14,0.0
UB,la Tallada d'Empordà,2026-06-14,0.0
UE,Torroella de Montgrí,2026-06-14,0.0
UF,PN del Garraf - el Rascler,2026-06-14,0.0
UH,el Montmell,2026-06-14,0.0
UI,Gisclareny,2026-06-14,0.0
UJ,Santa Coloma de Queralt,2026-06-14,0.0
UK,Sant Pere de Ribes - PN del Garraf,2026-06-14,0.0
UM,la Granadella,2026-06-14,0.0
UN,Cassà de la Selva,2026-06-14,0.0
UO,Fornells de la Selva,2026-06-14,0.0
UP,Cabrils,2026-06-14,0.0
UQ,Dosrius - PN Montnegre Corredor,2026-06-14,0.0
US,les Cases d'Alcanar,2026-06-14,0.0
UU,Amposta,2026-06-14,0.0
UW,els Alfacs,2026-06-14,0.0
UX,Ulldecona - els Valentins,2026-06-14,0.0
UY,Os de Balaguer - el Monestir d'Avellanes,2026-06-14,0.0
V1,Vallfogona de Balaguer,2026-06-14,0.0
V4,Montesquiu,2026-06-14,0.0
V5,Perafita,2026-06-14,0.0
V8,el Poal,2026-06-14,0.0
VA,Ascó,2026-06-14,0.0
VB,Benissanet,2026-06-14,0.0
VC,Pantà de Riba-roja,2026-06-14,0.0
VD,el Canós,2026-06-14,0.0
VH,Gimenells,2026-06-14,0.0
VK,Raimat,2026-06-14,0.0
VM,Vilanova de Segrià,2026-06-14,0.0
VO,Lladurs,2026-06-14,0.0
VP,Pinós,2026-06-14,0.0
VQ,Constantí,2026-06-14,0.0
VS,Lac Redon (2.245 m),2026-06-14,0.0
VU,Rellinars,2026-06-14,0.0
VV,Sant Llorenç Savall,2026-06-14,0.0
VX,Tagamanent - PN del Montseny,2026-06-14,0.0
VY,Nulles,2026-06-14,0.0
VZ,Espolla,2026-06-14,0.0
W1,Castelló d'Empúries,2026-06-14,0.0
W4,Vilafranca del Penedès - la Granada,2026-06-14,0.0
W5,Oliana,2026-06-14,0.0
W8,Blancafort,2026-06-14,0.0
W9,la Vall d'en Bas,2026-06-14,0.0
WA,Oliola,2026-06-14,0.0
WB,Albesa,2026-06-14,0.0
WC,Golmés,2026-06-14,0.0
WG,Algerri,2026-06-14,0.0
WI,Maials,2026-06-14,0.0
WJ,el Masroig,2026-06-14,0.0
WK,Alfarràs,2026-06-14,0.0
WL,Sant Martí de Riucorb,2026-06-14,0.0
WM,Santuari de Queralt,2026-06-14,0.0
WN,Montserrat - Sant Dimes,2026-06-14,0.0
WO,la Bisbal del Penedès,2026-06-14,0.0
WP,Canaletes,2026-06-14,0.0
WQ,Montsec d'Ares (1.571 m),2026-06-14,0.0
WR,Torroja del Priorat,2026-06-14,0.0
WS,Viladrau,2026-06-14,0.0
WT,Malgrat de Mar,2026-06-14,0.0
WU,Badalona - Museu,2026-06-14,0.0
WV,Guardiola de Berguedà,2026-06-14,0.0
WW,Artés,2026-06-14,0.0
WX,Camarasa,2026-06-14,0.0
WZ,Cunit,2026-06-14,0.0
X1,Falset,2026-06-14,0.0
X3,Alguaire,2026-06-14,0.0
X4,Barcelona - el Raval,2026-06-14,0.0
X5,PN dels Ports,2026-06-14,0.0
X6,Baldomar,2026-06-14,0.0
X7,Torres de Segre,2026-06-14,0.0
X8,Barcelona - Zona Universitària,2026-06-14,0.0
X9,Caldes de Montbui,2026-06-14,0.0
XA,la Panadella,2026-06-14,0.0
XB,la Llacuna,2026-06-14,0.0
XC,Castellbisbal,2026-06-14,0.0
XD,Ulldemolins,2026-06-14,0.0
XE,Tarragona - Complex Educatiu,2026-06-14,0.0
XF,Sabadell - Parc Agrari,2026-06-14,0.0
XG,Parets del Vallès,2026-06-14,0.0
XH,Sort,2026-06-14,0.0
XI,Mollerussa,2026-06-14,0.0
XJ,Girona,2026-06-14,0.0
XK,Puig Sesolles (1.666 m),2026-06-14,0.0
XL,el Prat de Llobregat,2026-06-14,0.0
XM,els Alamús,2026-06-14,0.0
XN,Seròs,2026-06-14,0.0
XO,Vic,2026-06-14,0.0
XP,Gandesa,2026-06-14,0.0
XQ,Tremp,2026-06-14,0.0
XR,Prades,2026-06-14,0.0
XS,Santa Coloma de Farners,2026-06-14,0.0
XT,Solsona,2026-06-14,0.0
XU,Canyelles,2026-06-14,0.0
XV,Sant Cugat del Vallès - CAR,2026-06-14,0.0
XX,Anglesola - Tornabous,2026-06-14,0.0
XY,Alcarràs,2026-06-14,0.0
XZ,Torroella de Fluvià,2026-06-14,0.0
Y4,Alinyà,2026-06-14,0.0
Y5,Navata,2026-06-14,0.0
Y6,Tivissa,2026-06-14,0.0
YA,Puigcerdà,2026-06-14,16.2
YB,Olot,2026-06-14,0.0
YC,la Pobla de Segur,2026-06-14,0.0
YD,les Borges Blanques,2026-06-14,0.0
YE,Massoteres,2026-06-14,0.0
YF,Miami Platja,2026-06-14,0.0
YG,Tírvia,2026-06-14,0.0
YH,Pujalt,2026-06-14,0.0
YJ,Lleida - la Femosa,2026-06-14,0.0
YK,Terrassa,2026-06-14,0.0
YL,Riudecanyes,2026-06-14,0.0
YM,Granollers,2026-06-14,0.0
YN,Vielha - Elipòrt,2026-06-14,0.0
YO,Sant Sadurní d'Anoia,2026-06-14,0.0
YP,Palafrugell,2026-06-14,0.0
YQ,Port de Barcelona - ZAL Prat,2026-06-14,0.0
YR,Vilanova i la Geltrú,2026-06-14,0.0
YS,Cabanes,2026-06-14,0.0
YT,Bonabé (1.691 m),2026-06-14,0.3
YU,Cantonigròs,2026-06-14,0.0
YV,Mataró,2026-06-14,0.0
YX,Batea,2026-06-14,0.0
YY,Viladecans - les Filipines,2026-06-14,0.0
Z1,Bonaigua (2.262 m),2026-06-14,25.0
Z2,Boí (2.537 m),2026-06-14,0.0
Z3,Malniu (2.229 m),2026-06-14,0.0
Z5,Certascan (2.398 m),2026-06-14,0.0
Z6,Sasseuva (2.226 m),2026-06-14,0.0
Z7,Espot (2.519 m),2026-06-14,0.0
Z9,Cadí Nord (2.145 m) - Prat d'Aguiló,2026-06-14,0.0
ZB,Salòria (2.451 m),2026-06-14,0.0
ZC,Ulldeter (2.413 m),2026-06-14,0.0
ZE,el Port del Comte (2.288 m),2026-06-14,0.0
C6,Castellnou de Seana,2026-06-15,0.0
C7,Tàrrega,2026-06-15,0.0
C8,Cervera,2026-06-15,0.0
C9,Mas de Barberans,2026-06-15,0.0
CC,Orís,2026-06-15,0.0
CD,la Seu d'Urgell - Bellestar,2026-06-15,2.1
CE,els Hostalets de Pierola,2026-06-15,0.0
CG,Molló - Fabert,2026-06-15,0.0
CI,Sant Pau de Segúries,2026-06-15,0.0
CJ,Organyà,2026-06-15,22.9
CL,Sant Salvador de Guardiola,2026-06-15,0.0
CP,Sant Romà d'Abella,2026-06-15,7.6
CQ,Vilanova de Meià,2026-06-15,1.2
CR,la Quar,2026-06-15,0.0
CT,el Pont de Suert,2026-06-15,0.1
CW,l'Espluga de Francolí,2026-06-15,0.0
CY,Muntanyola,2026-06-15,0.0
D1,Margalef,2026-06-15,0.0
D2,Vacarisses,2026-06-15,0.0
D3,Vallirana,2026-06-15,0.0
D4,Roses,2026-06-15,0.0
D5,Barcelona - Observatori Fabra,2026-06-15,0.0
D6,Portbou - coll dels Belitres,2026-06-15,0.0
D7,Vinebre,2026-06-15,0.0
D8,Horta de Sant Joan,2026-06-15,0.0
D9,el Vendrell,2026-06-15,0.0
DB,el Perelló,2026-06-15,0.0
DF,la Bisbal d'Empordà,2026-06-15,0.0
DG,Núria (1.971 m),2026-06-15,0.0
DI,Font-rubí,2026-06-15,0.0
DJ,Banyoles,2026-06-15,0.0
DK,Torredembarra,2026-06-15,0.0
DL,Illa de Buda,2026-06-15,0.0
DN,Anglès,2026-06-15,0.0
DO,Castell d'Aro,2026-06-15,0.0
DP,Das - Aeròdrom,2026-06-15,0.1
DQ,Vila-rodona,2026-06-15,0.0
H1,Òdena,2026-06-15,0.0
J5,Pantà de Darnius - Boadella,2026-06-15,0.0
KE,Pantà de Sau,2026-06-15,0.0
KP,Fogars de la Selva,2026-06-15,0.0
KX,la Roca del Vallès - ETAP Cardedeu,2026-06-15,0.0
M6,Sant Joan de les Abadesses,2026-06-15,0.6
MQ,Cardona,2026-06-15,0.0
MR,Pantà de Siurana,2026-06-15,0.0
MS,Castellar de n'Hug - el Clot del Moro,2026-06-15,9.4
MV,Guixers - Valls,2026-06-15,1.8
MW,Navès,2026-06-15,2.1
U2,Sant Pere Pescador,2026-06-15,0.0
U3,Sant Martí Sarroca,2026-06-15,0.0
U4,Castellnou de Bages,2026-06-15,0.0
U6,Vinyols i els Arcs - Cambrils,2026-06-15,0.0
U7,Aldover,2026-06-15,0.0
U9,l'Aldea,2026-06-15,0.0
UA,l'Ametlla de Mar,2026-06-15,0.0
UB,la Tallada d'Empordà,2026-06-15,0.0
UE,Torroella de Montgrí,2026-06-15,0.0
UF,PN del Garraf - el Rascler,2026-06-15,0.0
UH,el Montmell,2026-06-15,0.0
UI,Gisclareny,2026-06-15,1.3
UJ,Santa Coloma de Queralt,2026-06-15,0.0
UK,Sant Pere de Ribes - PN del Garraf,2026-06-15,0.0
UM,la Granadella,2026-06-15,0.0
UN,Cassà de la Selva,2026-06-15,0.0
UO,Fornells de la Selva,2026-06-15,0.0
UP,Cabrils,2026-06-15,0.0
UQ,Dosrius - PN Montnegre Corredor,2026-06-15,0.0
US,les Cases d'Alcanar,2026-06-15,0.0
UU,Amposta,2026-06-15,0.0
UW,els Alfacs,2026-06-15,0.0
UX,Ulldecona - els Valentins,2026-06-15,0.0
UY,Os de Balaguer - el Monestir d'Avellanes,2026-06-15,0.0
V1,Vallfogona de Balaguer,2026-06-15,0.0
V4,Montesquiu,2026-06-15,0.0
V5,Perafita,2026-06-15,0.0
V8,el Poal,2026-06-15,0.0
VA,Ascó,2026-06-15,0.0
VB,Benissanet,2026-06-15,0.0
VC,Pantà de Riba-roja,2026-06-15,0.0
VD,el Canós,2026-06-15,0.0
VH,Gimenells,2026-06-15,0.0
VK,Raimat,2026-06-15,0.0
VM,Vilanova de Segrià,2026-06-15,0.0
VO,Lladurs,2026-06-15,8.6
VP,Pinós,2026-06-15,0.0
VQ,Constantí,2026-06-15,0.0
VS,Lac Redon (2.245 m),2026-06-15,0.0
VU,Rellinars,2026-06-15,0.0
VV,Sant Llorenç Savall,2026-06-15,0.0
VX,Tagamanent - PN del Montseny,2026-06-15,0.0
VY,Nulles,2026-06-15,0.0
VZ,Espolla,2026-06-15,0.0
W1,Castelló d'Empúries,2026-06-15,0.0
W4,Vilafranca del Penedès - la Granada,2026-06-15,0.0
W5,Oliana,2026-06-15,0.3
W8,Blancafort,2026-06-15,0.0
W9,la Vall d'en Bas,2026-06-15,0.0
WA,Oliola,2026-06-15,0.0
WB,Albesa,2026-06-15,0.0
WC,Golmés,2026-06-15,0.0
WG,Algerri,2026-06-15,0.0
WI,Maials,2026-06-15,0.0
WJ,el Masroig,2026-06-15,0.0
WK,Alfarràs,2026-06-15,0.0
WL,Sant Martí de Riucorb,2026-06-15,0.0
WM,Santuari de Queralt,2026-06-15,0.2
WN,Montserrat - Sant Dimes,2026-06-15,0.0
WO,la Bisbal del Penedès,2026-06-15,0.0
WP,Canaletes,2026-06-15,0.0
WQ,Montsec d'Ares (1.571 m),2026-06-15,0.0
WR,Torroja del Priorat,2026-06-15,0.0
WS,Viladrau,2026-06-15,0.0
WT,Malgrat de Mar,2026-06-15,0.0
WU,Badalona - Museu,2026-06-15,0.0
WV,Guardiola de Berguedà,2026-06-15,6.8
WW,Artés,2026-06-15,0.0
WX,Camarasa,2026-06-15,0.0
WZ,Cunit,2026-06-15,0.0
X1,Falset,2026-06-15,0.0
X3,Alguaire,2026-06-15,0.0
X4,Barcelona - el Raval,2026-06-15,0.0
X5,PN dels Ports,2026-06-15,0.0
X6,Baldomar,2026-06-15,0.0
X7,Torres de Segre,2026-06-15,0.0
X8,Barcelona - Zona Universitària,2026-06-15,0.0
X9,Caldes de Montbui,2026-06-15,0.0
XA,la Panadella,2026-06-15,0.0
XB,la Llacuna,2026-06-15,0.0
XC,Castellbisbal,2026-06-15,0.0
XD,Ulldemolins,2026-06-15,0.0
XE,Tarragona - Complex Educatiu,2026-06-15,0.0
XF,Sabadell - Parc Agrari,2026-06-15,0.0
XG,Parets del Vallès,2026-06-15,0.0
XH,Sort,2026-06-15,0.2
XI,Mollerussa,2026-06-15,0.0
XJ,Girona,2026-06-15,0.0
XK,Puig Sesolles (1.666 m),2026-06-15,0.0
XL,el Prat de Llobregat,2026-06-15,0.0
XM,els Alamús,2026-06-15,0.0
XN,Seròs,2026-06-15,0.0
XO,Vic,2026-06-15,0.0
XP,Gandesa,2026-06-15,0.0
XQ,Tremp,2026-06-15,3.2
XR,Prades,2026-06-15,0.0
XS,Santa Coloma de Farners,2026-06-15,0.0
XT,Solsona,2026-06-15,10.1
XU,Canyelles,2026-06-15,0.0
XV,Sant Cugat del Vallès - CAR,2026-06-15,0.0
XX,Anglesola - Tornabous,2026-06-15,0.0
XY,Alcarràs,2026-06-15,0.0
XZ,Torroella de Fluvià,2026-06-15,0.0
Y4,Alinyà,2026-06-15,2.3
Y5,Navata,2026-06-15,0.0
Y6,Tivissa,2026-06-15,0.0
YA,Puigcerdà,2026-06-15,0.0
YB,Olot,2026-06-15,0.0
YC,la Pobla de Segur,2026-06-15,4.8
YD,les Borges Blanques,2026-06-15,0.0
YE,Massoteres,2026-06-15,0.0
YF,Miami Platja,2026-06-15,0.0
YG,Tírvia,2026-06-15,8.1
YH,Pujalt,2026-06-15,0.0
YJ,Lleida - la Femosa,2026-06-15,0.0
YK,Terrassa,2026-06-15,0.0
YL,Riudecanyes,2026-06-15,0.0
YM,Granollers,2026-06-15,0.0
YN,Vielha - Elipòrt,2026-06-15,0.0
YO,Sant Sadurní d'Anoia,2026-06-15,0.0
YP,Palafrugell,2026-06-15,0.0
YQ,Port de Barcelona - ZAL Prat,2026-06-15,0.0
YR,Vilanova i la Geltrú,2026-06-15,0.0
YS,Cabanes,2026-06-15,0.0
YT,Bonabé (1.691 m),2026-06-15,0.0
YU,Cantonigròs,2026-06-15,0.0
YV,Mataró,2026-06-15,0.0
YX,Batea,2026-06-15,0.0
YY,Viladecans - les Filipines,2026-06-15,0.0
Z1,Bonaigua (2.262 m),2026-06-15,8.4
Z2,Boí (2.537 m),2026-06-15,0.0
Z3,Malniu (2.229 m),2026-06-15,0.0
Z5,Certascan (2.398 m),2026-06-15,0.0
Z6,Sasseuva (2.226 m),2026-06-15,0.0
Z7,Espot (2.519 m),2026-06-15,12.0
Z9,Cadí Nord (2.145 m) - Prat d'Aguiló,2026-06-15,6.0
ZB,Salòria (2.451 m),2026-06-15,3.5
ZC,Ulldeter (2.413 m),2026-06-15,0.0
ZE,el Port del Comte (2.288 m),2026-06-15,26.7
C6,Castellnou de Seana,2026-06-16,0.0
C7,Tàrrega,2026-06-16,0.0
C8,Cervera,2026-06-16,0.0
C9,Mas de Barberans,2026-06-16,0.0
CC,Orís,2026-06-16,0.0
CD,la Seu d'Urgell - Bellestar,2026-06-16,5.3
CE,els Hostalets de Pierola,2026-06-16,0.0
CG,Molló - Fabert,2026-06-16,6.9
CI,Sant Pau de Segúries,2026-06-16,0.0
CJ,Organyà,2026-06-16,2.2
CL,Sant Salvador de Guardiola,2026-06-16,0.0
CP,Sant Romà d'Abella,2026-06-16,0.0
CQ,Vilanova de Meià,2026-06-16,0.0
CR,la Quar,2026-06-16,0.0
CT,el Pont de Suert,2026-06-16,4.3
CW,l'Espluga de Francolí,2026-06-16,0.0
CY,Muntanyola,2026-06-16,0.0
D1,Margalef,2026-06-16,0.0
D2,Vacarisses,2026-06-16,0.0
D3,Vallirana,2026-06-16,0.0
D4,Roses,2026-06-16,0.0
D5,Barcelona - Observatori Fabra,2026-06-16,0.0
D6,Portbou - coll dels Belitres,2026-06-16,0.0
D7,Vinebre,2026-06-16,0.0
D8,Horta de Sant Joan,2026-06-16,0.0
D9,el Vendrell,2026-06-16,0.0
DB,el Perelló,2026-06-16,0.0
DF,la Bisbal d'Empordà,2026-06-16,0.0
DG,Núria (1.971 m),2026-06-16,13.4
DI,Font-rubí,2026-06-16,0.0
DJ,Banyoles,2026-06-16,0.0
DK,Torredembarra,2026-06-16,0.0
DL,Illa de Buda,2026-06-16,0.1
DN,Anglès,2026-06-16,0.0
DO,Castell d'Aro,2026-06-16,0.0
DP,Das - Aeròdrom,2026-06-16,2.2
DQ,Vila-rodona,2026-06-16,0.0
H1,Òdena,2026-06-16,0.0
J5,Pantà de Darnius - Boadella,2026-06-16,0.0
KE,Pantà de Sau,2026-06-16,0.0
KP,Fogars de la Selva,2026-06-16,0.0
KX,la Roca del Vallès - ETAP Cardedeu,2026-06-16,0.0
M6,Sant Joan de les Abadesses,2026-06-16,0.9
MQ,Cardona,2026-06-16,0.0
MR,Pantà de Siurana,2026-06-16,0.0
MS,Castellar de n'Hug - el Clot del Moro,2026-06-16,2.5
MV,Guixers - Valls,2026-06-16,0.1
MW,Navès,2026-06-16,0.0
U2,Sant Pere Pescador,2026-06-16,0.0
U3,Sant Martí Sarroca,2026-06-16,0.0
U4,Castellnou de Bages,2026-06-16,0.0
U6,Vinyols i els Arcs - Cambrils,2026-06-16,0.0
U7,Aldover,2026-06-16,0.0
U9,l'Aldea,2026-06-16,0.0
UA,l'Ametlla de Mar,2026-06-16,0.0
UB,la Tallada d'Empordà,2026-06-16,0.0
UE,Torroella de Montgrí,2026-06-16,0.0
UF,PN del Garraf - el Rascler,2026-06-16,0.0
UH,el Montmell,2026-06-16,0.0
UI,Gisclareny,2026-06-16,11.8
UJ,Santa Coloma de Queralt,2026-06-16,0.0
UK,Sant Pere de Ribes - PN del Garraf,2026-06-16,0.0
UM,la Granadella,2026-06-16,0.0
UN,Cassà de la Selva,2026-06-16,0.0
UO,Fornells de la Selva,2026-06-16,0.0
UP,Cabrils,2026-06-16,0.0
UQ,Dosrius - PN Montnegre Corredor,2026-06-16,0.0
US,les Cases d'Alcanar,2026-06-16,0.0
UU,Amposta,2026-06-16,0.0
UW,els Alfacs,2026-06-16,0.0
UX,Ulldecona - els Valentins,2026-06-16,0.0
UY,Os de Balaguer - el Monestir d'Avellanes,2026-06-16,0.0
V1,Vallfogona de Balaguer,2026-06-16,0.0
V4,Montesquiu,2026-06-16,0.0
V5,Perafita,2026-06-16,0.0
V8,el Poal,2026-06-16,0.0
VA,Ascó,2026-06-16,0.0
VB,Benissanet,2026-06-16,0.0
VC,Pantà de Riba-roja,2026-06-16,0.0
VD,el Canós,2026-06-16,0.0
VH,Gimenells,2026-06-16,0.0
VK,Raimat,2026-06-16,0.0
VM,Vilanova de Segrià,2026-06-16,0.0
VO,Lladurs,2026-06-16,0.0
VP,Pinós,2026-06-16,0.0
VQ,Constantí,2026-06-16,0.0
VS,Lac Redon (2.245 m),2026-06-16,0.0
VU,Rellinars,2026-06-16,0.0
VV,Sant Llorenç Savall,2026-06-16,0.0
VX,Tagamanent - PN del Montseny,2026-06-16,0.0
VY,Nulles,2026-06-16,0.0
VZ,Espolla,2026-06-16,0.0
W1,Castelló d'Empúries,2026-06-16,0.0
W4,Vilafranca del Penedès - la Granada,2026-06-16,0.0
W5,Oliana,2026-06-16,0.0
W8,Blancafort,2026-06-16,0.0
W9,la Vall d'en Bas,2026-06-16,0.0
WA,Oliola,2026-06-16,0.0
WB,Albesa,2026-06-16,0.0
WC,Golmés,2026-06-16,0.0
WG,Algerri,2026-06-16,0.0
WI,Maials,2026-06-16,0.0
WJ,el Masroig,2026-06-16,0.0
WK,Alfarràs,2026-06-16,0.0
WL,Sant Martí de Riucorb,2026-06-16,0.0
WM,Santuari de Queralt,2026-06-16,0.0
WN,Montserrat - Sant Dimes,2026-06-16,0.0
WO,la Bisbal del Penedès,2026-06-16,0.0
WP,Canaletes,2026-06-16,0.0
WQ,Montsec d'Ares (1.571 m),2026-06-16,0.0
WR,Torroja del Priorat,2026-06-16,0.0
WS,Viladrau,2026-06-16,0.0
WT,Malgrat de Mar,2026-06-16,0.0
WU,Badalona - Museu,2026-06-16,0.0
WV,Guardiola de Berguedà,2026-06-16,1.0
WW,Artés,2026-06-16,0.0
WX,Camarasa,2026-06-16,0.0
WZ,Cunit,2026-06-16,0.0
X1,Falset,2026-06-16,0.0
X3,Alguaire,2026-06-16,0.0
X4,Barcelona - el Raval,2026-06-16,0.0
X5,PN dels Ports,2026-06-16,0.0
X6,Baldomar,2026-06-16,0.0
X7,Torres de Segre,2026-06-16,0.0
X8,Barcelona - Zona Universitària,2026-06-16,0.0
X9,Caldes de Montbui,2026-06-16,0.0
XA,la Panadella,2026-06-16,0.0
XB,la Llacuna,2026-06-16,0.0
XC,Castellbisbal,2026-06-16,0.0
XD,Ulldemolins,2026-06-16,0.0
XE,Tarragona - Complex Educatiu,2026-06-16,0.0
XF,Sabadell - Parc Agrari,2026-06-16,0.0
XG,Parets del Vallès,2026-06-16,0.0
XH,Sort,2026-06-16,0.0
XI,Mollerussa,2026-06-16,0.0
XJ,Girona,2026-06-16,0.0
XK,Puig Sesolles (1.666 m),2026-06-16,0.0
XL,el Prat de Llobregat,2026-06-16,0.0
XM,els Alamús,2026-06-16,0.0
XN,Seròs,2026-06-16,0.0
XO,Vic,2026-06-16,0.0
XP,Gandesa,2026-06-16,0.0
XQ,Tremp,2026-06-16,0.0
XR,Prades,2026-06-16,0.0
XS,Santa Coloma de Farners,2026-06-16,0.0
XT,Solsona,2026-06-16,0.0
XU,Canyelles,2026-06-16,0.0
XV,Sant Cugat del Vallès - CAR,2026-06-16,0.0
XX,Anglesola - Tornabous,2026-06-16,0.0
XY,Alcarràs,2026-06-16,0.0
XZ,Torroella de Fluvià,2026-06-16,0.0
Y4,Alinyà,2026-06-16,2.0
Y5,Navata,2026-06-16,0.0
Y6,Tivissa,2026-06-16,0.0
YA,Puigcerdà,2026-06-16,1.2
YB,Olot,2026-06-16,0.0
YC,la Pobla de Segur,2026-06-16,5.1
YD,les Borges Blanques,2026-06-16,0.0
YE,Massoteres,2026-06-16,0.0
YF,Miami Platja,2026-06-16,0.0
YG,Tírvia,2026-06-16,0.3
YH,Pujalt,2026-06-16,0.0
YJ,Lleida - la Femosa,2026-06-16,0.0
YK,Terrassa,2026-06-16,0.0
YL,Riudecanyes,2026-06-16,0.0
YM,Granollers,2026-06-16,0.0
YN,Vielha - Elipòrt,2026-06-16,0.0
YO,Sant Sadurní d'Anoia,2026-06-16,0.0
YP,Palafrugell,2026-06-16,0.0
YQ,Port de Barcelona - ZAL Prat,2026-06-16,0.0
YR,Vilanova i la Geltrú,2026-06-16,0.0
YS,Cabanes,2026-06-16,0.0
YT,Bonabé (1.691 m),2026-06-16,1.0
YU,Cantonigròs,2026-06-16,0.0
YV,Mataró,2026-06-16,0.0
YX,Batea,2026-06-16,0.0
YY,Viladecans - les Filipines,2026-06-16,0.0
Z1,Bonaigua (2.262 m),2026-06-16,15.3
Z2,Boí (2.537 m),2026-06-16,0.4
Z3,Malniu (2.229 m),2026-06-16,41.0
Z5,Certascan (2.398 m),2026-06-16,0.0
Z6,Sasseuva (2.226 m),2026-06-16,0.0
Z7,Espot (2.519 m),2026-06-16,1.4
Z9,Cadí Nord (2.145 m) - Prat d'Aguiló,2026-06-16,8.3
ZB,Salòria (2.451 m),2026-06-16,0.0
ZC,Ulldeter (2.413 m),2026-06-16,22.5
ZE,el Port del Comte (2.288 m),2026-06-16,2.2
C6,Castellnou de Seana,2026-06-17,0.0
C7,Tàrrega,2026-06-17,0.0
C8,Cervera,2026-06-17,0.0
C9,Mas de Barberans,2026-06-17,0.0
CC,Orís,2026-06-17,0.0
CD,la Seu d'Urgell - Bellestar,2026-06-17,0.0
CE,els Hostalets de Pierola,2026-06-17,0.0
CG,Molló - Fabert,2026-06-17,0.0
CI,Sant Pau de Segúries,2026-06-17,0.0
CJ,Organyà,2026-06-17,0.0
CL,Sant Salvador de Guardiola,2026-06-17,0.0
CP,Sant Romà d'Abella,2026-06-17,0.0
CQ,Vilanova de Meià,2026-06-17,0.0
CR,la Quar,2026-06-17,0.0
CT,el Pont de Suert,2026-06-17,0.1
CW,l'Espluga de Francolí,2026-06-17,0.0
CY,Muntanyola,2026-06-17,0.0
D1,Margalef,2026-06-17,0.0
D2,Vacarisses,2026-06-17,0.0
D3,Vallirana,2026-06-17,0.0
D4,Roses,2026-06-17,0.0
D5,Barcelona - Observatori Fabra,2026-06-17,0.0
D6,Portbou - coll dels Belitres,2026-06-17,0.0
D7,Vinebre,2026-06-17,0.0
D8,Horta de Sant Joan,2026-06-17,0.0
D9,el Vendrell,2026-06-17,0.0
DB,el Perelló,2026-06-17,0.0
DF,la Bisbal d'Empordà,2026-06-17,0.0
DG,Núria (1.971 m),2026-06-17,0.0
DI,Font-rubí,2026-06-17,0.0
DJ,Banyoles,2026-06-17,0.0
DK,Torredembarra,2026-06-17,0.0
DL,Illa de Buda,2026-06-17,0.1
DN,Anglès,2026-06-17,0.0
DO,Castell d'Aro,2026-06-17,0.0
DP,Das - Aeròdrom,2026-06-17,20.2
DQ,Vila-rodona,2026-06-17,0.0
H1,Òdena,2026-06-17,0.0
J5,Pantà de Darnius - Boadella,2026-06-17,0.0
KE,Pantà de Sau,2026-06-17,0.0
KP,Fogars de la Selva,2026-06-17,0.0
KX,la Roca del Vallès - ETAP Cardedeu,2026-06-17,0.0
M6,Sant Joan de les Abadesses,2026-06-17,0.0
MQ,Cardona,2026-06-17,0.0
MR,Pantà de Siurana,2026-06-17,0.0
MS,Castellar de n'Hug - el Clot del Moro,2026-06-17,0.0
MV,Guixers - Valls,2026-06-17,0.2
MW,Navès,2026-06-17,0.0
U2,Sant Pere Pescador,2026-06-17,0.0
U3,Sant Martí Sarroca,2026-06-17,0.0
U4,Castellnou de Bages,2026-06-17,0.0
U6,Vinyols i els Arcs - Cambrils,2026-06-17,0.0
U7,Aldover,2026-06-17,0.0
U9,l'Aldea,2026-06-17,0.0
UA,l'Ametlla de Mar,2026-06-17,0.0
UB,la Tallada d'Empordà,2026-06-17,0.0
UE,Torroella de Montgrí,2026-06-17,0.0
UF,PN del Garraf - el Rascler,2026-06-17,0.0
UH,el Montmell,2026-06-17,0.0
UI,Gisclareny,2026-06-17,0.0
UJ,Santa Coloma de Queralt,2026-06-17,0.0
UK,Sant Pere de Ribes - PN del Garraf,2026-06-17,0.0
UM,la Granadella,2026-06-17,0.0
UN,Cassà de la Selva,2026-06-17,0.0
UO,Fornells de la Selva,2026-06-17,0.0
UP,Cabrils,2026-06-17,0.0
UQ,Dosrius - PN Montnegre Corredor,2026-06-17,0.0
US,les Cases d'Alcanar,2026-06-17,0.0
UU,Amposta,2026-06-17,0.0
UW,els Alfacs,2026-06-17,0.0
UX,Ulldecona - els Valentins,2026-06-17,0.0
UY,Os de Balaguer - el Monestir d'Avellanes,2026-06-17,0.0
V1,Vallfogona de Balaguer,2026-06-17,0.0
V4,Montesquiu,2026-06-17,0.0
V5,Perafita,2026-06-17,0.0
V8,el Poal,2026-06-17,0.0
VA,Ascó,2026-06-17,0.0
VB,Benissanet,2026-06-17,0.0
VC,Pantà de Riba-roja,2026-06-17,0.0
VD,el Canós,2026-06-17,0.0
VH,Gimenells,2026-06-17,0.0
VK,Raimat,2026-06-17,0.0
VM,Vilanova de Segrià,2026-06-17,0.0
VO,Lladurs,2026-06-17,0.0
VP,Pinós,2026-06-17,0.0
VQ,Constantí,2026-06-17,0.0
VS,Lac Redon (2.245 m),2026-06-17,0.3
VU,Rellinars,2026-06-17,0.0
VV,Sant Llorenç Savall,2026-06-17,0.0
VX,Tagamanent - PN del Montseny,2026-06-17,0.0
VY,Nulles,2026-06-17,0.0
VZ,Espolla,2026-06-17,0.0
W1,Castelló d'Empúries,2026-06-17,0.0
W4,Vilafranca del Penedès - la Granada,2026-06-17,0.0
W5,Oliana,2026-06-17,0.0
W8,Blancafort,2026-06-17,0.0
W9,la Vall d'en Bas,2026-06-17,0.0
WA,Oliola,2026-06-17,0.0
WB,Albesa,2026-06-17,0.0
WC,Golmés,2026-06-17,0.0
WG,Algerri,2026-06-17,0.0
WI,Maials,2026-06-17,0.0
WJ,el Masroig,2026-06-17,0.0
WK,Alfarràs,2026-06-17,0.0
WL,Sant Martí de Riucorb,2026-06-17,0.0
WM,Santuari de Queralt,2026-06-17,0.0
WN,Montserrat - Sant Dimes,2026-06-17,0.0
WO,la Bisbal del Penedès,2026-06-17,0.0
WP,Canaletes,2026-06-17,0.0
WQ,Montsec d'Ares (1.571 m),2026-06-17,0.0
WR,Torroja del Priorat,2026-06-17,0.0
WS,Viladrau,2026-06-17,0.0
WT,Malgrat de Mar,2026-06-17,0.0
WU,Badalona - Museu,2026-06-17,0.0
WV,Guardiola de Berguedà,2026-06-17,0.1
WW,Artés,2026-06-17,0.0
WX,Camarasa,2026-06-17,0.0
WZ,Cunit,2026-06-17,0.0
X1,Falset,2026-06-17,0.0
X3,Alguaire,2026-06-17,0.0
X4,Barcelona - el Raval,2026-06-17,0.0
X5,PN dels Ports,2026-06-17,0.0
X6,Baldomar,2026-06-17,0.0
X7,Torres de Segre,2026-06-17,0.0
X8,Barcelona - Zona Universitària,2026-06-17,0.0
X9,Caldes de Montbui,2026-06-17,0.0
XA,la Panadella,2026-06-17,0.0
XB,la Llacuna,2026-06-17,0.0
XC,Castellbisbal,2026-06-17,0.0
XD,Ulldemolins,2026-06-17,0.0
XE,Tarragona - Complex Educatiu,2026-06-17,0.0
XF,Sabadell - Parc Agrari,2026-06-17,0.0
XG,Parets del Vallès,2026-06-17,0.0
XH,Sort,2026-06-17,4.0
XI,Mollerussa,2026-06-17,0.0
XJ,Girona,2026-06-17,0.0
XK,Puig Sesolles (1.666 m),2026-06-17,0.0
XL,el Prat de Llobregat,2026-06-17,0.0
XM,els Alamús,2026-06-17,0.0
XN,Seròs,2026-06-17,0.0
XO,Vic,2026-06-17,0.0
XP,Gandesa,2026-06-17,0.0
XQ,Tremp,2026-06-17,0.6
XR,Prades,2026-06-17,0.0
XS,Santa Coloma de Farners,2026-06-17,0.0
XT,Solsona,2026-06-17,0.0
XU,Canyelles,2026-06-17,0.0
XV,Sant Cugat del Vallès - CAR,2026-06-17,0.0
XX,Anglesola - Tornabous,2026-06-17,0.0
XY,Alcarràs,2026-06-17,0.0
XZ,Torroella de Fluvià,2026-06-17,0.0
Y4,Alinyà,2026-06-17,0.0
Y5,Navata,2026-06-17,0.0
Y6,Tivissa,2026-06-17,0.0
YA,Puigcerdà,2026-06-17,1.3
YB,Olot,2026-06-17,0.0
YC,la Pobla de Segur,2026-06-17,0.2
YD,les Borges Blanques,2026-06-17,0.0
YE,Massoteres,2026-06-17,0.0
YF,Miami Platja,2026-06-17,0.0
YG,Tírvia,2026-06-17,0.0
YH,Pujalt,2026-06-17,0.0
YJ,Lleida - la Femosa,2026-06-17,0.0
YK,Terrassa,2026-06-17,0.0
YL,Riudecanyes,2026-06-17,0.0
YM,Granollers,2026-06-17,0.0
YN,Vielha - Elipòrt,2026-06-17,0.1
YO,Sant Sadurní d'Anoia,2026-06-17,0.0
YP,Palafrugell,2026-06-17,0.0
YQ,Port de Barcelona - ZAL Prat,2026-06-17,0.0
YR,Vilanova i la Geltrú,2026-06-17,0.0
YS,Cabanes,2026-06-17,0.0
YT,Bonabé (1.691 m),2026-06-17,25.5
YU,Cantonigròs,2026-06-17,0.0
YV,Mataró,2026-06-17,0.0
YX,Batea,2026-06-17,0.0
YY,Viladecans - les Filipines,2026-06-17,0.0
Z1,Bonaigua (2.262 m),2026-06-17,0.0
Z2,Boí (2.537 m),2026-06-17,3.3
Z3,Malniu (2.229 m),2026-06-17,12.2
Z5,Certascan (2.398 m),2026-06-17,1.0
Z6,Sasseuva (2.226 m),2026-06-17,5.1
Z7,Espot (2.519 m),2026-06-17,0.0
Z9,Cadí Nord (2.145 m) - Prat d'Aguiló,2026-06-17,1.4
ZB,Salòria (2.451 m),2026-06-17,1.4
ZC,Ulldeter (2.413 m),2026-06-17,1.7
ZE,el Port del Comte (2.288 m),2026-06-17,0.0
C6,Castellnou de Seana,2026-06-18,0.0
C7,Tàrrega,2026-06-18,0.0
C8,Cervera,2026-06-18,0.0
C9,Mas de Barberans,2026-06-18,0.0
CC,Orís,2026-06-18,0.0
CD,la Seu d'Urgell - Bellestar,2026-06-18,0.0
CE,els Hostalets de Pierola,2026-06-18,0.0
CG,Molló - Fabert,2026-06-18,0.0
CI,Sant Pau de Segúries,2026-06-18,0.0
CJ,Organyà,2026-06-18,0.0
CL,Sant Salvador de Guardiola,2026-06-18,0.0
CP,Sant Romà d'Abella,2026-06-18,0.0
CQ,Vilanova de Meià,2026-06-18,0.0
CR,la Quar,2026-06-18,0.0
CT,el Pont de Suert,2026-06-18,0.0
CW,l'Espluga de Francolí,2026-06-18,0.0
CY,Muntanyola,2026-06-18,0.0
D1,Margalef,2026-06-18,0.0
D2,Vacarisses,2026-06-18,0.0
D3,Vallirana,2026-06-18,0.0
D4,Roses,2026-06-18,0.0
D5,Barcelona - Observatori Fabra,2026-06-18,0.0
D6,Portbou - coll dels Belitres,2026-06-18,0.0
D7,Vinebre,2026-06-18,0.0
D8,Horta de Sant Joan,2026-06-18,0.0
D9,el Vendrell,2026-06-18,0.2
DB,el Perelló,2026-06-18,1.5
DF,la Bisbal d'Empordà,2026-06-18,0.0
DG,Núria (1.971 m),2026-06-18,0.0
DI,Font-rubí,2026-06-18,0.0
DJ,Banyoles,2026-06-18,0.0
DK,Torredembarra,2026-06-18,0.4
DL,Illa de Buda,2026-06-18,0.5
DN,Anglès,2026-06-18,0.0
DO,Castell d'Aro,2026-06-18,0.0
DP,Das - Aeròdrom,2026-06-18,0.0
DQ,Vila-rodona,2026-06-18,0.0
H1,Òdena,2026-06-18,0.0
J5,Pantà de Darnius - Boadella,2026-06-18,0.0
KE,Pantà de Sau,2026-06-18,0.0
KP,Fogars de la Selva,2026-06-18,0.0
KX,la Roca del Vallès - ETAP Cardedeu,2026-06-18,0.0
M6,Sant Joan de les Abadesses,2026-06-18,0.0
MQ,Cardona,2026-06-18,0.0
MR,Pantà de Siurana,2026-06-18,0.0
MS,Castellar de n'Hug - el Clot del Moro,2026-06-18,0.0
MV,Guixers - Valls,2026-06-18,0.0
MW,Navès,2026-06-18,0.0
U2,Sant Pere Pescador,2026-06-18,0.0
U3,Sant Martí Sarroca,2026-06-18,0.0
U4,Castellnou de Bages,2026-06-18,0.0
U6,Vinyols i els Arcs - Cambrils,2026-06-18,0.2
U7,Aldover,2026-06-18,0.0
U9,l'Aldea,2026-06-18,0.0
UA,l'Ametlla de Mar,2026-06-18,0.4
UB,la Tallada d'Empordà,2026-06-18,0.0
UE,Torroella de Montgrí,2026-06-18,0.0
UF,PN del Garraf - el Rascler,2026-06-18,0.1
UH,el Montmell,2026-06-18,0.1
UI,Gisclareny,2026-06-18,0.0
UJ,Santa Coloma de Queralt,2026-06-18,0.0
UK,Sant Pere de Ribes - PN del Garraf,2026-06-18,0.0
UM,la Granadella,2026-06-18,0.0
UN,Cassà de la Selva,2026-06-18,0.0
UO,Fornells de la Selva,2026-06-18,0.0
UP,Cabrils,2026-06-18,0.0
UQ,Dosrius - PN Montnegre Corredor,2026-06-18,0.0
US,les Cases d'Alcanar,2026-06-18,0.0
UU,Amposta,2026-06-18,0.0
UW,els Alfacs,2026-06-18,0.0
UX,Ulldecona - els Valentins,2026-06-18,0.0
UY,Os de Balaguer - el Monestir d'Avellanes,2026-06-18,0.0
V1,Vallfogona de Balaguer,2026-06-18,0.0
V4,Montesquiu,2026-06-18,0.0
V5,Perafita,2026-06-18,0.0
V8,el Poal,2026-06-18,0.0
VA,Ascó,2026-06-18,0.0
VB,Benissanet,2026-06-18,0.0
VC,Pantà de Riba-roja,2026-06-18,0.0
VD,el Canós,2026-06-18,0.0
VH,Gimenells,2026-06-18,0.0
VK,Raimat,2026-06-18,0.0
VM,Vilanova de Segrià,2026-06-18,0.0
VO,Lladurs,2026-06-18,0.0
VP,Pinós,2026-06-18,0.0
VQ,Constantí,2026-06-18,0.0
VS,Lac Redon (2.245 m),2026-06-18,0.0
VU,Rellinars,2026-06-18,0.0
VV,Sant Llorenç Savall,2026-06-18,0.0
VX,Tagamanent - PN del Montseny,2026-06-18,0.0
VY,Nulles,2026-06-18,0.0
VZ,Espolla,2026-06-18,0.0
W1,Castelló d'Empúries,2026-06-18,0.0
W4,Vilafranca del Penedès - la Granada,2026-06-18,0.0
W5,Oliana,2026-06-18,0.0
W8,Blancafort,2026-06-18,0.0
W9,la Vall d'en Bas,2026-06-18,0.0
WA,Oliola,2026-06-18,0.0
WB,Albesa,2026-06-18,0.0
WC,Golmés,2026-06-18,0.0
WG,Algerri,2026-06-18,0.0
WI,Maials,2026-06-18,0.0
WJ,el Masroig,2026-06-18,0.0
WK,Alfarràs,2026-06-18,0.0
WL,Sant Martí de Riucorb,2026-06-18,0.0
WM,Santuari de Queralt,2026-06-18,0.0
WN,Montserrat - Sant Dimes,2026-06-18,0.0
WO,la Bisbal del Penedès,2026-06-18,0.1
WP,Canaletes,2026-06-18,0.0
WQ,Montsec d'Ares (1.571 m),2026-06-18,0.0
WR,Torroja del Priorat,2026-06-18,0.0
WS,Viladrau,2026-06-18,0.0
WT,Malgrat de Mar,2026-06-18,0.0
WU,Badalona - Museu,2026-06-18,0.0
WV,Guardiola de Berguedà,2026-06-18,0.0
WW,Artés,2026-06-18,0.0
WX,Camarasa,2026-06-18,0.0
WZ,Cunit,2026-06-18,0.0
X1,Falset,2026-06-18,1.3
X3,Alguaire,2026-06-18,0.0
X4,Barcelona - el Raval,2026-06-18,0.0
X5,PN dels Ports,2026-06-18,0.0
X6,Baldomar,2026-06-18,0.0
X7,Torres de Segre,2026-06-18,0.0
X8,Barcelona - Zona Universitària,2026-06-18,0.0
X9,Caldes de Montbui,2026-06-18,0.0
XA,la Panadella,2026-06-18,0.0
XB,la Llacuna,2026-06-18,0.0
XC,Castellbisbal,2026-06-18,0.0
XD,Ulldemolins,2026-06-18,0.0
XE,Tarragona - Complex Educatiu,2026-06-18,0.4
XF,Sabadell - Parc Agrari,2026-06-18,0.0
XG,Parets del Vallès,2026-06-18,0.0
XH,Sort,2026-06-18,0.0
XI,Mollerussa,2026-06-18,0.0
XJ,Girona,2026-06-18,0.0
XK,Puig Sesolles (1.666 m),2026-06-18,0.0
XL,el Prat de Llobregat,2026-06-18,0.0
XM,els Alamús,2026-06-18,0.0
XN,Seròs,2026-06-18,0.0
XO,Vic,2026-06-18,0.0
XP,Gandesa,2026-06-18,0.0
XQ,Tremp,2026-06-18,0.0
XR,Prades,2026-06-18,0.0
XS,Santa Coloma de Farners,2026-06-18,0.0
XT,Solsona,2026-06-18,0.0
XU,Canyelles,2026-06-18,0.0
XV,Sant Cugat del Vallès - CAR,2026-06-18,0.0
XX,Anglesola - Tornabous,2026-06-18,0.0
XY,Alcarràs,2026-06-18,0.0
XZ,Torroella de Fluvià,2026-06-18,0.0
Y4,Alinyà,2026-06-18,0.0
Y5,Navata,2026-06-18,0.0
Y6,Tivissa,2026-06-18,0.2
YA,Puigcerdà,2026-06-18,0.0
YB,Olot,2026-06-18,0.0
YC,la Pobla de Segur,2026-06-18,0.0
YD,les Borges Blanques,2026-06-18,0.0
YE,Massoteres,2026-06-18,0.0
YF,Miami Platja,2026-06-18,0.2
YG,Tírvia,2026-06-18,0.0
YH,Pujalt,2026-06-18,0.0
YJ,Lleida - la Femosa,2026-06-18,0.0
YK,Terrassa,2026-06-18,0.0
YL,Riudecanyes,2026-06-18,0.7
YM,Granollers,2026-06-18,0.0
YN,Vielha - Elipòrt,2026-06-18,0.0
YO,Sant Sadurní d'Anoia,2026-06-18,0.0
YP,Palafrugell,2026-06-18,0.1
YQ,Port de Barcelona - ZAL Prat,2026-06-18,0.0
YR,Vilanova i la Geltrú,2026-06-18,0.0
YS,Cabanes,2026-06-18,0.0
YT,Bonabé (1.691 m),2026-06-18,0.0
YU,Cantonigròs,2026-06-18,0.0
YV,Mataró,2026-06-18,0.0
YX,Batea,2026-06-18,0.0
YY,Viladecans - les Filipines,2026-06-18,0.0
Z1,Bonaigua (2.262 m),2026-06-18,0.6
Z2,Boí (2.537 m),2026-06-18,0.0
Z3,Malniu (2.229 m),2026-06-18,0.0
Z5,Certascan (2.398 m),2026-06-18,0.0
Z6,Sasseuva (2.226 m),2026-06-18,1.0
Z7,Espot (2.519 m),2026-06-18,0.0
Z9,Cadí Nord (2.145 m) - Prat d'Aguiló,2026-06-18,0.0
ZB,Salòria (2.451 m),2026-06-18,0.0
ZC,Ulldeter (2.413 m),2026-06-18,0.0
ZE,el Port del Comte (2.288 m),2026-06-18,0.0
C6,Castellnou de Seana,2026-06-19,0.0
C7,Tàrrega,2026-06-19,0.0
C8,Cervera,2026-06-19,0.0
C9,Mas de Barberans,2026-06-19,0.0
CC,Orís,2026-06-19,0.0
CD,la Seu d'Urgell - Bellestar,2026-06-19,0.0
CE,els Hostalets de Pierola,2026-06-19,0.0
CG,Molló - Fabert,2026-06-19,0.0
CI,Sant Pau de Segúries,2026-06-19,0.0
CJ,Organyà,2026-06-19,0.0
CL,Sant Salvador de Guardiola,2026-06-19,0.1
CP,Sant Romà d'Abella,2026-06-19,0.0
CQ,Vilanova de Meià,2026-06-19,0.0
CR,la Quar,2026-06-19,0.0
CT,el Pont de Suert,2026-06-19,0.0
CW,l'Espluga de Francolí,2026-06-19,0.0
CY,Muntanyola,2026-06-19,0.0
D1,Margalef,2026-06-19,0.0
D2,Vacarisses,2026-06-19,0.0
D3,Vallirana,2026-06-19,0.0
D4,Roses,2026-06-19,0.0
D5,Barcelona - Observatori Fabra,2026-06-19,0.0
D6,Portbou - coll dels Belitres,2026-06-19,0.0
D7,Vinebre,2026-06-19,0.0
D8,Horta de Sant Joan,2026-06-19,0.0
D9,el Vendrell,2026-06-19,0.0
DB,el Perelló,2026-06-19,0.0
DF,la Bisbal d'Empordà,2026-06-19,0.0
DG,Núria (1.971 m),2026-06-19,0.0
DI,Font-rubí,2026-06-19,0.0
DJ,Banyoles,2026-06-19,0.0
DK,Torredembarra,2026-06-19,0.0
DL,Illa de Buda,2026-06-19,0.0
DN,Anglès,2026-06-19,0.0
DO,Castell d'Aro,2026-06-19,0.0
DP,Das - Aeròdrom,2026-06-19,0.0
DQ,Vila-rodona,2026-06-19,0.1
H1,Òdena,2026-06-19,0.2
J5,Pantà de Darnius - Boadella,2026-06-19,0.0
KE,Pantà de Sau,2026-06-19,0.0
KP,Fogars de la Selva,2026-06-19,0.0
KX,la Roca del Vallès - ETAP Cardedeu,2026-06-19,0.0
M6,Sant Joan de les Abadesses,2026-06-19,0.0
MQ,Cardona,2026-06-19,0.0
MR,Pantà de Siurana,2026-06-19,0.2
MS,Castellar de n'Hug - el Clot del Moro,2026-06-19,0.0
MV,Guixers - Valls,2026-06-19,0.0
MW,Navès,2026-06-19,0.0
U2,Sant Pere Pescador,2026-06-19,0.1
U3,Sant Martí Sarroca,2026-06-19,0.0
U4,Castellnou de Bages,2026-06-19,0.0
U6,Vinyols i els Arcs - Cambrils,2026-06-19,0.0
U7,Aldover,2026-06-19,0.0
U9,l'Aldea,2026-06-19,0.0
UA,l'Ametlla de Mar,2026-06-19,0.0
UB,la Tallada d'Empordà,2026-06-19,0.0
UE,Torroella de Montgrí,2026-06-19,0.0
UF,PN del Garraf - el Rascler,2026-06-19,0.1
UH,el Montmell,2026-06-19,0.1
UI,Gisclareny,2026-06-19,0.0
UJ,Santa Coloma de Queralt,2026-06-19,0.1
UK,Sant Pere de Ribes - PN del Garraf,2026-06-19,0.0
UM,la Granadella,2026-06-19,0.0
UN,Cassà de la Selva,2026-06-19,0.0
UO,Fornells de la Selva,2026-06-19,0.0
UP,Cabrils,2026-06-19,0.0
UQ,Dosrius - PN Montnegre Corredor,2026-06-19,0.0
US,les Cases d'Alcanar,2026-06-19,0.0
UU,Amposta,2026-06-19,0.0
UW,els Alfacs,2026-06-19,0.0
UX,Ulldecona - els Valentins,2026-06-19,0.0
UY,Os de Balaguer - el Monestir d'Avellanes,2026-06-19,0.0
V1,Vallfogona de Balaguer,2026-06-19,0.0
V4,Montesquiu,2026-06-19,0.0
V5,Perafita,2026-06-19,0.0
V8,el Poal,2026-06-19,0.0
VA,Ascó,2026-06-19,0.0
VB,Benissanet,2026-06-19,0.0
VC,Pantà de Riba-roja,2026-06-19,0.0
VD,el Canós,2026-06-19,0.0
VH,Gimenells,2026-06-19,0.0
VK,Raimat,2026-06-19,0.0
VM,Vilanova de Segrià,2026-06-19,0.0
VO,Lladurs,2026-06-19,0.0
VP,Pinós,2026-06-19,0.0
VQ,Constantí,2026-06-19,0.1
VS,Lac Redon (2.245 m),2026-06-19,0.0
VU,Rellinars,2026-06-19,0.0
VV,Sant Llorenç Savall,2026-06-19,0.0
VX,Tagamanent - PN del Montseny,2026-06-19,0.0
VY,Nulles,2026-06-19,0.0
VZ,Espolla,2026-06-19,0.0
W1,Castelló d'Empúries,2026-06-19,0.0
W4,Vilafranca del Penedès - la Granada,2026-06-19,0.0
W5,Oliana,2026-06-19,0.0
W8,Blancafort,2026-06-19,0.0
W9,la Vall d'en Bas,2026-06-19,0.0
WA,Oliola,2026-06-19,0.0
WB,Albesa,2026-06-19,0.0
WC,Golmés,2026-06-19,0.0
WG,Algerri,2026-06-19,0.0
WI,Maials,2026-06-19,0.0
WJ,el Masroig,2026-06-19,0.0
WK,Alfarràs,2026-06-19,0.0
WL,Sant Martí de Riucorb,2026-06-19,0.0
WM,Santuari de Queralt,2026-06-19,0.0
WN,Montserrat - Sant Dimes,2026-06-19,0.0
WO,la Bisbal del Penedès,2026-06-19,0.0
WP,Canaletes,2026-06-19,0.0
WQ,Montsec d'Ares (1.571 m),2026-06-19,0.0
WR,Torroja del Priorat,2026-06-19,0.0
WS,Viladrau,2026-06-19,0.0
WT,Malgrat de Mar,2026-06-19,0.1
WU,Badalona - Museu,2026-06-19,0.0
WV,Guardiola de Berguedà,2026-06-19,0.0
WW,Artés,2026-06-19,0.0
WX,Camarasa,2026-06-19,0.0
WZ,Cunit,2026-06-19,0.0
X1,Falset,2026-06-19,0.0
X3,Alguaire,2026-06-19,0.0
X4,Barcelona - el Raval,2026-06-19,0.0
X5,PN dels Ports,2026-06-19,0.0
X6,Baldomar,2026-06-19,0.0
X7,Torres de Segre,2026-06-19,0.0
X8,Barcelona - Zona Universitària,2026-06-19,0.0
X9,Caldes de Montbui,2026-06-19,0.0
XA,la Panadella,2026-06-19,0.0
XB,la Llacuna,2026-06-19,0.3
XC,Castellbisbal,2026-06-19,0.0
XD,Ulldemolins,2026-06-19,0.0
XE,Tarragona - Complex Educatiu,2026-06-19,0.0
XF,Sabadell - Parc Agrari,2026-06-19,0.0
XG,Parets del Vallès,2026-06-19,0.0
XH,Sort,2026-06-19,0.0
XI,Mollerussa,2026-06-19,0.0
XJ,Girona,2026-06-19,0.0
XK,Puig Sesolles (1.666 m),2026-06-19,0.0
XL,el Prat de Llobregat,2026-06-19,0.0
XM,els Alamús,2026-06-19,0.0
XN,Seròs,2026-06-19,0.0
XO,Vic,2026-06-19,0.0
XP,Gandesa,2026-06-19,0.0
XQ,Tremp,2026-06-19,0.0
XR,Prades,2026-06-19,0.4
XS,Santa Coloma de Farners,2026-06-19,0.0
XT,Solsona,2026-06-19,0.0
XU,Canyelles,2026-06-19,0.0
XV,Sant Cugat del Vallès - CAR,2026-06-19,0.0
XX,Anglesola - Tornabous,2026-06-19,0.0
XY,Alcarràs,2026-06-19,0.0
XZ,Torroella de Fluvià,2026-06-19,0.0
Y4,Alinyà,2026-06-19,0.0
Y5,Navata,2026-06-19,0.0
Y6,Tivissa,2026-06-19,0.0
YA,Puigcerdà,2026-06-19,0.0
YB,Olot,2026-06-19,0.0
YC,la Pobla de Segur,2026-06-19,0.0
YD,les Borges Blanques,2026-06-19,0.0
YE,Massoteres,2026-06-19,0.0
YF,Miami Platja,2026-06-19,0.2
YG,Tírvia,2026-06-19,0.0
YH,Pujalt,2026-06-19,0.0
YJ,Lleida - la Femosa,2026-06-19,0.0
YK,Terrassa,2026-06-19,0.0
YL,Riudecanyes,2026-06-19,0.1
YM,Granollers,2026-06-19,0.0
YN,Vielha - Elipòrt,2026-06-19,0.0
YO,Sant Sadurní d'Anoia,2026-06-19,0.0
YP,Palafrugell,2026-06-19,0.0
YQ,Port de Barcelona - ZAL Prat,2026-06-19,0.0
YR,Vilanova i la Geltrú,2026-06-19,0.0
YS,Cabanes,2026-06-19,0.0
YT,Bonabé (1.691 m),2026-06-19,0.0
YU,Cantonigròs,2026-06-19,0.0
YV,Mataró,2026-06-19,0.0
YX,Batea,2026-06-19,0.0
YY,Viladecans - les Filipines,2026-06-19,0.0
Z1,Bonaigua (2.262 m),2026-06-19,0.0
Z2,Boí (2.537 m),2026-06-19,0.0
Z3,Malniu (2.229 m),2026-06-19,0.0
Z5,Certascan (2.398 m),2026-06-19,0.0
Z6,Sasseuva (2.226 m),2026-06-19,0.0
Z7,Espot (2.519 m),2026-06-19,0.0
Z9,Cadí Nord (2.145 m) - Prat d'Aguiló,2026-06-19,0.0
ZB,Salòria (2.451 m),2026-06-19,0.7
ZC,Ulldeter (2.413 m),2026-06-19,0.0
ZE,el Port del Comte (2.288 m),2026-06-19,0.0
C6,Castellnou de Seana,2026-06-20,0.0
C7,Tàrrega,2026-06-20,0.0
C8,Cervera,2026-06-20,0.0
C9,Mas de Barberans,2026-06-20,0.0
CC,Orís,2026-06-20,0.0
CD,la Seu d'Urgell - Bellestar,2026-06-20,0.0
CE,els Hostalets de Pierola,2026-06-20,0.0
CG,Molló - Fabert,2026-06-20,0.0
CI,Sant Pau de Segúries,2026-06-20,0.0
CJ,Organyà,2026-06-20,0.0
CL,Sant Salvador de Guardiola,2026-06-20,0.0
CP,Sant Romà d'Abella,2026-06-20,0.0
CQ,Vilanova de Meià,2026-06-20,0.0
CR,la Quar,2026-06-20,0.0
CT,el Pont de Suert,2026-06-20,0.0
CW,l'Espluga de Francolí,2026-06-20,0.0
CY,Muntanyola,2026-06-20,0.0
D1,Margalef,2026-06-20,0.0
D2,Vacarisses,2026-06-20,0.0
D3,Vallirana,2026-06-20,0.0
D4,Roses,2026-06-20,0.0
D5,Barcelona - Observatori Fabra,2026-06-20,0.0
D6,Portbou - coll dels Belitres,2026-06-20,0.0
D7,Vinebre,2026-06-20,0.0
D8,Horta de Sant Joan,2026-06-20,0.0
D9,el Vendrell,2026-06-20,0.0
DB,el Perelló,2026-06-20,0.0
DF,la Bisbal d'Empordà,2026-06-20,0.0
DG,Núria (1.971 m),2026-06-20,0.0
DI,Font-rubí,2026-06-20,0.0
DJ,Banyoles,2026-06-20,0.0
DK,Torredembarra,2026-06-20,0.0
DL,Illa de Buda,2026-06-20,0.0
DN,Anglès,2026-06-20,0.0
DO,Castell d'Aro,2026-06-20,0.0
DP,Das - Aeròdrom,2026-06-20,0.0
DQ,Vila-rodona,2026-06-20,0.0
H1,Òdena,2026-06-20,0.0
J5,Pantà de Darnius - Boadella,2026-06-20,0.0
KE,Pantà de Sau,2026-06-20,0.0
KP,Fogars de la Selva,2026-06-20,0.0
KX,la Roca del Vallès - ETAP Cardedeu,2026-06-20,0.0
M6,Sant Joan de les Abadesses,2026-06-20,0.0
MQ,Cardona,2026-06-20,0.0
MR,Pantà de Siurana,2026-06-20,0.0
MS,Castellar de n'Hug - el Clot del Moro,2026-06-20,0.0
MV,Guixers - Valls,2026-06-20,0.0
MW,Navès,2026-06-20,0.0
U2,Sant Pere Pescador,2026-06-20,0.0
U3,Sant Martí Sarroca,2026-06-20,0.0
U4,Castellnou de Bages,2026-06-20,0.0
U6,Vinyols i els Arcs - Cambrils,2026-06-20,0.0
U7,Aldover,2026-06-20,0.0
U9,l'Aldea,2026-06-20,0.0
UA,l'Ametlla de Mar,2026-06-20,0.0
UB,la Tallada d'Empordà,2026-06-20,0.0
UE,Torroella de Montgrí,2026-06-20,0.0
UF,PN del Garraf - el Rascler,2026-06-20,0.0
UH,el Montmell,2026-06-20,0.0
UI,Gisclareny,2026-06-20,0.0
UJ,Santa Coloma de Queralt,2026-06-20,0.0
UK,Sant Pere de Ribes - PN del Garraf,2026-06-20,0.0
UM,la Granadella,2026-06-20,0.0
UN,Cassà de la Selva,2026-06-20,0.0
UO,Fornells de la Selva,2026-06-20,0.0
UP,Cabrils,2026-06-20,0.0
UQ,Dosrius - PN Montnegre Corredor,2026-06-20,0.0
US,les Cases d'Alcanar,2026-06-20,0.0
UU,Amposta,2026-06-20,0.0
UW,els Alfacs,2026-06-20,0.0
UX,Ulldecona - els Valentins,2026-06-20,0.0
UY,Os de Balaguer - el Monestir d'Avellanes,2026-06-20,0.0
V1,Vallfogona de Balaguer,2026-06-20,0.0
V4,Montesquiu,2026-06-20,0.0
V5,Perafita,2026-06-20,0.0
V8,el Poal,2026-06-20,0.0
VA,Ascó,2026-06-20,0.0
VB,Benissanet,2026-06-20,0.0
VC,Pantà de Riba-roja,2026-06-20,0.0
VD,el Canós,2026-06-20,0.0
VH,Gimenells,2026-06-20,0.0
VK,Raimat,2026-06-20,0.0
VM,Vilanova de Segrià,2026-06-20,0.0
VO,Lladurs,2026-06-20,0.0
VP,Pinós,2026-06-20,0.0
VQ,Constantí,2026-06-20,0.0
VS,Lac Redon (2.245 m),2026-06-20,0.0
VU,Rellinars,2026-06-20,0.0
VV,Sant Llorenç Savall,2026-06-20,0.0
VX,Tagamanent - PN del Montseny,2026-06-20,0.0
VY,Nulles,2026-06-20,0.0
VZ,Espolla,2026-06-20,0.0
W1,Castelló d'Empúries,2026-06-20,0.0
W4,Vilafranca del Penedès - la Granada,2026-06-20,0.0
W5,Oliana,2026-06-20,0.0
W8,Blancafort,2026-06-20,0.0
W9,la Vall d'en Bas,2026-06-20,0.0
WA,Oliola,2026-06-20,0.0
WB,Albesa,2026-06-20,0.0
WC,Golmés,2026-06-20,0.0
WG,Algerri,2026-06-20,0.0
WI,Maials,2026-06-20,0.0
WJ,el Masroig,2026-06-20,0.0
WK,Alfarràs,2026-06-20,0.0
WL,Sant Martí de Riucorb,2026-06-20,0.0
WM,Santuari de Queralt,2026-06-20,0.0
WN,Montserrat - Sant Dimes,2026-06-20,0.0
WO,la Bisbal del Penedès,2026-06-20,0.0
WP,Canaletes,2026-06-20,0.0
WQ,Montsec d'Ares (1.571 m),2026-06-20,0.0
WR,Torroja del Priorat,2026-06-20,0.0
WS,Viladrau,2026-06-20,0.0
WT,Malgrat de Mar,2026-06-20,0.0
WU,Badalona - Museu,2026-06-20,0.0
WV,Guardiola de Berguedà,2026-06-20,0.0
WW,Artés,2026-06-20,0.0
WX,Camarasa,2026-06-20,0.0
WZ,Cunit,2026-06-20,0.0
X1,Falset,2026-06-20,0.0
X3,Alguaire,2026-06-20,0.0
X4,Barcelona - el Raval,2026-06-20,0.0
X5,PN dels Ports,2026-06-20,0.0
X6,Baldomar,2026-06-20,0.0
X7,Torres de Segre,2026-06-20,0.0
X8,Barcelona - Zona Universitària,2026-06-20,0.0
X9,Caldes de Montbui,2026-06-20,0.0
XA,la Panadella,2026-06-20,0.0
XB,la Llacuna,2026-06-20,0.0
XC,Castellbisbal,2026-06-20,0.0
XD,Ulldemolins,2026-06-20,0.0
XE,Tarragona - Complex Educatiu,2026-06-20,0.0
XF,Sabadell - Parc Agrari,2026-06-20,0.0
XG,Parets del Vallès,2026-06-20,0.0
XH,Sort,2026-06-20,0.0
XI,Mollerussa,2026-06-20,0.0
XJ,Girona,2026-06-20,0.0
XK,Puig Sesolles (1.666 m),2026-06-20,0.0
XL,el Prat de Llobregat,2026-06-20,0.0
XM,els Alamús,2026-06-20,0.0
XN,Seròs,2026-06-20,0.0
XO,Vic,2026-06-20,0.0
XP,Gandesa,2026-06-20,0.0
XQ,Tremp,2026-06-20,0.0
XR,Prades,2026-06-20,0.0
XS,Santa Coloma de Farners,2026-06-20,0.0
XT,Solsona,2026-06-20,0.0
XU,Canyelles,2026-06-20,0.0
XV,Sant Cugat del Vallès - CAR,2026-06-20,0.0
XX,Anglesola - Tornabous,2026-06-20,0.0
XY,Alcarràs,2026-06-20,0.0
XZ,Torroella de Fluvià,2026-06-20,0.0
Y4,Alinyà,2026-06-20,0.0
Y5,Navata,2026-06-20,0.0
Y6,Tivissa,2026-06-20,0.0
YA,Puigcerdà,2026-06-20,0.0
YB,Olot,2026-06-20,0.0
YC,la Pobla de Segur,2026-06-20,0.0
YD,les Borges Blanques,2026-06-20,0.0
YE,Massoteres,2026-06-20,0.0
YF,Miami Platja,2026-06-20,0.0
YG,Tírvia,2026-06-20,0.0
YH,Pujalt,2026-06-20,0.0
YJ,Lleida - la Femosa,2026-06-20,0.0
YK,Terrassa,2026-06-20,0.0
YL,Riudecanyes,2026-06-20,0.0
YM,Granollers,2026-06-20,0.0
YN,Vielha - Elipòrt,2026-06-20,0.0
YO,Sant Sadurní d'Anoia,2026-06-20,0.0
YP,Palafrugell,2026-06-20,0.0
YQ,Port de Barcelona - ZAL Prat,2026-06-20,0.0
YR,Vilanova i la Geltrú,2026-06-20,0.0
YS,Cabanes,2026-06-20,0.0
YT,Bonabé (1.691 m),2026-06-20,0.4
YU,Cantonigròs,2026-06-20,0.0
YV,Mataró,2026-06-20,0.0
YX,Batea,2026-06-20,0.0
YY,Viladecans - les Filipines,2026-06-20,0.0
Z1,Bonaigua (2.262 m),2026-06-20,0.0
Z2,Boí (2.537 m),2026-06-20,0.0
Z3,Malniu (2.229 m),2026-06-20,0.0
Z5,Certascan (2.398 m),2026-06-20,0.0
Z6,Sasseuva (2.226 m),2026-06-20,0.0
Z7,Espot (2.519 m),2026-06-20,0.0
Z9,Cadí Nord (2.145 m) - Prat d'Aguiló,2026-06-20,0.0
ZB,Salòria (2.451 m),2026-06-20,0.0
ZC,Ulldeter (2.413 m),2026-06-20,0.0
ZE,el Port del Comte (2.288 m),2026-06-20,0.0
C6,Castellnou de Seana,2026-06-21,0.0
C7,Tàrrega,2026-06-21,0.0
C8,Cervera,2026-06-21,0.0
C9,Mas de Barberans,2026-06-21,0.0
CC,Orís,2026-06-21,0.0
CD,la Seu d'Urgell - Bellestar,2026-06-21,0.0
CE,els Hostalets de Pierola,2026-06-21,0.0
CG,Molló - Fabert,2026-06-21,0.0
CI,Sant Pau de Segúries,2026-06-21,0.0
CJ,Organyà,2026-06-21,0.0
CL,Sant Salvador de Guardiola,2026-06-21,0.0
CP,Sant Romà d'Abella,2026-06-21,0.0
CQ,Vilanova de Meià,2026-06-21,0.0
CR,la Quar,2026-06-21,0.0
CT,el Pont de Suert,2026-06-21,0.0
CW,l'Espluga de Francolí,2026-06-21,0.0
CY,Muntanyola,2026-06-21,0.0
D1,Margalef,2026-06-21,0.0
D2,Vacarisses,2026-06-21,0.0
D3,Vallirana,2026-06-21,0.0
D4,Roses,2026-06-21,0.0
D5,Barcelona - Observatori Fabra,2026-06-21,0.0
D6,Portbou - coll dels Belitres,2026-06-21,0.0
D7,Vinebre,2026-06-21,0.0
D8,Horta de Sant Joan,2026-06-21,0.0
D9,el Vendrell,2026-06-21,0.0
DB,el Perelló,2026-06-21,0.0
DF,la Bisbal d'Empordà,2026-06-21,0.0
DG,Núria (1.971 m),2026-06-21,3.0
DI,Font-rubí,2026-06-21,0.0
DJ,Banyoles,2026-06-21,0.0
DK,Torredembarra,2026-06-21,0.0
DL,Illa de Buda,2026-06-21,0.0
DN,Anglès,2026-06-21,0.0
DO,Castell d'Aro,2026-06-21,0.0
DP,Das - Aeròdrom,2026-06-21,0.2
DQ,Vila-rodona,2026-06-21,0.0
H1,Òdena,2026-06-21,0.0
J5,Pantà de Darnius - Boadella,2026-06-21,0.0
KE,Pantà de Sau,2026-06-21,0.0
KP,Fogars de la Selva,2026-06-21,0.0
KX,la Roca del Vallès - ETAP Cardedeu,2026-06-21,0.0
M6,Sant Joan de les Abadesses,2026-06-21,0.0
MQ,Cardona,2026-06-21,0.0
MR,Pantà de Siurana,2026-06-21,0.0
MS,Castellar de n'Hug - el Clot del Moro,2026-06-21,0.0
MV,Guixers - Valls,2026-06-21,0.0
MW,Navès,2026-06-21,0.0
U2,Sant Pere Pescador,2026-06-21,0.0
U3,Sant Martí Sarroca,2026-06-21,0.0
U4,Castellnou de Bages,2026-06-21,0.0
U6,Vinyols i els Arcs - Cambrils,2026-06-21,0.0
U7,Aldover,2026-06-21,0.0
U9,l'Aldea,2026-06-21,0.0
UA,l'Ametlla de Mar,2026-06-21,0.0
UB,la Tallada d'Empordà,2026-06-21,0.0
UE,Torroella de Montgrí,2026-06-21,0.0
UF,PN del Garraf - el Rascler,2026-06-21,0.0
UH,el Montmell,2026-06-21,0.0
UI,Gisclareny,2026-06-21,0.6
UJ,Santa Coloma de Queralt,2026-06-21,0.0
UK,Sant Pere de Ribes - PN del Garraf,2026-06-21,0.0
UM,la Granadella,2026-06-21,0.0
UN,Cassà de la Selva,2026-06-21,0.0
UO,Fornells de la Selva,2026-06-21,0.0
UP,Cabrils,2026-06-21,0.0
UQ,Dosrius - PN Montnegre Corredor,2026-06-21,0.0
US,les Cases d'Alcanar,2026-06-21,0.0
UU,Amposta,2026-06-21,0.0
UW,els Alfacs,2026-06-21,0.0
UX,Ulldecona - els Valentins,2026-06-21,0.0
UY,Os de Balaguer - el Monestir d'Avellanes,2026-06-21,0.0
V1,Vallfogona de Balaguer,2026-06-21,0.0
V4,Montesquiu,2026-06-21,0.0
V5,Perafita,2026-06-21,0.0
V8,el Poal,2026-06-21,0.0
VA,Ascó,2026-06-21,0.0
VB,Benissanet,2026-06-21,0.0
VC,Pantà de Riba-roja,2026-06-21,0.0
VD,el Canós,2026-06-21,0.0
VH,Gimenells,2026-06-21,0.0
VK,Raimat,2026-06-21,0.0
VM,Vilanova de Segrià,2026-06-21,0.0
VO,Lladurs,2026-06-21,0.0
VP,Pinós,2026-06-21,0.0
VQ,Constantí,2026-06-21,0.0
VS,Lac Redon (2.245 m),2026-06-21,0.0
VU,Rellinars,2026-06-21,0.0
VV,Sant Llorenç Savall,2026-06-21,0.0
VX,Tagamanent - PN del Montseny,2026-06-21,0.0
VY,Nulles,2026-06-21,0.0
VZ,Espolla,2026-06-21,0.0
W1,Castelló d'Empúries,2026-06-21,0.0
W4,Vilafranca del Penedès - la Granada,2026-06-21,0.0
W5,Oliana,2026-06-21,0.0
W8,Blancafort,2026-06-21,0.0
W9,la Vall d'en Bas,2026-06-21,0.0
WA,Oliola,2026-06-21,0.0
WB,Albesa,2026-06-21,0.0
WC,Golmés,2026-06-21,0.0
WG,Algerri,2026-06-21,0.0
WI,Maials,2026-06-21,0.0
WJ,el Masroig,2026-06-21,0.0
WK,Alfarràs,2026-06-21,0.0
WL,Sant Martí de Riucorb,2026-06-21,0.0
WM,Santuari de Queralt,2026-06-21,0.0
WN,Montserrat - Sant Dimes,2026-06-21,0.0
WO,la Bisbal del Penedès,2026-06-21,0.0
WP,Canaletes,2026-06-21,0.0
WQ,Montsec d'Ares (1.571 m),2026-06-21,0.0
WR,Torroja del Priorat,2026-06-21,0.0
WS,Viladrau,2026-06-21,0.0
WT,Malgrat de Mar,2026-06-21,0.0
WU,Badalona - Museu,2026-06-21,0.0
WV,Guardiola de Berguedà,2026-06-21,0.0
WW,Artés,2026-06-21,0.0
WX,Camarasa,2026-06-21,0.0
WZ,Cunit,2026-06-21,0.0
X1,Falset,2026-06-21,0.0
X3,Alguaire,2026-06-21,0.0
X4,Barcelona - el Raval,2026-06-21,0.0
X5,PN dels Ports,2026-06-21,0.0
X6,Baldomar,2026-06-21,0.0
X7,Torres de Segre,2026-06-21,0.0
X8,Barcelona - Zona Universitària,2026-06-21,0.0
X9,Caldes de Montbui,2026-06-21,0.0
XA,la Panadella,2026-06-21,0.0
XB,la Llacuna,2026-06-21,0.0
XC,Castellbisbal,2026-06-21,0.0
XD,Ulldemolins,2026-06-21,0.0
XE,Tarragona - Complex Educatiu,2026-06-21,0.0
XF,Sabadell - Parc Agrari,2026-06-21,0.0
XG,Parets del Vallès,2026-06-21,0.0
XH,Sort,2026-06-21,0.0
XI,Mollerussa,2026-06-21,0.0
XJ,Girona,2026-06-21,0.0
XK,Puig Sesolles (1.666 m),2026-06-21,0.0
XL,el Prat de Llobregat,2026-06-21,0.0
XM,els Alamús,2026-06-21,0.0
XN,Seròs,2026-06-21,0.0
XO,Vic,2026-06-21,0.0
XP,Gandesa,2026-06-21,0.0
XQ,Tremp,2026-06-21,0.0
XR,Prades,2026-06-21,0.0
XS,Santa Coloma de Farners,2026-06-21,0.0
XT,Solsona,2026-06-21,0.0
XU,Canyelles,2026-06-21,0.0
XV,Sant Cugat del Vallès - CAR,2026-06-21,0.0
XX,Anglesola - Tornabous,2026-06-21,0.0
XY,Alcarràs,2026-06-21,0.0
XZ,Torroella de Fluvià,2026-06-21,0.0
Y4,Alinyà,2026-06-21,0.0
Y5,Navata,2026-06-21,0.0
Y6,Tivissa,2026-06-21,0.0
YA,Puigcerdà,2026-06-21,6.8
YB,Olot,2026-06-21,0.0
YC,la Pobla de Segur,2026-06-21,0.0
YD,les Borges Blanques,2026-06-21,0.0
YE,Massoteres,2026-06-21,0.0
YF,Miami Platja,2026-06-21,0.0
YG,Tírvia,2026-06-21,0.0
YH,Pujalt,2026-06-21,0.0
YJ,Lleida - la Femosa,2026-06-21,0.0
YK,Terrassa,2026-06-21,0.0
YL,Riudecanyes,2026-06-21,0.0
YM,Granollers,2026-06-21,0.0
YN,Vielha - Elipòrt,2026-06-21,0.0
YO,Sant Sadurní d'Anoia,2026-06-21,0.0
YP,Palafrugell,2026-06-21,0.0
YQ,Port de Barcelona - ZAL Prat,2026-06-21,0.0
YR,Vilanova i la Geltrú,2026-06-21,0.0
YS,Cabanes,2026-06-21,0.0
YT,Bonabé (1.691 m),2026-06-21,0.8
YU,Cantonigròs,2026-06-21,0.0
YV,Mataró,2026-06-21,0.0
YX,Batea,2026-06-21,0.0
YY,Viladecans - les Filipines,2026-06-21,0.0
Z1,Bonaigua (2.262 m),2026-06-21,0.0
Z2,Boí (2.537 m),2026-06-21,0.0
Z3,Malniu (2.229 m),2026-06-21,0.7
Z5,Certascan (2.398 m),2026-06-21,7.4
Z6,Sasseuva (2.226 m),2026-06-21,0.0
Z7,Espot (2.519 m),2026-06-21,0.0
Z9,Cadí Nord (2.145 m) - Prat d'Aguiló,2026-06-21,0.0
ZB,Salòria (2.451 m),2026-06-21,0.0
ZC,Ulldeter (2.413 m),2026-06-21,0.6
ZE,el Port del Comte (2.288 m),2026-06-21,0.0
C6,Castellnou de Seana,2026-06-22,0.0
C7,Tàrrega,2026-06-22,0.0
C8,Cervera,2026-06-22,0.0
C9,Mas de Barberans,2026-06-22,0.0
CC,Orís,2026-06-22,0.0
CD,la Seu d'Urgell - Bellestar,2026-06-22,0.2
CE,els Hostalets de Pierola,2026-06-22,0.0
CG,Molló - Fabert,2026-06-22,0.0
CI,Sant Pau de Segúries,2026-06-22,0.0
CJ,Organyà,2026-06-22,2.2
CL,Sant Salvador de Guardiola,2026-06-22,0.0
CP,Sant Romà d'Abella,2026-06-22,0.0
CQ,Vilanova de Meià,2026-06-22,0.0
CR,la Quar,2026-06-22,0.4
CT,el Pont de Suert,2026-06-22,0.9
CW,l'Espluga de Francolí,2026-06-22,0.0
CY,Muntanyola,2026-06-22,0.0
D1,Margalef,2026-06-22,0.0
D2,Vacarisses,2026-06-22,0.0
D3,Vallirana,2026-06-22,0.0
D4,Roses,2026-06-22,0.0
D5,Barcelona - Observatori Fabra,2026-06-22,0.0
D6,Portbou - coll dels Belitres,2026-06-22,0.0
D7,Vinebre,2026-06-22,0.0
D8,Horta de Sant Joan,2026-06-22,0.0
D9,el Vendrell,2026-06-22,0.0
DB,el Perelló,2026-06-22,0.0
DF,la Bisbal d'Empordà,2026-06-22,0.0
DG,Núria (1.971 m),2026-06-22,0.0
DI,Font-rubí,2026-06-22,0.0
DJ,Banyoles,2026-06-22,0.0
DK,Torredembarra,2026-06-22,0.0
DL,Illa de Buda,2026-06-22,0.1
DN,Anglès,2026-06-22,0.0
DO,Castell d'Aro,2026-06-22,0.0
DP,Das - Aeròdrom,2026-06-22,0.3
DQ,Vila-rodona,2026-06-22,0.0
H1,Òdena,2026-06-22,0.0
J5,Pantà de Darnius - Boadella,2026-06-22,0.1
KE,Pantà de Sau,2026-06-22,0.0
KP,Fogars de la Selva,2026-06-22,0.0
KX,la Roca del Vallès - ETAP Cardedeu,2026-06-22,0.0
M6,Sant Joan de les Abadesses,2026-06-22,0.1
MQ,Cardona,2026-06-22,0.0
MR,Pantà de Siurana,2026-06-22,0.0
MS,Castellar de n'Hug - el Clot del Moro,2026-06-22,2.9
MV,Guixers - Valls,2026-06-22,6.6
MW,Navès,2026-06-22,0.0
U2,Sant Pere Pescador,2026-06-22,0.0
U3,Sant Martí Sarroca,2026-06-22,0.0
U4,Castellnou de Bages,2026-06-22,0.0
U6,Vinyols i els Arcs - Cambrils,2026-06-22,0.0
U7,Aldover,2026-06-22,0.0
U9,l'Aldea,2026-06-22,0.0
UA,l'Ametlla de Mar,2026-06-22,0.0
UB,la Tallada d'Empordà,2026-06-22,0.0
UE,Torroella de Montgrí,2026-06-22,0.0
UF,PN del Garraf - el Rascler,2026-06-22,0.0
UH,el Montmell,2026-06-22,0.0
UI,Gisclareny,2026-06-22,5.7
UJ,Santa Coloma de Queralt,2026-06-22,0.0
UK,Sant Pere de Ribes - PN del Garraf,2026-06-22,0.0
UM,la Granadella,2026-06-22,0.0
UN,Cassà de la Selva,2026-06-22,0.0
UO,Fornells de la Selva,2026-06-22,0.0
UP,Cabrils,2026-06-22,0.0
UQ,Dosrius - PN Montnegre Corredor,2026-06-22,0.0
US,les Cases d'Alcanar,2026-06-22,0.0
UU,Amposta,2026-06-22,0.0
UW,els Alfacs,2026-06-22,0.0
UX,Ulldecona - els Valentins,2026-06-22,0.0
UY,Os de Balaguer - el Monestir d'Avellanes,2026-06-22,0.0
V1,Vallfogona de Balaguer,2026-06-22,0.0
V4,Montesquiu,2026-06-22,0.0
V5,Perafita,2026-06-22,0.0
V8,el Poal,2026-06-22,0.0
VA,Ascó,2026-06-22,0.0
VB,Benissanet,2026-06-22,0.0
VC,Pantà de Riba-roja,2026-06-22,0.0
VD,el Canós,2026-06-22,0.0
VH,Gimenells,2026-06-22,0.0
VK,Raimat,2026-06-22,0.0
VM,Vilanova de Segrià,2026-06-22,0.0
VO,Lladurs,2026-06-22,0.1
VP,Pinós,2026-06-22,0.0
VQ,Constantí,2026-06-22,0.0
VS,Lac Redon (2.245 m),2026-06-22,18.0
VU,Rellinars,2026-06-22,0.0
VV,Sant Llorenç Savall,2026-06-22,0.0
VX,Tagamanent - PN del Montseny,2026-06-22,0.0
VY,Nulles,2026-06-22,0.0
VZ,Espolla,2026-06-22,0.0
W1,Castelló d'Empúries,2026-06-22,0.0
W4,Vilafranca del Penedès - la Granada,2026-06-22,0.0
W5,Oliana,2026-06-22,0.2
W8,Blancafort,2026-06-22,0.0
W9,la Vall d'en Bas,2026-06-22,0.0
WA,Oliola,2026-06-22,0.0
WB,Albesa,2026-06-22,0.0
WC,Golmés,2026-06-22,0.0
WG,Algerri,2026-06-22,0.0
WI,Maials,2026-06-22,0.0
WJ,el Masroig,2026-06-22,0.0
WK,Alfarràs,2026-06-22,0.0
WL,Sant Martí de Riucorb,2026-06-22,0.0
WM,Santuari de Queralt,2026-06-22,0.0
WN,Montserrat - Sant Dimes,2026-06-22,0.0
WO,la Bisbal del Penedès,2026-06-22,0.0
WP,Canaletes,2026-06-22,0.0
WQ,Montsec d'Ares (1.571 m),2026-06-22,0.0
WR,Torroja del Priorat,2026-06-22,0.0
WS,Viladrau,2026-06-22,0.0
WT,Malgrat de Mar,2026-06-22,0.0
WU,Badalona - Museu,2026-06-22,0.0
WV,Guardiola de Berguedà,2026-06-22,1.2
WW,Artés,2026-06-22,0.0
WX,Camarasa,2026-06-22,0.0
WZ,Cunit,2026-06-22,0.0
X1,Falset,2026-06-22,0.0
X3,Alguaire,2026-06-22,0.0
X4,Barcelona - el Raval,2026-06-22,0.0
X5,PN dels Ports,2026-06-22,0.0
X6,Baldomar,2026-06-22,0.0
X7,Torres de Segre,2026-06-22,0.0
X8,Barcelona - Zona Universitària,2026-06-22,0.0
X9,Caldes de Montbui,2026-06-22,0.0
XA,la Panadella,2026-06-22,0.0
XB,la Llacuna,2026-06-22,0.0
XC,Castellbisbal,2026-06-22,0.0
XD,Ulldemolins,2026-06-22,0.0
XE,Tarragona - Complex Educatiu,2026-06-22,0.0
XF,Sabadell - Parc Agrari,2026-06-22,0.0
XG,Parets del Vallès,2026-06-22,0.0
XH,Sort,2026-06-22,0.0
XI,Mollerussa,2026-06-22,0.0
XJ,Girona,2026-06-22,0.0
XK,Puig Sesolles (1.666 m),2026-06-22,0.0
XL,el Prat de Llobregat,2026-06-22,0.0
XM,els Alamús,2026-06-22,0.0
XN,Seròs,2026-06-22,0.0
XO,Vic,2026-06-22,0.0
XP,Gandesa,2026-06-22,0.0
XQ,Tremp,2026-06-22,5.0
XR,Prades,2026-06-22,0.0
XS,Santa Coloma de Farners,2026-06-22,0.0
XT,Solsona,2026-06-22,0.0
XU,Canyelles,2026-06-22,0.0
XV,Sant Cugat del Vallès - CAR,2026-06-22,0.0
XX,Anglesola - Tornabous,2026-06-22,0.0
XY,Alcarràs,2026-06-22,0.0
XZ,Torroella de Fluvià,2026-06-22,0.0
Y4,Alinyà,2026-06-22,0.0
Y5,Navata,2026-06-22,0.0
Y6,Tivissa,2026-06-22,0.0
YA,Puigcerdà,2026-06-22,0.0
YB,Olot,2026-06-22,0.0
YC,la Pobla de Segur,2026-06-22,0.0
YD,les Borges Blanques,2026-06-22,0.0
YE,Massoteres,2026-06-22,0.0
YF,Miami Platja,2026-06-22,0.0
YG,Tírvia,2026-06-22,0.0
YH,Pujalt,2026-06-22,0.0
YJ,Lleida - la Femosa,2026-06-22,0.0
YK,Terrassa,2026-06-22,0.0
YL,Riudecanyes,2026-06-22,0.0
YM,Granollers,2026-06-22,0.0
YN,Vielha - Elipòrt,2026-06-22,8.4
YO,Sant Sadurní d'Anoia,2026-06-22,0.0
YP,Palafrugell,2026-06-22,0.0
YQ,Port de Barcelona - ZAL Prat,2026-06-22,0.0
YR,Vilanova i la Geltrú,2026-06-22,0.0
YS,Cabanes,2026-06-22,0.0
YT,Bonabé (1.691 m),2026-06-22,0.0
YU,Cantonigròs,2026-06-22,0.0
YV,Mataró,2026-06-22,0.0
YX,Batea,2026-06-22,0.0
YY,Viladecans - les Filipines,2026-06-22,0.0
Z1,Bonaigua (2.262 m),2026-06-22,0.0
Z2,Boí (2.537 m),2026-06-22,4.6
Z3,Malniu (2.229 m),2026-06-22,0.0
Z5,Certascan (2.398 m),2026-06-22,0.0
Z6,Sasseuva (2.226 m),2026-06-22,0.0
Z7,Espot (2.519 m),2026-06-22,0.0
Z9,Cadí Nord (2.145 m) - Prat d'Aguiló,2026-06-22,2.0
ZB,Salòria (2.451 m),2026-06-22,0.0
ZC,Ulldeter (2.413 m),2026-06-22,0.0
ZE,el Port del Comte (2.288 m),2026-06-22,1.0
C6,Castellnou de Seana,2026-06-23,0.0
C7,Tàrrega,2026-06-23,0.0
C8,Cervera,2026-06-23,0.0
C9,Mas de Barberans,2026-06-23,0.0
CC,Orís,2026-06-23,0.0
CD,la Seu d'Urgell - Bellestar,2026-06-23,4.7
CE,els Hostalets de Pierola,2026-06-23,0.0
CG,Molló - Fabert,2026-06-23,0.0
CI,Sant Pau de Segúries,2026-06-23,0.0
CJ,Organyà,2026-06-23,0.0
CL,Sant Salvador de Guardiola,2026-06-23,0.0
CP,Sant Romà d'Abella,2026-06-23,0.0
CQ,Vilanova de Meià,2026-06-23,0.0
CR,la Quar,2026-06-23,0.0
CT,el Pont de Suert,2026-06-23,0.0
CW,l'Espluga de Francolí,2026-06-23,0.0
CY,Muntanyola,2026-06-23,0.0
D1,Margalef,2026-06-23,0.0
D2,Vacarisses,2026-06-23,0.0
D3,Vallirana,2026-06-23,0.0
D4,Roses,2026-06-23,0.0
D5,Barcelona - Observatori Fabra,2026-06-23,0.0
D6,Portbou - coll dels Belitres,2026-06-23,0.0
D7,Vinebre,2026-06-23,0.0
D8,Horta de Sant Joan,2026-06-23,0.0
D9,el Vendrell,2026-06-23,0.0
DB,el Perelló,2026-06-23,0.0
DF,la Bisbal d'Empordà,2026-06-23,0.0
DG,Núria (1.971 m),2026-06-23,0.0
DI,Font-rubí,2026-06-23,0.0
DJ,Banyoles,2026-06-23,0.0
DK,Torredembarra,2026-06-23,0.0
DL,Illa de Buda,2026-06-23,0.1
DN,Anglès,2026-06-23,0.0
DO,Castell d'Aro,2026-06-23,0.0
DP,Das - Aeròdrom,2026-06-23,0.0
DQ,Vila-rodona,2026-06-23,0.0
H1,Òdena,2026-06-23,0.0
J5,Pantà de Darnius - Boadella,2026-06-23,0.0
KE,Pantà de Sau,2026-06-23,0.0
KP,Fogars de la Selva,2026-06-23,0.0
KX,la Roca del Vallès - ETAP Cardedeu,2026-06-23,0.0
M6,Sant Joan de les Abadesses,2026-06-23,0.0
MQ,Cardona,2026-06-23,0.0
MR,Pantà de Siurana,2026-06-23,0.0
MS,Castellar de n'Hug - el Clot del Moro,2026-06-23,0.0
MV,Guixers - Valls,2026-06-23,4.9
MW,Navès,2026-06-23,0.0
U2,Sant Pere Pescador,2026-06-23,0.0
U3,Sant Martí Sarroca,2026-06-23,0.0
U4,Castellnou de Bages,2026-06-23,0.0
U6,Vinyols i els Arcs - Cambrils,2026-06-23,0.0
U7,Aldover,2026-06-23,0.0
U9,l'Aldea,2026-06-23,0.0
UA,l'Ametlla de Mar,2026-06-23,0.0
UB,la Tallada d'Empordà,2026-06-23,0.0
UE,Torroella de Montgrí,2026-06-23,0.0
UF,PN del Garraf - el Rascler,2026-06-23,0.0
UH,el Montmell,2026-06-23,0.0
UI,Gisclareny,2026-06-23,0.2
UJ,Santa Coloma de Queralt,2026-06-23,0.0
UK,Sant Pere de Ribes - PN del Garraf,2026-06-23,0.0
UM,la Granadella,2026-06-23,0.0
UN,Cassà de la Selva,2026-06-23,0.0
UO,Fornells de la Selva,2026-06-23,0.0
UP,Cabrils,2026-06-23,0.0
UQ,Dosrius - PN Montnegre Corredor,2026-06-23,0.0
US,les Cases d'Alcanar,2026-06-23,0.0
UU,Amposta,2026-06-23,0.0
UW,els Alfacs,2026-06-23,0.0
UX,Ulldecona - els Valentins,2026-06-23,0.0
UY,Os de Balaguer - el Monestir d'Avellanes,2026-06-23,0.0
V1,Vallfogona de Balaguer,2026-06-23,0.0
V4,Montesquiu,2026-06-23,0.0
V5,Perafita,2026-06-23,0.0
V8,el Poal,2026-06-23,0.0
VA,Ascó,2026-06-23,0.0
VB,Benissanet,2026-06-23,0.0
VC,Pantà de Riba-roja,2026-06-23,0.0
VD,el Canós,2026-06-23,0.0
VH,Gimenells,2026-06-23,0.0
VK,Raimat,2026-06-23,0.0
VM,Vilanova de Segrià,2026-06-23,0.0
VO,Lladurs,2026-06-23,0.0
VP,Pinós,2026-06-23,0.0
VQ,Constantí,2026-06-23,0.0
VS,Lac Redon (2.245 m),2026-06-23,0.0
VU,Rellinars,2026-06-23,0.0
VV,Sant Llorenç Savall,2026-06-23,0.0
VX,Tagamanent - PN del Montseny,2026-06-23,0.0
VY,Nulles,2026-06-23,0.0
VZ,Espolla,2026-06-23,0.0
W1,Castelló d'Empúries,2026-06-23,0.0
W4,Vilafranca del Penedès - la Granada,2026-06-23,0.0
W5,Oliana,2026-06-23,2.0
W8,Blancafort,2026-06-23,0.0
W9,la Vall d'en Bas,2026-06-23,0.0
WA,Oliola,2026-06-23,0.0
WB,Albesa,2026-06-23,0.0
WC,Golmés,2026-06-23,0.0
WG,Algerri,2026-06-23,0.0
WI,Maials,2026-06-23,0.0
WJ,el Masroig,2026-06-23,0.0
WK,Alfarràs,2026-06-23,0.0
WL,Sant Martí de Riucorb,2026-06-23,0.0
WM,Santuari de Queralt,2026-06-23,0.0
WN,Montserrat - Sant Dimes,2026-06-23,0.0
WO,la Bisbal del Penedès,2026-06-23,0.0
WP,Canaletes,2026-06-23,0.0
WQ,Montsec d'Ares (1.571 m),2026-06-23,0.0
WR,Torroja del Priorat,2026-06-23,0.0
WS,Viladrau,2026-06-23,0.0
WT,Malgrat de Mar,2026-06-23,0.0
WU,Badalona - Museu,2026-06-23,0.0
WV,Guardiola de Berguedà,2026-06-23,0.1
WW,Artés,2026-06-23,0.0
WX,Camarasa,2026-06-23,0.0
WZ,Cunit,2026-06-23,0.0
X1,Falset,2026-06-23,0.0
X3,Alguaire,2026-06-23,0.0
X4,Barcelona - el Raval,2026-06-23,0.0
X5,PN dels Ports,2026-06-23,0.0
X6,Baldomar,2026-06-23,0.0
X7,Torres de Segre,2026-06-23,0.0
X8,Barcelona - Zona Universitària,2026-06-23,0.0
X9,Caldes de Montbui,2026-06-23,0.0
XA,la Panadella,2026-06-23,0.0
XB,la Llacuna,2026-06-23,0.0
XC,Castellbisbal,2026-06-23,0.0
XD,Ulldemolins,2026-06-23,0.0
XE,Tarragona - Complex Educatiu,2026-06-23,0.0
XF,Sabadell - Parc Agrari,2026-06-23,0.0
XG,Parets del Vallès,2026-06-23,0.0
XH,Sort,2026-06-23,0.0
XI,Mollerussa,2026-06-23,0.0
XJ,Girona,2026-06-23,0.0
XK,Puig Sesolles (1.666 m),2026-06-23,0.0
XL,el Prat de Llobregat,2026-06-23,0.0
XM,els Alamús,2026-06-23,0.0
XN,Seròs,2026-06-23,0.0
XO,Vic,2026-06-23,0.0
XP,Gandesa,2026-06-23,0.0
XQ,Tremp,2026-06-23,0.3
XR,Prades,2026-06-23,0.0
XS,Santa Coloma de Farners,2026-06-23,0.0
XT,Solsona,2026-06-23,0.0
XU,Canyelles,2026-06-23,0.0
XV,Sant Cugat del Vallès - CAR,2026-06-23,0.0
XX,Anglesola - Tornabous,2026-06-23,0.0
XY,Alcarràs,2026-06-23,0.0
XZ,Torroella de Fluvià,2026-06-23,0.0
Y4,Alinyà,2026-06-23,17.4
Y5,Navata,2026-06-23,0.0
Y6,Tivissa,2026-06-23,0.0
YA,Puigcerdà,2026-06-23,0.0
YB,Olot,2026-06-23,0.0
YC,la Pobla de Segur,2026-06-23,0.0
YD,les Borges Blanques,2026-06-23,0.0
YE,Massoteres,2026-06-23,0.0
YF,Miami Platja,2026-06-23,0.0
YG,Tírvia,2026-06-23,0.0
YH,Pujalt,2026-06-23,0.0
YJ,Lleida - la Femosa,2026-06-23,0.0
YK,Terrassa,2026-06-23,0.0
YL,Riudecanyes,2026-06-23,0.0
YM,Granollers,2026-06-23,0.0
YN,Vielha - Elipòrt,2026-06-23,0.0
YO,Sant Sadurní d'Anoia,2026-06-23,0.0
YP,Palafrugell,2026-06-23,0.0
YQ,Port de Barcelona - ZAL Prat,2026-06-23,0.0
YR,Vilanova i la Geltrú,2026-06-23,0.0
YS,Cabanes,2026-06-23,0.0
YT,Bonabé (1.691 m),2026-06-23,0.0
YU,Cantonigròs,2026-06-23,0.0
YV,Mataró,2026-06-23,0.0
YX,Batea,2026-06-23,0.0
YY,Viladecans - les Filipines,2026-06-23,0.0
Z1,Bonaigua (2.262 m),2026-06-23,0.0
Z2,Boí (2.537 m),2026-06-23,2.1
Z3,Malniu (2.229 m),2026-06-23,0.0
Z5,Certascan (2.398 m),2026-06-23,0.0
Z6,Sasseuva (2.226 m),2026-06-23,0.0
Z7,Espot (2.519 m),2026-06-23,0.0
Z9,Cadí Nord (2.145 m) - Prat d'Aguiló,2026-06-23,0.0
ZB,Salòria (2.451 m),2026-06-23,0.3
ZC,Ulldeter (2.413 m),2026-06-23,0.0
ZE,el Port del Comte (2.288 m),2026-06-23,1.9
C6,Castellnou de Seana,2026-06-24,0.0
C7,Tàrrega,2026-06-24,0.0
C8,Cervera,2026-06-24,0.0
C9,Mas de Barberans,2026-06-24,0.0
CC,Orís,2026-06-24,0.0
CD,la Seu d'Urgell - Bellestar,2026-06-24,0.0
CE,els Hostalets de Pierola,2026-06-24,0.0
CG,Molló - Fabert,2026-06-24,0.0
CI,Sant Pau de Segúries,2026-06-24,0.0
CJ,Organyà,2026-06-24,0.0
CL,Sant Salvador de Guardiola,2026-06-24,0.0
CP,Sant Romà d'Abella,2026-06-24,0.0
CQ,Vilanova de Meià,2026-06-24,0.0
CR,la Quar,2026-06-24,0.0
CT,el Pont de Suert,2026-06-24,0.0
CW,l'Espluga de Francolí,2026-06-24,0.0
CY,Muntanyola,2026-06-24,0.0
D1,Margalef,2026-06-24,0.0
D2,Vacarisses,2026-06-24,0.0
D3,Vallirana,2026-06-24,0.0
D4,Roses,2026-06-24,0.0
D5,Barcelona - Observatori Fabra,2026-06-24,0.0
D6,Portbou - coll dels Belitres,2026-06-24,0.0
D7,Vinebre,2026-06-24,0.0
D8,Horta de Sant Joan,2026-06-24,0.0
D9,el Vendrell,2026-06-24,0.0
DB,el Perelló,2026-06-24,0.0
DF,la Bisbal d'Empordà,2026-06-24,0.0
DG,Núria (1.971 m),2026-06-24,4.6
DI,Font-rubí,2026-06-24,0.0
DJ,Banyoles,2026-06-24,0.0
DK,Torredembarra,2026-06-24,0.0
DL,Illa de Buda,2026-06-24,0.0
DN,Anglès,2026-06-24,0.0
DO,Castell d'Aro,2026-06-24,0.0
DP,Das - Aeròdrom,2026-06-24,0.5
DQ,Vila-rodona,2026-06-24,0.0
H1,Òdena,2026-06-24,0.0
J5,Pantà de Darnius - Boadella,2026-06-24,0.0
KE,Pantà de Sau,2026-06-24,0.0
KP,Fogars de la Selva,2026-06-24,0.0
KX,la Roca del Vallès - ETAP Cardedeu,2026-06-24,0.0
M6,Sant Joan de les Abadesses,2026-06-24,0.0
MQ,Cardona,2026-06-24,0.0
MR,Pantà de Siurana,2026-06-24,0.0
MS,Castellar de n'Hug - el Clot del Moro,2026-06-24,0.0
MV,Guixers - Valls,2026-06-24,0.0
MW,Navès,2026-06-24,0.0
U2,Sant Pere Pescador,2026-06-24,0.0
U3,Sant Martí Sarroca,2026-06-24,0.0
U4,Castellnou de Bages,2026-06-24,0.0
U6,Vinyols i els Arcs - Cambrils,2026-06-24,0.0
U7,Aldover,2026-06-24,0.0
U9,l'Aldea,2026-06-24,0.0
UA,l'Ametlla de Mar,2026-06-24,0.0
UB,la Tallada d'Empordà,2026-06-24,0.0
UE,Torroella de Montgrí,2026-06-24,0.0
UF,PN del Garraf - el Rascler,2026-06-24,0.0
UH,el Montmell,2026-06-24,0.0
UI,Gisclareny,2026-06-24,0.0
UJ,Santa Coloma de Queralt,2026-06-24,0.0
UK,Sant Pere de Ribes - PN del Garraf,2026-06-24,0.0
UM,la Granadella,2026-06-24,0.0
UN,Cassà de la Selva,2026-06-24,0.0
UO,Fornells de la Selva,2026-06-24,0.0
UP,Cabrils,2026-06-24,0.0
UQ,Dosrius - PN Montnegre Corredor,2026-06-24,0.0
US,les Cases d'Alcanar,2026-06-24,0.0
UU,Amposta,2026-06-24,0.0
UW,els Alfacs,2026-06-24,0.0
UX,Ulldecona - els Valentins,2026-06-24,0.0
UY,Os de Balaguer - el Monestir d'Avellanes,2026-06-24,0.0
V1,Vallfogona de Balaguer,2026-06-24,0.0
V4,Montesquiu,2026-06-24,0.0
V5,Perafita,2026-06-24,0.0
V8,el Poal,2026-06-24,0.0
VA,Ascó,2026-06-24,0.0
VB,Benissanet,2026-06-24,0.0
VC,Pantà de Riba-roja,2026-06-24,0.0
VD,el Canós,2026-06-24,0.0
VH,Gimenells,2026-06-24,0.0
VK,Raimat,2026-06-24,0.0
VM,Vilanova de Segrià,2026-06-24,0.0
VO,Lladurs,2026-06-24,0.0
VP,Pinós,2026-06-24,0.0
VQ,Constantí,2026-06-24,0.0
VS,Lac Redon (2.245 m),2026-06-24,14.4
VU,Rellinars,2026-06-24,0.0
VV,Sant Llorenç Savall,2026-06-24,0.0
VX,Tagamanent - PN del Montseny,2026-06-24,0.0
VY,Nulles,2026-06-24,0.0
VZ,Espolla,2026-06-24,0.0
W1,Castelló d'Empúries,2026-06-24,0.0
W4,Vilafranca del Penedès - la Granada,2026-06-24,0.0
W5,Oliana,2026-06-24,0.0
W8,Blancafort,2026-06-24,0.0
W9,la Vall d'en Bas,2026-06-24,0.0
WA,Oliola,2026-06-24,0.0
WB,Albesa,2026-06-24,0.0
WC,Golmés,2026-06-24,0.0
WG,Algerri,2026-06-24,0.0
WI,Maials,2026-06-24,0.0
WJ,el Masroig,2026-06-24,0.0
WK,Alfarràs,2026-06-24,0.0
WL,Sant Martí de Riucorb,2026-06-24,0.0
WM,Santuari de Queralt,2026-06-24,0.0
WN,Montserrat - Sant Dimes,2026-06-24,0.0
WO,la Bisbal del Penedès,2026-06-24,0.0
WP,Canaletes,2026-06-24,0.0
WQ,Montsec d'Ares (1.571 m),2026-06-24,0.0
WR,Torroja del Priorat,2026-06-24,0.0
WS,Viladrau,2026-06-24,0.0
WT,Malgrat de Mar,2026-06-24,0.0
WU,Badalona - Museu,2026-06-24,0.0
WV,Guardiola de Berguedà,2026-06-24,0.0
WW,Artés,2026-06-24,0.0
WX,Camarasa,2026-06-24,0.0
WZ,Cunit,2026-06-24,0.0
X1,Falset,2026-06-24,0.0
X3,Alguaire,2026-06-24,0.0
X4,Barcelona - el Raval,2026-06-24,0.0
X5,PN dels Ports,2026-06-24,0.0
X6,Baldomar,2026-06-24,0.0
X7,Torres de Segre,2026-06-24,0.0
X8,Barcelona - Zona Universitària,2026-06-24,0.0
X9,Caldes de Montbui,2026-06-24,0.0
XA,la Panadella,2026-06-24,0.0
XB,la Llacuna,2026-06-24,0.0
XC,Castellbisbal,2026-06-24,0.0
XD,Ulldemolins,2026-06-24,0.0
XE,Tarragona - Complex Educatiu,2026-06-24,0.0
XF,Sabadell - Parc Agrari,2026-06-24,0.0
XG,Parets del Vallès,2026-06-24,0.0
XH,Sort,2026-06-24,0.0
XI,Mollerussa,2026-06-24,0.0
XJ,Girona,2026-06-24,0.0
XK,Puig Sesolles (1.666 m),2026-06-24,0.0
XL,el Prat de Llobregat,2026-06-24,0.1
XM,els Alamús,2026-06-24,0.0
XN,Seròs,2026-06-24,0.0
XO,Vic,2026-06-24,0.0
XP,Gandesa,2026-06-24,0.0
XQ,Tremp,2026-06-24,0.0
XR,Prades,2026-06-24,0.0
XS,Santa Coloma de Farners,2026-06-24,0.0
XT,Solsona,2026-06-24,0.0
XU,Canyelles,2026-06-24,0.0
XV,Sant Cugat del Vallès - CAR,2026-06-24,0.0
XX,Anglesola - Tornabous,2026-06-24,0.0
XY,Alcarràs,2026-06-24,0.0
XZ,Torroella de Fluvià,2026-06-24,0.0
Y4,Alinyà,2026-06-24,0.0
Y5,Navata,2026-06-24,0.0
Y6,Tivissa,2026-06-24,0.0
YA,Puigcerdà,2026-06-24,0.0
YB,Olot,2026-06-24,0.0
YC,la Pobla de Segur,2026-06-24,0.0
YD,les Borges Blanques,2026-06-24,0.0
YE,Massoteres,2026-06-24,0.0
YF,Miami Platja,2026-06-24,0.0
YG,Tírvia,2026-06-24,0.2
YH,Pujalt,2026-06-24,0.0
YJ,Lleida - la Femosa,2026-06-24,0.0
YK,Terrassa,2026-06-24,0.0
YL,Riudecanyes,2026-06-24,0.0
YM,Granollers,2026-06-24,0.0
YN,Vielha - Elipòrt,2026-06-24,1.5
YO,Sant Sadurní d'Anoia,2026-06-24,0.0
YP,Palafrugell,2026-06-24,0.0
YQ,Port de Barcelona - ZAL Prat,2026-06-24,0.0
YR,Vilanova i la Geltrú,2026-06-24,0.0
YS,Cabanes,2026-06-24,0.0
YT,Bonabé (1.691 m),2026-06-24,0.0
YU,Cantonigròs,2026-06-24,0.0
YV,Mataró,2026-06-24,0.0
YX,Batea,2026-06-24,0.0
YY,Viladecans - les Filipines,2026-06-24,0.0
Z1,Bonaigua (2.262 m),2026-06-24,7.0
Z2,Boí (2.537 m),2026-06-24,0.0
Z3,Malniu (2.229 m),2026-06-24,1.1
Z5,Certascan (2.398 m),2026-06-24,0.0
Z6,Sasseuva (2.226 m),2026-06-24,0.0
Z7,Espot (2.519 m),2026-06-24,0.0
Z9,Cadí Nord (2.145 m) - Prat d'Aguiló,2026-06-24,1.8
ZB,Salòria (2.451 m),2026-06-24,0.0
ZC,Ulldeter (2.413 m),2026-06-24,0.0
ZE,el Port del Comte (2.288 m),2026-06-24,0.0
C6,Castellnou de Seana,2026-06-25,0.0
C7,Tàrrega,2026-06-25,0.0
C8,Cervera,2026-06-25,0.0
C9,Mas de Barberans,2026-06-25,0.0
CC,Orís,2026-06-25,0.0
CD,la Seu d'Urgell - Bellestar,2026-06-25,0.0
CE,els Hostalets de Pierola,2026-06-25,0.0
CG,Molló - Fabert,2026-06-25,0.0
CI,Sant Pau de Segúries,2026-06-25,0.0
CJ,Organyà,2026-06-25,0.0
CL,Sant Salvador de Guardiola,2026-06-25,0.0
CP,Sant Romà d'Abella,2026-06-25,0.0
CQ,Vilanova de Meià,2026-06-25,0.0
CR,la Quar,2026-06-25,0.0
CT,el Pont de Suert,2026-06-25,0.0
CW,l'Espluga de Francolí,2026-06-25,0.0
CY,Muntanyola,2026-06-25,0.0
D1,Margalef,2026-06-25,0.0
D2,Vacarisses,2026-06-25,0.0
D3,Vallirana,2026-06-25,0.0
D4,Roses,2026-06-25,0.0
D5,Barcelona - Observatori Fabra,2026-06-25,0.0
D6,Portbou - coll dels Belitres,2026-06-25,0.0
D7,Vinebre,2026-06-25,0.0
D8,Horta de Sant Joan,2026-06-25,0.0
D9,el Vendrell,2026-06-25,0.0
DB,el Perelló,2026-06-25,0.0
DF,la Bisbal d'Empordà,2026-06-25,0.0
DG,Núria (1.971 m),2026-06-25,0.0
DI,Font-rubí,2026-06-25,0.0
DJ,Banyoles,2026-06-25,0.0
DK,Torredembarra,2026-06-25,0.0
DL,Illa de Buda,2026-06-25,0.1
DN,Anglès,2026-06-25,0.0
DO,Castell d'Aro,2026-06-25,0.0
DP,Das - Aeròdrom,2026-06-25,0.0
DQ,Vila-rodona,2026-06-25,0.0
H1,Òdena,2026-06-25,0.0
J5,Pantà de Darnius - Boadella,2026-06-25,0.0
KE,Pantà de Sau,2026-06-25,0.0
KP,Fogars de la Selva,2026-06-25,0.0
KX,la Roca del Vallès - ETAP Cardedeu,2026-06-25,0.0
M6,Sant Joan de les Abadesses,2026-06-25,0.0
MQ,Cardona,2026-06-25,0.0
MR,Pantà de Siurana,2026-06-25,0.0
MS,Castellar de n'Hug - el Clot del Moro,2026-06-25,0.0
MV,Guixers - Valls,2026-06-25,0.0
MW,Navès,2026-06-25,0.0
U2,Sant Pere Pescador,2026-06-25,0.0
U3,Sant Martí Sarroca,2026-06-25,0.0
U4,Castellnou de Bages,2026-06-25,0.0
U6,Vinyols i els Arcs - Cambrils,2026-06-25,0.0
U7,Aldover,2026-06-25,0.0
U9,l'Aldea,2026-06-25,0.0
UA,l'Ametlla de Mar,2026-06-25,0.0
UB,la Tallada d'Empordà,2026-06-25,0.0
UE,Torroella de Montgrí,2026-06-25,0.0
UF,PN del Garraf - el Rascler,2026-06-25,0.0
UH,el Montmell,2026-06-25,0.0
UI,Gisclareny,2026-06-25,0.0
UJ,Santa Coloma de Queralt,2026-06-25,0.0
UK,Sant Pere de Ribes - PN del Garraf,2026-06-25,0.0
UM,la Granadella,2026-06-25,0.0
UN,Cassà de la Selva,2026-06-25,0.0
UO,Fornells de la Selva,2026-06-25,0.0
UP,Cabrils,2026-06-25,0.0
UQ,Dosrius - PN Montnegre Corredor,2026-06-25,0.0
US,les Cases d'Alcanar,2026-06-25,0.0
UU,Amposta,2026-06-25,0.0
UW,els Alfacs,2026-06-25,0.0
UX,Ulldecona - els Valentins,2026-06-25,0.0
UY,Os de Balaguer - el Monestir d'Avellanes,2026-06-25,0.0
V1,Vallfogona de Balaguer,2026-06-25,0.0
V4,Montesquiu,2026-06-25,0.0
V5,Perafita,2026-06-25,0.0
V8,el Poal,2026-06-25,0.0
VA,Ascó,2026-06-25,0.0
VB,Benissanet,2026-06-25,0.0
VC,Pantà de Riba-roja,2026-06-25,0.0
VD,el Canós,2026-06-25,0.0
VH,Gimenells,2026-06-25,0.0
VK,Raimat,2026-06-25,0.0
VM,Vilanova de Segrià,2026-06-25,0.0
VO,Lladurs,2026-06-25,0.0
VP,Pinós,2026-06-25,0.0
VQ,Constantí,2026-06-25,0.0
VS,Lac Redon (2.245 m),2026-06-25,0.0
VU,Rellinars,2026-06-25,0.0
VV,Sant Llorenç Savall,2026-06-25,0.0
VX,Tagamanent - PN del Montseny,2026-06-25,0.0
VY,Nulles,2026-06-25,0.0
VZ,Espolla,2026-06-25,0.0
W1,Castelló d'Empúries,2026-06-25,0.0
W4,Vilafranca del Penedès - la Granada,2026-06-25,0.0
W5,Oliana,2026-06-25,0.0
W8,Blancafort,2026-06-25,0.0
W9,la Vall d'en Bas,2026-06-25,0.0
WA,Oliola,2026-06-25,0.0
WB,Albesa,2026-06-25,0.0
WC,Golmés,2026-06-25,0.0
WG,Algerri,2026-06-25,0.0
WI,Maials,2026-06-25,0.0
WJ,el Masroig,2026-06-25,0.0
WK,Alfarràs,2026-06-25,0.0
WL,Sant Martí de Riucorb,2026-06-25,0.0
WM,Santuari de Queralt,2026-06-25,0.0
WN,Montserrat - Sant Dimes,2026-06-25,0.0
WO,la Bisbal del Penedès,2026-06-25,0.0
WP,Canaletes,2026-06-25,0.0
WQ,Montsec d'Ares (1.571 m),2026-06-25,0.0
WR,Torroja del Priorat,2026-06-25,0.0
WS,Viladrau,2026-06-25,0.0
WT,Malgrat de Mar,2026-06-25,0.0
WU,Badalona - Museu,2026-06-25,0.0
WV,Guardiola de Berguedà,2026-06-25,0.0
WW,Artés,2026-06-25,0.0
WX,Camarasa,2026-06-25,0.0
WZ,Cunit,2026-06-25,0.0
X1,Falset,2026-06-25,0.0
X3,Alguaire,2026-06-25,0.0
X4,Barcelona - el Raval,2026-06-25,0.0
X5,PN dels Ports,2026-06-25,0.0
X6,Baldomar,2026-06-25,0.0
X7,Torres de Segre,2026-06-25,0.0
X8,Barcelona - Zona Universitària,2026-06-25,0.0
X9,Caldes de Montbui,2026-06-25,0.0
XA,la Panadella,2026-06-25,0.0
XB,la Llacuna,2026-06-25,0.0
XC,Castellbisbal,2026-06-25,0.0
XD,Ulldemolins,2026-06-25,0.0
XE,Tarragona - Complex Educatiu,2026-06-25,0.0
XF,Sabadell - Parc Agrari,2026-06-25,0.0
XG,Parets del Vallès,2026-06-25,0.0
XH,Sort,2026-06-25,0.0
XI,Mollerussa,2026-06-25,0.0
XJ,Girona,2026-06-25,0.0
XK,Puig Sesolles (1.666 m),2026-06-25,0.0
XL,el Prat de Llobregat,2026-06-25,0.0
XM,els Alamús,2026-06-25,0.0
XN,Seròs,2026-06-25,0.0
XO,Vic,2026-06-25,0.0
XP,Gandesa,2026-06-25,0.0
XQ,Tremp,2026-06-25,0.0
XR,Prades,2026-06-25,0.0
XS,Santa Coloma de Farners,2026-06-25,0.0
XT,Solsona,2026-06-25,0.0
XU,Canyelles,2026-06-25,0.0
XV,Sant Cugat del Vallès - CAR,2026-06-25,0.0
XX,Anglesola - Tornabous,2026-06-25,0.0
XY,Alcarràs,2026-06-25,0.0
XZ,Torroella de Fluvià,2026-06-25,0.0
Y4,Alinyà,2026-06-25,0.0
Y5,Navata,2026-06-25,0.0
Y6,Tivissa,2026-06-25,0.0
YA,Puigcerdà,2026-06-25,0.0
YB,Olot,2026-06-25,0.0
YC,la Pobla de Segur,2026-06-25,0.0
YD,les Borges Blanques,2026-06-25,0.0
YE,Massoteres,2026-06-25,0.0
YF,Miami Platja,2026-06-25,0.0
YG,Tírvia,2026-06-25,0.0
YH,Pujalt,2026-06-25,0.0
YJ,Lleida - la Femosa,2026-06-25,0.0
YK,Terrassa,2026-06-25,0.0
YL,Riudecanyes,2026-06-25,0.0
YM,Granollers,2026-06-25,0.0
YN,Vielha - Elipòrt,2026-06-25,0.0
YO,Sant Sadurní d'Anoia,2026-06-25,0.0
YP,Palafrugell,2026-06-25,0.0
YQ,Port de Barcelona - ZAL Prat,2026-06-25,0.0
YR,Vilanova i la Geltrú,2026-06-25,0.0
YS,Cabanes,2026-06-25,0.0
YT,Bonabé (1.691 m),2026-06-25,0.0
YU,Cantonigròs,2026-06-25,0.0
YV,Mataró,2026-06-25,0.0
YX,Batea,2026-06-25,0.0
YY,Viladecans - les Filipines,2026-06-25,0.0
Z1,Bonaigua (2.262 m),2026-06-25,0.0
Z2,Boí (2.537 m),2026-06-25,0.0
Z3,Malniu (2.229 m),2026-06-25,0.0
Z5,Certascan (2.398 m),2026-06-25,0.0
Z6,Sasseuva (2.226 m),2026-06-25,0.0
Z7,Espot (2.519 m),2026-06-25,0.0
Z9,Cadí Nord (2.145 m) - Prat d'Aguiló,2026-06-25,0.0
ZB,Salòria (2.451 m),2026-06-25,0.0
ZC,Ulldeter (2.413 m),2026-06-25,0.0
ZE,el Port del Comte (2.288 m),2026-06-25,0.0
C6,Castellnou de Seana,2026-06-26,0.0
C7,Tàrrega,2026-06-26,0.0
C8,Cervera,2026-06-26,0.0
C9,Mas de Barberans,2026-06-26,0.0
CC,Orís,2026-06-26,0.0
CD,la Seu d'Urgell - Bellestar,2026-06-26,0.0
CE,els Hostalets de Pierola,2026-06-26,0.0
CG,Molló - Fabert,2026-06-26,0.0
CI,Sant Pau de Segúries,2026-06-26,0.0
CJ,Organyà,2026-06-26,0.0
CL,Sant Salvador de Guardiola,2026-06-26,0.0
CP,Sant Romà d'Abella,2026-06-26,0.0
CQ,Vilanova de Meià,2026-06-26,0.0
CR,la Quar,2026-06-26,0.0
CT,el Pont de Suert,2026-06-26,0.0
CW,l'Espluga de Francolí,2026-06-26,0.0
CY,Muntanyola,2026-06-26,0.0
D1,Margalef,2026-06-26,0.0
D2,Vacarisses,2026-06-26,0.0
D3,Vallirana,2026-06-26,0.0
D4,Roses,2026-06-26,0.0
D5,Barcelona - Observatori Fabra,2026-06-26,0.0
D6,Portbou - coll dels Belitres,2026-06-26,0.0
D7,Vinebre,2026-06-26,0.0
D8,Horta de Sant Joan,2026-06-26,0.0
D9,el Vendrell,2026-06-26,0.0
DB,el Perelló,2026-06-26,0.0
DF,la Bisbal d'Empordà,2026-06-26,0.0
DG,Núria (1.971 m),2026-06-26,0.0
DI,Font-rubí,2026-06-26,0.0
DJ,Banyoles,2026-06-26,0.0
DK,Torredembarra,2026-06-26,0.0
DL,Illa de Buda,2026-06-26,0.0
DN,Anglès,2026-06-26,0.0
DO,Castell d'Aro,2026-06-26,0.0
DP,Das - Aeròdrom,2026-06-26,0.0
DQ,Vila-rodona,2026-06-26,0.0
H1,Òdena,2026-06-26,0.0
J5,Pantà de Darnius - Boadella,2026-06-26,0.0
KE,Pantà de Sau,2026-06-26,0.0
KP,Fogars de la Selva,2026-06-26,0.0
KX,la Roca del Vallès - ETAP Cardedeu,2026-06-26,0.0
M6,Sant Joan de les Abadesses,2026-06-26,0.0
MQ,Cardona,2026-06-26,0.0
MR,Pantà de Siurana,2026-06-26,0.0
MS,Castellar de n'Hug - el Clot del Moro,2026-06-26,0.0
MV,Guixers - Valls,2026-06-26,0.0
MW,Navès,2026-06-26,0.0
U2,Sant Pere Pescador,2026-06-26,0.0
U3,Sant Martí Sarroca,2026-06-26,0.0
U4,Castellnou de Bages,2026-06-26,0.0
U6,Vinyols i els Arcs - Cambrils,2026-06-26,0.0
U7,Aldover,2026-06-26,0.0
U9,l'Aldea,2026-06-26,0.0
UA,l'Ametlla de Mar,2026-06-26,0.0
UB,la Tallada d'Empordà,2026-06-26,0.0
UE,Torroella de Montgrí,2026-06-26,0.0
UF,PN del Garraf - el Rascler,2026-06-26,0.0
UH,el Montmell,2026-06-26,0.0
UI,Gisclareny,2026-06-26,0.0
UJ,Santa Coloma de Queralt,2026-06-26,0.0
UK,Sant Pere de Ribes - PN del Garraf,2026-06-26,0.0
UM,la Granadella,2026-06-26,0.0
UN,Cassà de la Selva,2026-06-26,0.0
UO,Fornells de la Selva,2026-06-26,0.0
UP,Cabrils,2026-06-26,0.0
UQ,Dosrius - PN Montnegre Corredor,2026-06-26,0.0
US,les Cases d'Alcanar,2026-06-26,0.0
UU,Amposta,2026-06-26,0.0
UW,els Alfacs,2026-06-26,0.0
UX,Ulldecona - els Valentins,2026-06-26,0.0
UY,Os de Balaguer - el Monestir d'Avellanes,2026-06-26,0.0
V1,Vallfogona de Balaguer,2026-06-26,0.0
V4,Montesquiu,2026-06-26,0.0
V5,Perafita,2026-06-26,0.0
V8,el Poal,2026-06-26,0.0
VA,Ascó,2026-06-26,0.0
VB,Benissanet,2026-06-26,0.0
VC,Pantà de Riba-roja,2026-06-26,0.0
VD,el Canós,2026-06-26,0.0
VH,Gimenells,2026-06-26,0.0
VK,Raimat,2026-06-26,0.0
VM,Vilanova de Segrià,2026-06-26,0.0
VO,Lladurs,2026-06-26,0.0
VP,Pinós,2026-06-26,0.0
VQ,Constantí,2026-06-26,0.0
VS,Lac Redon (2.245 m),2026-06-26,0.0
VU,Rellinars,2026-06-26,0.0
VV,Sant Llorenç Savall,2026-06-26,0.0
VX,Tagamanent - PN del Montseny,2026-06-26,0.0
VY,Nulles,2026-06-26,0.0
VZ,Espolla,2026-06-26,0.0
W1,Castelló d'Empúries,2026-06-26,0.0
W4,Vilafranca del Penedès - la Granada,2026-06-26,0.0
W5,Oliana,2026-06-26,0.0
W8,Blancafort,2026-06-26,0.0
W9,la Vall d'en Bas,2026-06-26,0.0
WA,Oliola,2026-06-26,0.0
WB,Albesa,2026-06-26,0.0
WC,Golmés,2026-06-26,0.0
WG,Algerri,2026-06-26,0.0
WI,Maials,2026-06-26,0.0
WJ,el Masroig,2026-06-26,0.0
WK,Alfarràs,2026-06-26,0.0
WL,Sant Martí de Riucorb,2026-06-26,0.0
WM,Santuari de Queralt,2026-06-26,0.0
WN,Montserrat - Sant Dimes,2026-06-26,0.0
WO,la Bisbal del Penedès,2026-06-26,0.0
WP,Canaletes,2026-06-26,0.0
WQ,Montsec d'Ares (1.571 m),2026-06-26,0.0
WR,Torroja del Priorat,2026-06-26,0.0
WS,Viladrau,2026-06-26,0.0
WT,Malgrat de Mar,2026-06-26,0.0
WU,Badalona - Museu,2026-06-26,0.0
WV,Guardiola de Berguedà,2026-06-26,0.0
WW,Artés,2026-06-26,0.0
WX,Camarasa,2026-06-26,0.0
WZ,Cunit,2026-06-26,0.0
X1,Falset,2026-06-26,0.0
X3,Alguaire,2026-06-26,0.0
X4,Barcelona - el Raval,2026-06-26,0.0
X5,PN dels Ports,2026-06-26,0.0
X6,Baldomar,2026-06-26,0.0
X7,Torres de Segre,2026-06-26,0.0
X8,Barcelona - Zona Universitària,2026-06-26,0.0
X9,Caldes de Montbui,2026-06-26,0.0
XA,la Panadella,2026-06-26,0.0
XB,la Llacuna,2026-06-26,0.0
XC,Castellbisbal,2026-06-26,0.0
XD,Ulldemolins,2026-06-26,0.0
XE,Tarragona - Complex Educatiu,2026-06-26,0.0
XF,Sabadell - Parc Agrari,2026-06-26,0.0
XG,Parets del Vallès,2026-06-26,0.0
XH,Sort,2026-06-26,0.0
XI,Mollerussa,2026-06-26,0.0
XJ,Girona,2026-06-26,0.0
XK,Puig Sesolles (1.666 m),2026-06-26,0.0
XL,el Prat de Llobregat,2026-06-26,0.0
XM,els Alamús,2026-06-26,0.0
XN,Seròs,2026-06-26,0.0
XO,Vic,2026-06-26,0.0
XP,Gandesa,2026-06-26,0.0
XQ,Tremp,2026-06-26,0.0
XR,Prades,2026-06-26,0.0
XS,Santa Coloma de Farners,2026-06-26,0.0
XT,Solsona,2026-06-26,0.0
XU,Canyelles,2026-06-26,0.0
XV,Sant Cugat del Vallès - CAR,2026-06-26,0.0
XX,Anglesola - Tornabous,2026-06-26,0.0
XY,Alcarràs,2026-06-26,0.0
XZ,Torroella de Fluvià,2026-06-26,0.0
Y4,Alinyà,2026-06-26,0.0
Y5,Navata,2026-06-26,0.0
Y6,Tivissa,2026-06-26,0.0
YA,Puigcerdà,2026-06-26,0.0
YB,Olot,2026-06-26,0.0
YC,la Pobla de Segur,2026-06-26,0.0
YD,les Borges Blanques,2026-06-26,0.0
YE,Massoteres,2026-06-26,0.0
YF,Miami Platja,2026-06-26,0.0
YG,Tírvia,2026-06-26,0.0
YH,Pujalt,2026-06-26,0.0
YJ,Lleida - la Femosa,2026-06-26,0.0
YK,Terrassa,2026-06-26,0.0
YL,Riudecanyes,2026-06-26,0.0
YM,Granollers,2026-06-26,0.0
YN,Vielha - Elipòrt,2026-06-26,0.0
YO,Sant Sadurní d'Anoia,2026-06-26,0.0
YP,Palafrugell,2026-06-26,0.0
YQ,Port de Barcelona - ZAL Prat,2026-06-26,0.0
YR,Vilanova i la Geltrú,2026-06-26,0.0
YS,Cabanes,2026-06-26,0.0
YT,Bonabé (1.691 m),2026-06-26,0.0
YU,Cantonigròs,2026-06-26,0.0
YV,Mataró,2026-06-26,0.0
YX,Batea,2026-06-26,0.0
YY,Viladecans - les Filipines,2026-06-26,0.0
Z1,Bonaigua (2.262 m),2026-06-26,0.0
Z2,Boí (2.537 m),2026-06-26,0.0
Z3,Malniu (2.229 m),2026-06-26,0.0
Z5,Certascan (2.398 m),2026-06-26,0.0
Z6,Sasseuva (2.226 m),2026-06-26,0.0
Z7,Espot (2.519 m),2026-06-26,0.0
Z9,Cadí Nord (2.145 m) - Prat d'Aguiló,2026-06-26,0.0
ZB,Salòria (2.451 m),2026-06-26,0.0
ZC,Ulldeter (2.413 m),2026-06-26,0.0
ZE,el Port del Comte (2.288 m),2026-06-26,0.0
C6,Castellnou de Seana,2026-06-27,0.0
C7,Tàrrega,2026-06-27,0.0
C8,Cervera,2026-06-27,0.0
C9,Mas de Barberans,2026-06-27,0.0
CC,Orís,2026-06-27,0.0
CD,la Seu d'Urgell - Bellestar,2026-06-27,0.0
CE,els Hostalets de Pierola,2026-06-27,0.0
CG,Molló - Fabert,2026-06-27,0.0
CI,Sant Pau de Segúries,2026-06-27,0.0
CJ,Organyà,2026-06-27,0.0
CL,Sant Salvador de Guardiola,2026-06-27,0.0
CP,Sant Romà d'Abella,2026-06-27,0.0
CQ,Vilanova de Meià,2026-06-27,0.0
CR,la Quar,2026-06-27,0.0
CT,el Pont de Suert,2026-06-27,0.0
CW,l'Espluga de Francolí,2026-06-27,0.0
CY,Muntanyola,2026-06-27,0.0
D1,Margalef,2026-06-27,0.0
D2,Vacarisses,2026-06-27,0.0
D3,Vallirana,2026-06-27,0.0
D4,Roses,2026-06-27,0.0
D5,Barcelona - Observatori Fabra,2026-06-27,0.0
D6,Portbou - coll dels Belitres,2026-06-27,0.0
D7,Vinebre,2026-06-27,0.0
D8,Horta de Sant Joan,2026-06-27,0.0
D9,el Vendrell,2026-06-27,0.0
DB,el Perelló,2026-06-27,0.0
DF,la Bisbal d'Empordà,2026-06-27,0.0
DG,Núria (1.971 m),2026-06-27,0.0
DI,Font-rubí,2026-06-27,0.0
DJ,Banyoles,2026-06-27,0.0
DK,Torredembarra,2026-06-27,0.0
DL,Illa de Buda,2026-06-27,0.0
DN,Anglès,2026-06-27,0.0
DO,Castell d'Aro,2026-06-27,0.0
DP,Das - Aeròdrom,2026-06-27,0.0
DQ,Vila-rodona,2026-06-27,0.0
H1,Òdena,2026-06-27,0.0
J5,Pantà de Darnius - Boadella,2026-06-27,0.0
KE,Pantà de Sau,2026-06-27,0.0
KP,Fogars de la Selva,2026-06-27,0.0
KX,la Roca del Vallès - ETAP Cardedeu,2026-06-27,0.0
M6,Sant Joan de les Abadesses,2026-06-27,0.0
MQ,Cardona,2026-06-27,0.0
MR,Pantà de Siurana,2026-06-27,0.0
MS,Castellar de n'Hug - el Clot del Moro,2026-06-27,0.0
MV,Guixers - Valls,2026-06-27,0.0
MW,Navès,2026-06-27,0.0
U2,Sant Pere Pescador,2026-06-27,0.0
U3,Sant Martí Sarroca,2026-06-27,0.0
U4,Castellnou de Bages,2026-06-27,0.0
U6,Vinyols i els Arcs - Cambrils,2026-06-27,0.0
U7,Aldover,2026-06-27,0.0
U9,l'Aldea,2026-06-27,0.0
UA,l'Ametlla de Mar,2026-06-27,0.0
UB,la Tallada d'Empordà,2026-06-27,0.0
UE,Torroella de Montgrí,2026-06-27,0.0
UF,PN del Garraf - el Rascler,2026-06-27,0.0
UH,el Montmell,2026-06-27,0.0
UI,Gisclareny,2026-06-27,0.0
UJ,Santa Coloma de Queralt,2026-06-27,0.0
UK,Sant Pere de Ribes - PN del Garraf,2026-06-27,0.0
UM,la Granadella,2026-06-27,0.0
UN,Cassà de la Selva,2026-06-27,0.0
UO,Fornells de la Selva,2026-06-27,0.0
UP,Cabrils,2026-06-27,0.0
UQ,Dosrius - PN Montnegre Corredor,2026-06-27,0.0
US,les Cases d'Alcanar,2026-06-27,0.0
UU,Amposta,2026-06-27,0.0
UW,els Alfacs,2026-06-27,0.0
UX,Ulldecona - els Valentins,2026-06-27,0.0
UY,Os de Balaguer - el Monestir d'Avellanes,2026-06-27,0.0
V1,Vallfogona de Balaguer,2026-06-27,0.0
V4,Montesquiu,2026-06-27,0.0
V5,Perafita,2026-06-27,0.0
V8,el Poal,2026-06-27,0.0
VA,Ascó,2026-06-27,0.0
VB,Benissanet,2026-06-27,0.0
VC,Pantà de Riba-roja,2026-06-27,0.0
VD,el Canós,2026-06-27,0.0
VH,Gimenells,2026-06-27,0.0
VK,Raimat,2026-06-27,0.0
VM,Vilanova de Segrià,2026-06-27,0.0
VO,Lladurs,2026-06-27,0.0
VP,Pinós,2026-06-27,0.0
VQ,Constantí,2026-06-27,0.0
VS,Lac Redon (2.245 m),2026-06-27,0.0
VU,Rellinars,2026-06-27,0.0
VV,Sant Llorenç Savall,2026-06-27,0.0
VX,Tagamanent - PN del Montseny,2026-06-27,0.0
VY,Nulles,2026-06-27,0.0
VZ,Espolla,2026-06-27,0.0
W1,Castelló d'Empúries,2026-06-27,0.0
W4,Vilafranca del Penedès - la Granada,2026-06-27,0.0
W5,Oliana,2026-06-27,0.0
W8,Blancafort,2026-06-27,0.0
W9,la Vall d'en Bas,2026-06-27,0.0
WA,Oliola,2026-06-27,0.0
WB,Albesa,2026-06-27,0.0
WC,Golmés,2026-06-27,0.0
WG,Algerri,2026-06-27,0.0
WI,Maials,2026-06-27,0.0
WJ,el Masroig,2026-06-27,0.0
WK,Alfarràs,2026-06-27,0.0
WL,Sant Martí de Riucorb,2026-06-27,0.0
WM,Santuari de Queralt,2026-06-27,0.0
WN,Montserrat - Sant Dimes,2026-06-27,0.0
WO,la Bisbal del Penedès,2026-06-27,0.0
WP,Canaletes,2026-06-27,0.0
WQ,Montsec d'Ares (1.571 m),2026-06-27,0.0
WR,Torroja del Priorat,2026-06-27,0.0
WS,Viladrau,2026-06-27,0.0
WT,Malgrat de Mar,2026-06-27,0.0
WU,Badalona - Museu,2026-06-27,0.0
WV,Guardiola de Berguedà,2026-06-27,0.0
WW,Artés,2026-06-27,0.0
WX,Camarasa,2026-06-27,0.0
WZ,Cunit,2026-06-27,0.0
X1,Falset,2026-06-27,0.0
X3,Alguaire,2026-06-27,0.0
X4,Barcelona - el Raval,2026-06-27,0.0
X5,PN dels Ports,2026-06-27,0.0
X6,Baldomar,2026-06-27,0.0
X7,Torres de Segre,2026-06-27,0.0
X8,Barcelona - Zona Universitària,2026-06-27,0.0
X9,Caldes de Montbui,2026-06-27,0.0
XA,la Panadella,2026-06-27,0.0
XB,la Llacuna,2026-06-27,0.0
XC,Castellbisbal,2026-06-27,0.0
XD,Ulldemolins,2026-06-27,0.0
XE,Tarragona - Complex Educatiu,2026-06-27,0.0
XF,Sabadell - Parc Agrari,2026-06-27,0.0
XG,Parets del Vallès,2026-06-27,0.0
XH,Sort,2026-06-27,0.0
XI,Mollerussa,2026-06-27,0.0
XJ,Girona,2026-06-27,0.0
XK,Puig Sesolles (1.666 m),2026-06-27,0.0
XL,el Prat de Llobregat,2026-06-27,0.0
XM,els Alamús,2026-06-27,0.0
XN,Seròs,2026-06-27,0.0
XO,Vic,2026-06-27,0.0
XP,Gandesa,2026-06-27,0.0
XQ,Tremp,2026-06-27,0.0
XR,Prades,2026-06-27,0.0
XS,Santa Coloma de Farners,2026-06-27,0.0
XT,Solsona,2026-06-27,0.0
XU,Canyelles,2026-06-27,0.0
XV,Sant Cugat del Vallès - CAR,2026-06-27,0.0
XX,Anglesola - Tornabous,2026-06-27,0.0
XY,Alcarràs,2026-06-27,0.0
XZ,Torroella de Fluvià,2026-06-27,0.0
Y4,Alinyà,2026-06-27,0.0
Y5,Navata,2026-06-27,0.0
Y6,Tivissa,2026-06-27,0.0
YA,Puigcerdà,2026-06-27,0.0
YB,Olot,2026-06-27,0.0
YC,la Pobla de Segur,2026-06-27,0.0
YD,les Borges Blanques,2026-06-27,0.0
YE,Massoteres,2026-06-27,0.0
YF,Miami Platja,2026-06-27,0.0
YG,Tírvia,2026-06-27,0.0
YH,Pujalt,2026-06-27,0.0
YJ,Lleida - la Femosa,2026-06-27,0.0
YK,Terrassa,2026-06-27,0.0
YL,Riudecanyes,2026-06-27,0.0
YM,Granollers,2026-06-27,0.0
YN,Vielha - Elipòrt,2026-06-27,0.0
YO,Sant Sadurní d'Anoia,2026-06-27,0.0
YP,Palafrugell,2026-06-27,0.0
YQ,Port de Barcelona - ZAL Prat,2026-06-27,0.0
YR,Vilanova i la Geltrú,2026-06-27,0.0
YS,Cabanes,2026-06-27,0.0
YT,Bonabé (1.691 m),2026-06-27,0.0
YU,Cantonigròs,2026-06-27,0.0
YV,Mataró,2026-06-27,0.0
YX,Batea,2026-06-27,0.0
YY,Viladecans - les Filipines,2026-06-27,0.0
Z1,Bonaigua (2.262 m),2026-06-27,0.0
Z2,Boí (2.537 m),2026-06-27,0.0
Z3,Malniu (2.229 m),2026-06-27,0.0
Z5,Certascan (2.398 m),2026-06-27,0.0
Z6,Sasseuva (2.226 m),2026-06-27,0.0
Z7,Espot (2.519 m),2026-06-27,0.0
Z9,Cadí Nord (2.145 m) - Prat d'Aguiló,2026-06-27,0.0
ZB,Salòria (2.451 m),2026-06-27,0.0
ZC,Ulldeter (2.413 m),2026-06-27,0.0
ZE,el Port del Comte (2.288 m),2026-06-27,0.0
C6,Castellnou de Seana,2026-06-28,0.0
C7,Tàrrega,2026-06-28,0.0
C8,Cervera,2026-06-28,0.0
C9,Mas de Barberans,2026-06-28,0.2
CC,Orís,2026-06-28,0.0
CD,la Seu d'Urgell - Bellestar,2026-06-28,0.0
CE,els Hostalets de Pierola,2026-06-28,0.0
CG,Molló - Fabert,2026-06-28,0.0
CI,Sant Pau de Segúries,2026-06-28,0.0
CJ,Organyà,2026-06-28,0.0
CL,Sant Salvador de Guardiola,2026-06-28,0.0
CP,Sant Romà d'Abella,2026-06-28,0.0
CQ,Vilanova de Meià,2026-06-28,0.0
CR,la Quar,2026-06-28,0.0
CT,el Pont de Suert,2026-06-28,0.0
CW,l'Espluga de Francolí,2026-06-28,0.2
CY,Muntanyola,2026-06-28,0.0
D1,Margalef,2026-06-28,0.0
D2,Vacarisses,2026-06-28,0.0
D3,Vallirana,2026-06-28,0.0
D4,Roses,2026-06-28,0.0
D5,Barcelona - Observatori Fabra,2026-06-28,0.0
D6,Portbou - coll dels Belitres,2026-06-28,0.0
D7,Vinebre,2026-06-28,0.3
D8,Horta de Sant Joan,2026-06-28,0.1
D9,el Vendrell,2026-06-28,0.0
DB,el Perelló,2026-06-28,0.0
DF,la Bisbal d'Empordà,2026-06-28,0.0
DG,Núria (1.971 m),2026-06-28,0.0
DI,Font-rubí,2026-06-28,0.0
DJ,Banyoles,2026-06-28,0.0
DK,Torredembarra,2026-06-28,0.0
DL,Illa de Buda,2026-06-28,0.0
DN,Anglès,2026-06-28,0.0
DO,Castell d'Aro,2026-06-28,0.0
DP,Das - Aeròdrom,2026-06-28,0.0
DQ,Vila-rodona,2026-06-28,0.0
H1,Òdena,2026-06-28,0.0
J5,Pantà de Darnius - Boadella,2026-06-28,0.0
KE,Pantà de Sau,2026-06-28,0.0
KP,Fogars de la Selva,2026-06-28,0.0
KX,la Roca del Vallès - ETAP Cardedeu,2026-06-28,0.0
M6,Sant Joan de les Abadesses,2026-06-28,0.0
MQ,Cardona,2026-06-28,0.0
MR,Pantà de Siurana,2026-06-28,0.0
MS,Castellar de n'Hug - el Clot del Moro,2026-06-28,0.0
MV,Guixers - Valls,2026-06-28,0.0
MW,Navès,2026-06-28,0.0
U2,Sant Pere Pescador,2026-06-28,0.0
U3,Sant Martí Sarroca,2026-06-28,0.0
U4,Castellnou de Bages,2026-06-28,0.0
U6,Vinyols i els Arcs - Cambrils,2026-06-28,0.1
U7,Aldover,2026-06-28,0.0
U9,l'Aldea,2026-06-28,0.0
UA,l'Ametlla de Mar,2026-06-28,0.0
UB,la Tallada d'Empordà,2026-06-28,0.0
UE,Torroella de Montgrí,2026-06-28,0.0
UF,PN del Garraf - el Rascler,2026-06-28,0.0
UH,el Montmell,2026-06-28,0.0
UI,Gisclareny,2026-06-28,0.0
UJ,Santa Coloma de Queralt,2026-06-28,0.0
UK,Sant Pere de Ribes - PN del Garraf,2026-06-28,0.0
UM,la Granadella,2026-06-28,0.2
UN,Cassà de la Selva,2026-06-28,0.0
UO,Fornells de la Selva,2026-06-28,0.0
UP,Cabrils,2026-06-28,0.0
UQ,Dosrius - PN Montnegre Corredor,2026-06-28,0.0
US,les Cases d'Alcanar,2026-06-28,0.0
UU,Amposta,2026-06-28,0.0
UW,els Alfacs,2026-06-28,0.0
UX,Ulldecona - els Valentins,2026-06-28,0.0
UY,Os de Balaguer - el Monestir d'Avellanes,2026-06-28,0.0
V1,Vallfogona de Balaguer,2026-06-28,0.0
V4,Montesquiu,2026-06-28,0.0
V5,Perafita,2026-06-28,0.0
V8,el Poal,2026-06-28,0.2
VA,Ascó,2026-06-28,0.2
VB,Benissanet,2026-06-28,0.0
VC,Pantà de Riba-roja,2026-06-28,0.2
VD,el Canós,2026-06-28,0.2
VH,Gimenells,2026-06-28,0.1
VK,Raimat,2026-06-28,0.1
VM,Vilanova de Segrià,2026-06-28,0.0
VO,Lladurs,2026-06-28,0.0
VP,Pinós,2026-06-28,0.0
VQ,Constantí,2026-06-28,0.0
VS,Lac Redon (2.245 m),2026-06-28,1.3
VU,Rellinars,2026-06-28,0.0
VV,Sant Llorenç Savall,2026-06-28,0.0
VX,Tagamanent - PN del Montseny,2026-06-28,0.0
VY,Nulles,2026-06-28,0.0
VZ,Espolla,2026-06-28,0.0
W1,Castelló d'Empúries,2026-06-28,0.0
W4,Vilafranca del Penedès - la Granada,2026-06-28,0.0
W5,Oliana,2026-06-28,0.0
W8,Blancafort,2026-06-28,0.0
W9,la Vall d'en Bas,2026-06-28,0.0
WA,Oliola,2026-06-28,0.0
WB,Albesa,2026-06-28,0.0
WC,Golmés,2026-06-28,0.0
WG,Algerri,2026-06-28,0.0
WI,Maials,2026-06-28,0.3
WJ,el Masroig,2026-06-28,0.0
WK,Alfarràs,2026-06-28,0.0
WL,Sant Martí de Riucorb,2026-06-28,0.2
WM,Santuari de Queralt,2026-06-28,0.0
WN,Montserrat - Sant Dimes,2026-06-28,0.0
WO,la Bisbal del Penedès,2026-06-28,0.0
WP,Canaletes,2026-06-28,0.0
WQ,Montsec d'Ares (1.571 m),2026-06-28,0.0
WR,Torroja del Priorat,2026-06-28,0.0
WS,Viladrau,2026-06-28,0.0
WT,Malgrat de Mar,2026-06-28,0.0
WU,Badalona - Museu,2026-06-28,0.0
WV,Guardiola de Berguedà,2026-06-28,0.0
WW,Artés,2026-06-28,0.0
WX,Camarasa,2026-06-28,0.0
WZ,Cunit,2026-06-28,0.0
X1,Falset,2026-06-28,0.0
X3,Alguaire,2026-06-28,0.0
X4,Barcelona - el Raval,2026-06-28,0.0
X5,PN dels Ports,2026-06-28,0.0
X6,Baldomar,2026-06-28,0.0
X7,Torres de Segre,2026-06-28,0.0
X8,Barcelona - Zona Universitària,2026-06-28,0.0
X9,Caldes de Montbui,2026-06-28,0.0
XA,la Panadella,2026-06-28,0.0
XB,la Llacuna,2026-06-28,0.0
XC,Castellbisbal,2026-06-28,0.0
XD,Ulldemolins,2026-06-28,0.0
XE,Tarragona - Complex Educatiu,2026-06-28,0.0
XF,Sabadell - Parc Agrari,2026-06-28,0.0
XG,Parets del Vallès,2026-06-28,0.0
XH,Sort,2026-06-28,0.0
XI,Mollerussa,2026-06-28,0.0
XJ,Girona,2026-06-28,0.0
XK,Puig Sesolles (1.666 m),2026-06-28,0.0
XL,el Prat de Llobregat,2026-06-28,0.0
XM,els Alamús,2026-06-28,0.1
XN,Seròs,2026-06-28,0.2
XO,Vic,2026-06-28,0.0
XP,Gandesa,2026-06-28,0.2
XQ,Tremp,2026-06-28,0.0
XR,Prades,2026-06-28,0.1
XS,Santa Coloma de Farners,2026-06-28,0.0
XT,Solsona,2026-06-28,0.0
XU,Canyelles,2026-06-28,0.0
XV,Sant Cugat del Vallès - CAR,2026-06-28,0.0
XX,Anglesola - Tornabous,2026-06-28,0.0
XY,Alcarràs,2026-06-28,0.1
XZ,Torroella de Fluvià,2026-06-28,0.0
Y4,Alinyà,2026-06-28,0.0
Y5,Navata,2026-06-28,0.0
Y6,Tivissa,2026-06-28,0.0
YA,Puigcerdà,2026-06-28,0.0
YB,Olot,2026-06-28,0.0
YC,la Pobla de Segur,2026-06-28,0.0
YD,les Borges Blanques,2026-06-28,0.0
YE,Massoteres,2026-06-28,0.0
YF,Miami Platja,2026-06-28,0.0
YG,Tírvia,2026-06-28,0.0
YH,Pujalt,2026-06-28,0.0
YJ,Lleida - la Femosa,2026-06-28,0.0
YK,Terrassa,2026-06-28,0.0
YL,Riudecanyes,2026-06-28,0.0
YM,Granollers,2026-06-28,0.0
YN,Vielha - Elipòrt,2026-06-28,3.8
YO,Sant Sadurní d'Anoia,2026-06-28,0.0
YP,Palafrugell,2026-06-28,0.0
YQ,Port de Barcelona - ZAL Prat,2026-06-28,0.1
YR,Vilanova i la Geltrú,2026-06-28,0.0
YS,Cabanes,2026-06-28,0.0
YT,Bonabé (1.691 m),2026-06-28,0.0
YU,Cantonigròs,2026-06-28,0.0
YV,Mataró,2026-06-28,0.0
YX,Batea,2026-06-28,0.1
YY,Viladecans - les Filipines,2026-06-28,0.0
Z1,Bonaigua (2.262 m),2026-06-28,0.0
Z2,Boí (2.537 m),2026-06-28,0.0
Z3,Malniu (2.229 m),2026-06-28,0.0
Z5,Certascan (2.398 m),2026-06-28,2.8
Z6,Sasseuva (2.226 m),2026-06-28,1.4
Z7,Espot (2.519 m),2026-06-28,0.0
Z9,Cadí Nord (2.145 m) - Prat d'Aguiló,2026-06-28,0.0
ZB,Salòria (2.451 m),2026-06-28,0.0
ZC,Ulldeter (2.413 m),2026-06-28,0.0
ZE,el Port del Comte (2.288 m),2026-06-28,0.0
C6,Castellnou de Seana,2026-06-29,0.0
C7,Tàrrega,2026-06-29,0.0
C8,Cervera,2026-06-29,0.0
C9,Mas de Barberans,2026-06-29,0.0
CC,Orís,2026-06-29,0.0
CD,la Seu d'Urgell - Bellestar,2026-06-29,0.0
CE,els Hostalets de Pierola,2026-06-29,0.0
CG,Molló - Fabert,2026-06-29,7.2
CI,Sant Pau de Segúries,2026-06-29,16.4
CJ,Organyà,2026-06-29,10.6
CL,Sant Salvador de Guardiola,2026-06-29,0.0
CP,Sant Romà d'Abella,2026-06-29,0.0
CQ,Vilanova de Meià,2026-06-29,0.0
CR,la Quar,2026-06-29,0.0
CT,el Pont de Suert,2026-06-29,0.0
CW,l'Espluga de Francolí,2026-06-29,0.0
CY,Muntanyola,2026-06-29,0.0
D1,Margalef,2026-06-29,0.0
D2,Vacarisses,2026-06-29,0.0
D3,Vallirana,2026-06-29,0.0
D4,Roses,2026-06-29,0.0
D5,Barcelona - Observatori Fabra,2026-06-29,0.0
D6,Portbou - coll dels Belitres,2026-06-29,0.0
D7,Vinebre,2026-06-29,0.0
D8,Horta de Sant Joan,2026-06-29,0.0
D9,el Vendrell,2026-06-29,0.0
DB,el Perelló,2026-06-29,0.0
DF,la Bisbal d'Empordà,2026-06-29,0.1
DG,Núria (1.971 m),2026-06-29,10.2
DI,Font-rubí,2026-06-29,0.0
DJ,Banyoles,2026-06-29,0.1
DK,Torredembarra,2026-06-29,0.0
DL,Illa de Buda,2026-06-29,0.0
DN,Anglès,2026-06-29,4.6
DO,Castell d'Aro,2026-06-29,0.0
DP,Das - Aeròdrom,2026-06-29,17.3
DQ,Vila-rodona,2026-06-29,0.0
H1,Òdena,2026-06-29,0.0
J5,Pantà de Darnius - Boadella,2026-06-29,0.0
KE,Pantà de Sau,2026-06-29,0.1
KP,Fogars de la Selva,2026-06-29,0.0
KX,la Roca del Vallès - ETAP Cardedeu,2026-06-29,0.0
M6,Sant Joan de les Abadesses,2026-06-29,0.0
MQ,Cardona,2026-06-29,0.0
MR,Pantà de Siurana,2026-06-29,0.0
MS,Castellar de n'Hug - el Clot del Moro,2026-06-29,0.0
MV,Guixers - Valls,2026-06-29,0.0
MW,Navès,2026-06-29,0.0
U2,Sant Pere Pescador,2026-06-29,0.7
U3,Sant Martí Sarroca,2026-06-29,0.0
U4,Castellnou de Bages,2026-06-29,0.0
U6,Vinyols i els Arcs - Cambrils,2026-06-29,0.0
U7,Aldover,2026-06-29,0.0
U9,l'Aldea,2026-06-29,0.0
UA,l'Ametlla de Mar,2026-06-29,0.0
UB,la Tallada d'Empordà,2026-06-29,0.0
UE,Torroella de Montgrí,2026-06-29,0.0
UF,PN del Garraf - el Rascler,2026-06-29,0.0
UH,el Montmell,2026-06-29,0.0
UI,Gisclareny,2026-06-29,0.0
UJ,Santa Coloma de Queralt,2026-06-29,0.0
UK,Sant Pere de Ribes - PN del Garraf,2026-06-29,0.0
UM,la Granadella,2026-06-29,0.0
UN,Cassà de la Selva,2026-06-29,3.2
UO,Fornells de la Selva,2026-06-29,22.2
UP,Cabrils,2026-06-29,0.0
UQ,Dosrius - PN Montnegre Corredor,2026-06-29,0.0
US,les Cases d'Alcanar,2026-06-29,0.0
UU,Amposta,2026-06-29,0.0
UW,els Alfacs,2026-06-29,0.0
UX,Ulldecona - els Valentins,2026-06-29,0.0
UY,Os de Balaguer - el Monestir d'Avellanes,2026-06-29,0.0
V1,Vallfogona de Balaguer,2026-06-29,0.0
V4,Montesquiu,2026-06-29,0.0
V5,Perafita,2026-06-29,0.0
V8,el Poal,2026-06-29,0.0
VA,Ascó,2026-06-29,0.0
VB,Benissanet,2026-06-29,0.0
VC,Pantà de Riba-roja,2026-06-29,0.0
VD,el Canós,2026-06-29,0.0
VH,Gimenells,2026-06-29,0.0
VK,Raimat,2026-06-29,0.0
VM,Vilanova de Segrià,2026-06-29,0.0
VO,Lladurs,2026-06-29,0.3
VP,Pinós,2026-06-29,0.0
VQ,Constantí,2026-06-29,0.0
VS,Lac Redon (2.245 m),2026-06-29,0.6
VU,Rellinars,2026-06-29,0.5
VV,Sant Llorenç Savall,2026-06-29,0.0
VX,Tagamanent - PN del Montseny,2026-06-29,0.7
VY,Nulles,2026-06-29,0.0
VZ,Espolla,2026-06-29,0.0
W1,Castelló d'Empúries,2026-06-29,0.0
W4,Vilafranca del Penedès - la Granada,2026-06-29,0.0
W5,Oliana,2026-06-29,0.0
W8,Blancafort,2026-06-29,0.0
W9,la Vall d'en Bas,2026-06-29,2.3
WA,Oliola,2026-06-29,0.0
WB,Albesa,2026-06-29,0.0
WC,Golmés,2026-06-29,0.0
WG,Algerri,2026-06-29,0.0
WI,Maials,2026-06-29,0.0
WJ,el Masroig,2026-06-29,0.0
WK,Alfarràs,2026-06-29,0.0
WL,Sant Martí de Riucorb,2026-06-29,0.0
WM,Santuari de Queralt,2026-06-29,0.0
WN,Montserrat - Sant Dimes,2026-06-29,4.5
WO,la Bisbal del Penedès,2026-06-29,0.0
WP,Canaletes,2026-06-29,0.0
WQ,Montsec d'Ares (1.571 m),2026-06-29,0.1
WR,Torroja del Priorat,2026-06-29,0.0
WS,Viladrau,2026-06-29,0.0
WT,Malgrat de Mar,2026-06-29,0.0
WU,Badalona - Museu,2026-06-29,0.0
WV,Guardiola de Berguedà,2026-06-29,0.0
WW,Artés,2026-06-29,0.0
WX,Camarasa,2026-06-29,0.0
WZ,Cunit,2026-06-29,0.0
X1,Falset,2026-06-29,0.0
X3,Alguaire,2026-06-29,0.0
X4,Barcelona - el Raval,2026-06-29,0.0
X5,PN dels Ports,2026-06-29,0.0
X6,Baldomar,2026-06-29,0.0
X7,Torres de Segre,2026-06-29,0.0
X8,Barcelona - Zona Universitària,2026-06-29,0.0
X9,Caldes de Montbui,2026-06-29,0.0
XA,la Panadella,2026-06-29,0.0
XB,la Llacuna,2026-06-29,0.0
XC,Castellbisbal,2026-06-29,0.0
XD,Ulldemolins,2026-06-29,0.0
XE,Tarragona - Complex Educatiu,2026-06-29,0.0
XF,Sabadell - Parc Agrari,2026-06-29,0.0
XG,Parets del Vallès,2026-06-29,0.0
XH,Sort,2026-06-29,0.0
XI,Mollerussa,2026-06-29,0.0
XJ,Girona,2026-06-29,1.6
XK,Puig Sesolles (1.666 m),2026-06-29,0.1
XL,el Prat de Llobregat,2026-06-29,0.0
XM,els Alamús,2026-06-29,0.0
XN,Seròs,2026-06-29,0.0
XO,Vic,2026-06-29,0.0
XP,Gandesa,2026-06-29,0.0
XQ,Tremp,2026-06-29,0.0
XR,Prades,2026-06-29,0.0
XS,Santa Coloma de Farners,2026-06-29,70.8
XT,Solsona,2026-06-29,0.0
XU,Canyelles,2026-06-29,0.0
XV,Sant Cugat del Vallès - CAR,2026-06-29,2.0
XX,Anglesola - Tornabous,2026-06-29,0.0
XY,Alcarràs,2026-06-29,0.0
XZ,Torroella de Fluvià,2026-06-29,0.5
Y4,Alinyà,2026-06-29,0.0
Y5,Navata,2026-06-29,0.6
Y6,Tivissa,2026-06-29,0.0
YA,Puigcerdà,2026-06-29,8.8
YB,Olot,2026-06-29,5.2
YC,la Pobla de Segur,2026-06-29,0.6
YD,les Borges Blanques,2026-06-29,0.0
YE,Massoteres,2026-06-29,0.0
YF,Miami Platja,2026-06-29,0.0
YG,Tírvia,2026-06-29,0.0
YH,Pujalt,2026-06-29,0.0
YJ,Lleida - la Femosa,2026-06-29,0.0
YK,Terrassa,2026-06-29,0.0
YL,Riudecanyes,2026-06-29,0.0
YM,Granollers,2026-06-29,0.0
YN,Vielha - Elipòrt,2026-06-29,0.1
YO,Sant Sadurní d'Anoia,2026-06-29,0.0
YP,Palafrugell,2026-06-29,0.0
YQ,Port de Barcelona - ZAL Prat,2026-06-29,0.0
YR,Vilanova i la Geltrú,2026-06-29,0.0
YS,Cabanes,2026-06-29,0.0
YT,Bonabé (1.691 m),2026-06-29,2.0
YU,Cantonigròs,2026-06-29,0.0
YV,Mataró,2026-06-29,0.0
YX,Batea,2026-06-29,0.0
YY,Viladecans - les Filipines,2026-06-29,0.0
Z1,Bonaigua (2.262 m),2026-06-29,2.0
Z2,Boí (2.537 m),2026-06-29,0.0
Z3,Malniu (2.229 m),2026-06-29,7.0
Z5,Certascan (2.398 m),2026-06-29,1.7
Z6,Sasseuva (2.226 m),2026-06-29,0.3
Z7,Espot (2.519 m),2026-06-29,0.3
Z9,Cadí Nord (2.145 m) - Prat d'Aguiló,2026-06-29,4.9
ZB,Salòria (2.451 m),2026-06-29,0.0
ZC,Ulldeter (2.413 m),2026-06-29,8.4
ZE,el Port del Comte (2.288 m),2026-06-29,0.0
C6,Castellnou de Seana,2026-06-30,0.0
C7,Tàrrega,2026-06-30,0.0
C8,Cervera,2026-06-30,0.0
C9,Mas de Barberans,2026-06-30,0.0
CC,Orís,2026-06-30,0.0
CD,la Seu d'Urgell - Bellestar,2026-06-30,0.0
CE,els Hostalets de Pierola,2026-06-30,0.0
CG,Molló - Fabert,2026-06-30,0.0
CI,Sant Pau de Segúries,2026-06-30,0.0
CJ,Organyà,2026-06-30,0.0
CL,Sant Salvador de Guardiola,2026-06-30,0.0
CP,Sant Romà d'Abella,2026-06-30,0.0
CQ,Vilanova de Meià,2026-06-30,0.0
CR,la Quar,2026-06-30,0.0
CT,el Pont de Suert,2026-06-30,0.0
CW,l'Espluga de Francolí,2026-06-30,0.0
CY,Muntanyola,2026-06-30,0.0
D1,Margalef,2026-06-30,0.0
D2,Vacarisses,2026-06-30,0.0
D3,Vallirana,2026-06-30,0.0
D4,Roses,2026-06-30,0.0
D5,Barcelona - Observatori Fabra,2026-06-30,0.0
D6,Portbou - coll dels Belitres,2026-06-30,0.0
D7,Vinebre,2026-06-30,0.0
D8,Horta de Sant Joan,2026-06-30,0.0
D9,el Vendrell,2026-06-30,0.0
DB,el Perelló,2026-06-30,0.0
DF,la Bisbal d'Empordà,2026-06-30,0.0
DG,Núria (1.971 m),2026-06-30,0.0
DI,Font-rubí,2026-06-30,0.0
DJ,Banyoles,2026-06-30,0.0
DK,Torredembarra,2026-06-30,0.0
DL,Illa de Buda,2026-06-30,0.0
DN,Anglès,2026-06-30,0.0
DO,Castell d'Aro,2026-06-30,0.0
DP,Das - Aeròdrom,2026-06-30,0.0
DQ,Vila-rodona,2026-06-30,0.0
H1,Òdena,2026-06-30,0.0
J5,Pantà de Darnius - Boadella,2026-06-30,0.0
KE,Pantà de Sau,2026-06-30,0.0
KP,Fogars de la Selva,2026-06-30,0.0
KX,la Roca del Vallès - ETAP Cardedeu,2026-06-30,0.0
M6,Sant Joan de les Abadesses,2026-06-30,0.0
MQ,Cardona,2026-06-30,0.0
MR,Pantà de Siurana,2026-06-30,0.0
MS,Castellar de n'Hug - el Clot del Moro,2026-06-30,0.0
MV,Guixers - Valls,2026-06-30,0.0
MW,Navès,2026-06-30,0.0
U2,Sant Pere Pescador,2026-06-30,0.0
U3,Sant Martí Sarroca,2026-06-30,0.0
U4,Castellnou de Bages,2026-06-30,0.0
U6,Vinyols i els Arcs - Cambrils,2026-06-30,0.0
U7,Aldover,2026-06-30,0.0
U9,l'Aldea,2026-06-30,0.0
UA,l'Ametlla de Mar,2026-06-30,0.0
UB,la Tallada d'Empordà,2026-06-30,0.0
UE,Torroella de Montgrí,2026-06-30,0.0
UF,PN del Garraf - el Rascler,2026-06-30,0.0
UH,el Montmell,2026-06-30,0.0
UI,Gisclareny,2026-06-30,0.0
UJ,Santa Coloma de Queralt,2026-06-30,0.0
UK,Sant Pere de Ribes - PN del Garraf,2026-06-30,0.0
UM,la Granadella,2026-06-30,0.0
UN,Cassà de la Selva,2026-06-30,0.0
UO,Fornells de la Selva,2026-06-30,0.0
UP,Cabrils,2026-06-30,0.0
UQ,Dosrius - PN Montnegre Corredor,2026-06-30,0.0
US,les Cases d'Alcanar,2026-06-30,0.0
UU,Amposta,2026-06-30,0.0
UW,els Alfacs,2026-06-30,0.0
UX,Ulldecona - els Valentins,2026-06-30,0.0
UY,Os de Balaguer - el Monestir d'Avellanes,2026-06-30,0.0
V1,Vallfogona de Balaguer,2026-06-30,0.0
V4,Montesquiu,2026-06-30,0.0
V5,Perafita,2026-06-30,0.0
V8,el Poal,2026-06-30,0.0
VA,Ascó,2026-06-30,0.0
VB,Benissanet,2026-06-30,0.0
VC,Pantà de Riba-roja,2026-06-30,0.0
VD,el Canós,2026-06-30,0.0
VH,Gimenells,2026-06-30,0.0
VK,Raimat,2026-06-30,0.0
VM,Vilanova de Segrià,2026-06-30,0.0
VO,Lladurs,2026-06-30,0.0
VP,Pinós,2026-06-30,0.0
VQ,Constantí,2026-06-30,0.0
VS,Lac Redon (2.245 m),2026-06-30,0.0
VU,Rellinars,2026-06-30,0.0
VV,Sant Llorenç Savall,2026-06-30,0.0
VX,Tagamanent - PN del Montseny,2026-06-30,0.0
VY,Nulles,2026-06-30,0.0
VZ,Espolla,2026-06-30,0.0
W1,Castelló d'Empúries,2026-06-30,0.0
W4,Vilafranca del Penedès - la Granada,2026-06-30,0.0
W5,Oliana,2026-06-30,0.0
W8,Blancafort,2026-06-30,0.0
W9,la Vall d'en Bas,2026-06-30,0.0
WA,Oliola,2026-06-30,0.0
WB,Albesa,2026-06-30,0.0
WC,Golmés,2026-06-30,0.0
WG,Algerri,2026-06-30,0.0
WI,Maials,2026-06-30,0.0
WJ,el Masroig,2026-06-30,0.0
WK,Alfarràs,2026-06-30,0.0
WL,Sant Martí de Riucorb,2026-06-30,0.0
WM,Santuari de Queralt,2026-06-30,0.0
WN,Montserrat - Sant Dimes,2026-06-30,0.0
WO,la Bisbal del Penedès,2026-06-30,0.0
WP,Canaletes,2026-06-30,0.0
WQ,Montsec d'Ares (1.571 m),2026-06-30,0.0
WR,Torroja del Priorat,2026-06-30,0.0
WS,Viladrau,2026-06-30,0.0
WT,Malgrat de Mar,2026-06-30,0.0
WU,Badalona - Museu,2026-06-30,0.0
WV,Guardiola de Berguedà,2026-06-30,0.0
WW,Artés,2026-06-30,0.0
WX,Camarasa,2026-06-30,0.0
WZ,Cunit,2026-06-30,0.0
X1,Falset,2026-06-30,0.0
X3,Alguaire,2026-06-30,0.0
X4,Barcelona - el Raval,2026-06-30,0.0
X5,PN dels Ports,2026-06-30,0.0
X6,Baldomar,2026-06-30,0.0
X7,Torres de Segre,2026-06-30,0.0
X8,Barcelona - Zona Universitària,2026-06-30,0.0
X9,Caldes de Montbui,2026-06-30,0.0
XA,la Panadella,2026-06-30,0.0
XB,la Llacuna,2026-06-30,0.0
XC,Castellbisbal,2026-06-30,0.0
XD,Ulldemolins,2026-06-30,0.0
XE,Tarragona - Complex Educatiu,2026-06-30,0.0
XF,Sabadell - Parc Agrari,2026-06-30,0.0
XG,Parets del Vallès,2026-06-30,0.0
XH,Sort,2026-06-30,0.0
XI,Mollerussa,2026-06-30,0.0
XJ,Girona,2026-06-30,0.0
XK,Puig Sesolles (1.666 m),2026-06-30,0.0
XL,el Prat de Llobregat,2026-06-30,0.0
XM,els Alamús,2026-06-30,0.0
XN,Seròs,2026-06-30,0.0
XO,Vic,2026-06-30,0.0
XP,Gandesa,2026-06-30,0.0
XQ,Tremp,2026-06-30,0.0
XR,Prades,2026-06-30,0.0
XS,Santa Coloma de Farners,2026-06-30,0.0
XT,Solsona,2026-06-30,0.0
XU,Canyelles,2026-06-30,0.0
XV,Sant Cugat del Vallès - CAR,2026-06-30,0.0
XX,Anglesola - Tornabous,2026-06-30,0.0
XY,Alcarràs,2026-06-30,0.0
XZ,Torroella de Fluvià,2026-06-30,0.0
Y4,Alinyà,2026-06-30,0.0
Y5,Navata,2026-06-30,0.0
Y6,Tivissa,2026-06-30,0.0
YA,Puigcerdà,2026-06-30,0.0
YB,Olot,2026-06-30,0.0
YC,la Pobla de Segur,2026-06-30,0.0
YD,les Borges Blanques,2026-06-30,0.0
YE,Massoteres,2026-06-30,0.0
YF,Miami Platja,2026-06-30,0.0
YG,Tírvia,2026-06-30,0.0
YH,Pujalt,2026-06-30,0.0
YJ,Lleida - la Femosa,2026-06-30,0.0
YK,Terrassa,2026-06-30,0.0
YL,Riudecanyes,2026-06-30,0.0
YM,Granollers,2026-06-30,0.0
YN,Vielha - Elipòrt,2026-06-30,0.0
YO,Sant Sadurní d'Anoia,2026-06-30,0.0
YP,Palafrugell,2026-06-30,0.0
YQ,Port de Barcelona - ZAL Prat,2026-06-30,0.0
YR,Vilanova i la Geltrú,2026-06-30,0.0
YS,Cabanes,2026-06-30,0.0
YT,Bonabé (1.691 m),2026-06-30,0.0
YU,Cantonigròs,2026-06-30,0.0
YV,Mataró,2026-06-30,0.0
YX,Batea,2026-06-30,0.0
YY,Viladecans - les Filipines,2026-06-30,0.0
Z1,Bonaigua (2.262 m),2026-06-30,0.0
Z2,Boí (2.537 m),2026-06-30,0.0
Z3,Malniu (2.229 m),2026-06-30,0.0
Z5,Certascan (2.398 m),2026-06-30,0.0
Z6,Sasseuva (2.226 m),2026-06-30,0.0
Z7,Espot (2.519 m),2026-06-30,0.0
Z9,Cadí Nord (2.145 m) - Prat d'Aguiló,2026-06-30,0.0
ZB,Salòria (2.451 m),2026-06-30,0.0
ZC,Ulldeter (2.413 m),2026-06-30,0.0
ZE,el Port del Comte (2.288 m),2026-06-30,0.0
